:020000040800F2
:1000000000000220A54A0008454900084D490008A3
:1000100051490008554900085949000800000000EE
:100020000000000000000000000000004979000806
:100030004949000800000000B97900085D4900083E
:10004000F54A0008F54A0008F54A0008F54A000894
:1000500000000000F54A0008F54A0008F54A0008CB
:10006000F54A0008F54A0008F54A0008F54A000874
:1000700075490008F54A000881490008F54A00085A
:100080008D49000899490008F54A0008F54A00081A
:10009000F54A0008F54A0008F54A0008F54A000844
:1000A000F54A0008F54A0008F54A0008F54A000834
:1000B000F54A0008F54A0008F54A0008F54A000824
:1000C000F54A0008F54A0008F54A0008F54A000814
:1000D000F54A0008C9490008D5490008E149000867
:1000E000F54A0008F54A0008F54A0008F54A0008F4
:1000F000F54A0008F54A0008F54A0008F54A0008E4
:10010000F54A0008F54A0008F54A0008F54A0008D3
:10011000F54A0008F54A0008F54A0008F54A0008C3
:10012000A5490008F54A0008B1490008F54A000849
:10013000F54A0008F54A0008F54A0008F54A0008A3
:10014000F54A0008F54A0008F54A0008F54A000893
:10015000F54A0008F54A0008BD490008F54A0008BC
:10016000F54A0008F54A0008F54A0008F54A000873
:10017000F54A0008F54A0008F54A0008F54A000863
:08018000F54A0008F54A0008E9
:1001C00010B5054C237833B9044B13B10448AFF391
:1001D00000800123237010BD3014002000000000B7
:1001E000D4E1000808B5034B1BB103490348AFF342
:1001F000008008BD0000000034140020D4E1000895
:1002000053B94AB9002908BF00281CBF4FF0FF317D
:100210004FF0FF3000F074B9ADF1080C6DE904CE79
:1002200000F006F8DDF804E0DDE9022304B07047D1
:100230002DE9F047089D04468E46002B4DD18A4299
:10024000944669D9B2FA82F252B101FA02F3C2F1CC
:10025000200120FA01F10CFA02FC41EA030E94405D
:100260004FEA1C48210CBEFBF8F61FFA8CF708FB7E
:1002700016E341EA034306FB07F199420AD91CEB56
:10028000030306F1FF3080F01F81994240F21C8188
:10029000023E63445B1AA4B2B3FBF8F008FB1033D0
:1002A00044EA034400FB07F7A7420AD91CEB040405
:1002B00000F1FF3380F00A81A74240F207816444D5
:1002C000023840EA0640E41B00261DB1D44000235A
:1002D000C5E900433146BDE8F0878B4209D9002DBE
:1002E00000F0EF800026C5E9000130463146BDE848
:1002F000F087B3FA83F6002E4AD18B4202D38242B2
:1003000000F2F980841A61EB030301209E46002D60
:10031000E0D0C5E9004EDDE702B9FFDEB2FA82F2B5
:10032000002A40F09280A1EB0C014FEA1C471FFA13
:100330008CFE0126200CB1FBF7F307FB131140EAFA
:1003400001410EFB03F0884208D91CEB010103F1C7
:10035000FF3802D2884200F2CB804346091AA4B289
:10036000B1FBF7F007FB101144EA01440EFB00FE5D
:10037000A64508D91CEB040400F1FF3102D2A645C2
:1003800000F2BB800846A4EB0E0440EA03409CE761
:10039000C6F12007B34022FA07FC4CEA030C20FA0E
:1003A00007F401FA06F31C43F9404FEA1C4900FA2E
:1003B00006F3B1FBF9F8200C1FFA8CFE09FB1811AB
:1003C00040EA014108FB0EF0884202FA06F20BD91E
:1003D0001CEB010108F1FF3A80F08880884240F26E
:1003E0008580A8F102086144091AA4B2B1FBF9F0B2
:1003F00009FB101144EA014100FB0EFE8E4508D9AD
:100400001CEB010100F1FF346CD28E456AD9023831
:10041000614440EA0840A0FB0294A1EB0E01A14216
:10042000C846A64656D353D05DB1B3EB080261EB84
:100430000E0101FA07F722FA06F3F1401F43C5E95E
:10044000007100263146BDE8F087C2F12003D84094
:100450000CFA02FC21FA03F3914001434FEA1C47D6
:100460001FFA8CFEB3FBF7F007FB10360B0C43EAC8
:10047000064300FB0EF69E4204FA02F408D91CEB78
:10048000030300F1FF382FD29E422DD90238634476
:100490009B1B89B2B3FBF7F607FB163341EA034116
:1004A00006FB0EF38B4208D91CEB010106F1FF3865
:1004B00016D28B4214D9023E6144C91A46EA00465C
:1004C00038E72E46284605E70646E3E61846F8E6EE
:1004D0004B45A9D2B9EB020864EB0C0E0138A3E737
:1004E0004646EAE7204694E74046D1E7D0467BE718
:1004F000023B614432E7304609E76444023842E790
:10050000704700BF844641EA000313F003036DD136
:10051000403A41D351F8043B40F8043B51F8043BC6
:1005200040F8043B51F8043B40F8043B51F8043BCD
:1005300040F8043B51F8043B40F8043B51F8043BBD
:1005400040F8043B51F8043B40F8043B51F8043BAD
:1005500040F8043B51F8043B40F8043B51F8043B9D
:1005600040F8043B51F8043B40F8043B51F8043B8D
:1005700040F8043B51F8043B40F8043B51F8043B7D
:1005800040F8043B51F8043B40F8043B51F8043B6D
:1005900040F8043B403ABDD2303211D351F8043B0D
:1005A00040F8043B51F8043B40F8043B51F8043B4D
:1005B00040F8043B51F8043B40F8043B103AEDD2BC
:1005C0000C3205D351F8043B40F8043B043AF9D20D
:1005D000043208D0D2071CBF11F8013B00F8013BE0
:1005E00001D30B8803806046704700BF082A13D3ED
:1005F0008B078DD010F003038AD0C3F10403D21A05
:10060000DB071CBF11F8013B00F8013B80D331F838
:10061000023B20F8023B7BE7043AD9D3013A11F8B8
:10062000013B00F8013BF9D20B7803704B78437023
:100630008B78837060467047000000000000000067
:10064000A2EB0300704700BF02780B78012A28BF95
:100650009A42F5D16DE9044540EA0104CDE902670B
:100660006FF0000C4FEA447212B380EA010414F0F8
:10067000070F6AD100F0070420F0070004F003051B
:1006800021F007014FEAC505F0E8042314F0040F38
:10069000F1E804670CFA05F462EA040266EA04066B
:1006A0000AD063EA0403624667EA0407664603E089
:1006B000F0E80423F1E8046782FA4CF582EA0604C4
:1006C000A4FA8CF46CBB83FA4CF583EA0705A5FA0F
:1006D0008CF595B950E9022351E9026782FA4CF58D
:1006E00082EA0604A4FA8CF483FA4CF583EA07053F
:1006F000A5FA8CF52543DBD09CB92DBAB5FA85F463
:1007000024F0070427FA04F1DDE9026723FA04F371
:1007100003F0FF0001F0FF01FDE80445A0EB01003C
:10072000704724BAB4FA84F424F0070426FA04F1DA
:10073000DDE9026722FA04F202F0FF0001F0FF0196
:10074000FDE80445A0EB0100704714F0030F3CD115
:1007500010F0030428D150F8082B51F8083B82FA16
:100760004CF582EA0305A5FA8CF55DB950F8042C26
:1007700051F8043C82FA4CF582EA0305A5FA8CF59F
:10078000002DE8D02DBAB5FA85F424F0070423FA39
:1007900004F122FA04F202F0FF0001F0FF01FDE88B
:1007A0000445A0EB010070474FEAC40420F00300A9
:1007B00050F8082B21F0030151F8083B0CFA04F41F
:1007C00062EA040263EA0403C9E710F003041AD0E2
:1007D000A1EB040120F00300E40750F8042B06D03D
:1007E0000FD28B785FFAA2F4E41A06D12BB1CB7842
:1007F0005FFAB2F4E41A00D11BB920465DF8104B41
:10080000704701F1040150F8042BCC0721F00301DB
:1008100051F8043B48D824D222F07F4482FA4CF5A8
:1008200094EA1325A5FA8CF50AD165B951F8043B71
:1008300084EA0204B4EB036F0ED150F8042BEBE70B
:100840004FEA132355E035F07F454DD10878FDE898
:100850000445C0F1000070474FEA126203F0FF0345
:1008600047E002EA1C4482FA4CF594EA1345A5FAE3
:100870008CF50AD165B951F8043B84EA0204B4EB63
:10088000034F0CD150F8042BEBE74FEA134330E051
:1008900015EA1C4528D10B884FEA124229E04FEA9D
:1008A000124203EA1C4324E002F0FF0482FA4CF5F2
:1008B00094EA1365A5FA8CF50AD165B951F8043BA1
:1008C00084EA0204B4EB032F09D150F8042BEBE7C0
:1008D0004FEA13630DE015F0FF0F05D10B684FEAE7
:1008E000122223F07F4304E04FF00000FDE80445AE
:1008F000704712BA1BBA82FA4CF482EA0304A4FAD3
:100900008CF5B5FA85F402FA04F203FA04F34FEA1F
:100910001260FDE80445A0EB136070470000000082
:1009200000000000000000000000000000000000C7
:1009300000000000000000000000000000000000B7
:1009400090F800F06DE9024520F007016FF0000C0F
:1009500010F0070491F820F040F049804FF00004B7
:100960006FF00700D1E9002391F840F000F1080092
:1009700082FA4CF2A4FA8CF283FA4CF3A2FA8CF3CA
:100980004BBBD1E9022382FA4CF200F10800A4FA31
:100990008CF283FA4CF3A2FA8CF3E3B9D1E9042385
:1009A00082FA4CF200F10800A4FA8CF283FA4CF3BC
:1009B000A2FA8CF37BB9D1E9062301F1200182FA76
:1009C0004CF200F10800A4FA8CF283FA4CF3A2FA7C
:1009D0008CF3002BC6D0002A04BF04301A4612BA8A
:1009E000B2FA82F2FDE8024500EBD2007047D1E98D
:1009F000002304F00305C4F100004FEAC50514F01C
:100A0000040F91F840F00CFA05F562EA05021CBFEC
:100A100063EA050362464FF00004A9E70000000006
:100A200001F0FF01102A2BDB10F0070F08D010F89F
:100A3000013B013A8B422DD010F0070F42B3F6D1A3
:100A4000F0B441EA012141EA014122F007047FF0BC
:100A500000070023F0E80256083C85EA010586EA13
:100A6000010685FA47F5A3FA87F586FA47F6A5FA4F
:100A700087F68EB9EED1F0BC01F0FF0102F007025B
:100A800032B110F8013B013A83EA010313B1F8D106
:100A90000020704701387047002D06BF35460338E7
:100AA000073815F0010F07D1013015F4807F02BF20
:100AB000013015F4C03F0130F0BC0138704700BF71
:100AC00081F0004102E000BF83F0004330B54FEAFF
:100AD00041044FEA430594EA050F08BF90EA020F6C
:100AE0001FBF54EA000C55EA020C7FEA645C7FEAFF
:100AF000655C00F0E2804FEA5454D4EB5555B8BF22
:100B00006D420CDD2C4480EA020281EA030382EA92
:100B1000000083EA010180EA020281EA0303362D24
:100B200088BF30BD11F0004F4FEA01314FF4801CF7
:100B30004CEA113102D0404261EB410113F0004F09
:100B40004FEA03334CEA133302D0524263EB4303C0
:100B500094EA050F00F0A780A4F10104D5F1200E5E
:100B60000DDB02FA0EFC22FA05F2801841F10001B9
:100B700003FA0EF2801843FA05F359410EE0A5F18D
:100B800020050EF1200E012A03FA0EFC28BF4CF0BE
:100B9000020C43FA05F3C01851EBE37101F0004574
:100BA00007D54FF0000EDCF1000C7EEB00006EEB81
:100BB0000101B1F5801F1BD3B1F5001F0CD349080B
:100BC0005FEA30004FEA3C0C04F101044FEA445262
:100BD00012F5800F80F09A80BCF1004F08BF5FEAE9
:100BE000500C50F1000041EB045141EA050130BDC9
:100BF0005FEA4C0C404141EB0101013C28BFB1F5DB
:100C0000801FE9D291F0000F04BF01460020B1FA25
:100C100081F308BF2033A3F10B03B3F120020CDAF8
:100C20000C3208DD02F1140CC2F10C0201FA0CF0D6
:100C300021FA02F10CE002F11402D8BFC2F1200C3B
:100C400001FA02F120FA0CFCDCBF41EA0C019040F1
:100C5000E41AA2BF01EB0451294330BD6FEA04043A
:100C60001F3C1CDA0C340EDC04F11404C4F1200225
:100C700020FA04F001FA02F340EA030021FA04F337
:100C800045EA030130BDC4F10C04C4F1200220FA8E
:100C900002F001FA04F340EA0300294630BD21FACC
:100CA00004F0294630BD94F0000F83F4801306BF92
:100CB00081F480110134013D4EE77FEA645C18BF86
:100CC0007FEA655C29D094EA050F08BF90EA020F1D
:100CD00005D054EA000C04BF1946104630BD91EA15
:100CE000030F1EBF0021002030BD5FEA545C05D118
:100CF0004000494128BF41F0004130BD14F5800457
:100D00003CBF01F5801130BD01F0004545F0FE41CA
:100D100041F470014FF0000030BD7FEA645C1ABFFF
:100D2000194610467FEA655C1CBF0B46024650EA36
:100D3000013406BF52EA033591EA030F41F4002162
:100D400030BD00BF90F0000F04BF0021704730B5E8
:100D50004FF4806404F132044FF000054FF00001BD
:100D600050E700BF90F0000F04BF0021704730B57E
:100D70004FF4806404F1320410F0004548BF404253
:100D80004FF000013EE700BF42004FEAE2014FEAA8
:100D900031014FEA02701FBF12F07F4393F07F4F83
:100DA00081F06051704732F07F4208BF704793F086
:100DB0007F4F04BF41F40021704730B54FF4607499
:100DC00001F0004521F000411CE700BF50EA01029C
:100DD00008BF704730B54FF000050AE050EA010245
:100DE00008BF704730B511F0004502D5404261EBB5
:100DF00041014FF4806404F132045FEA915C3FF4F6
:100E0000D8AE4FF003025FEADC0C18BF03325FEA92
:100E1000DC0C18BF033202EBDC02C2F1200300FA43
:100E200003FC20FA02F001FA03FE40EA0E0021FA68
:100E300002F11444BDE600BF70B54FF0FF0C4CF456
:100E4000E06C1CEA11541DBF1CEA135594EA0C0F08
:100E500095EA0C0F00F0DEF82C4481EA030621EA43
:100E60004C5123EA4C5350EA013518BF52EA03357E
:100E700041F4801143F4801338D0A0FB02CE4FF030
:100E80000005E1FB02E506F00042E0FB03E54FF060
:100E90000006E1FB03569CF0000F18BF4EF0010E58
:100EA000A4F1FF04B6F5007F64F5407404D25FEA54
:100EB0004E0E6D4146EB060642EAC62141EA555107
:100EC0004FEAC52040EA5E504FEACE2EB4F1FD0C49
:100ED00088BFBCF5E06F1ED8BEF1004F08BF5FEAC7
:100EE000500E50F1000041EB045170BD06F0004679
:100EF00046EA010140EA020081EA0301B4EB5C0426
:100F0000C2BFD4EB0C0541EA045170BD41F480111D
:100F10004FF0000E013C00F3AB8014F1360FDEBF42
:100F2000002001F0004170BDC4F10004203C35DA1E
:100F30000C341BDC04F11404C4F1200500FA05F3A1
:100F400020FA04F001FA05F240EA020001F0004242
:100F500021F0004110EBD37021FA04F642EB0601B8
:100F60005EEA430E08BF20EAD37070BDC4F10C04E2
:100F7000C4F1200500FA04F320FA05F001FA04F2A6
:100F800040EA020001F0004110EBD37041F1000192
:100F90005EEA430E08BF20EAD37070BDC4F120059D
:100FA00000FA05F24EEA020E20FA04F301FA05F205
:100FB00043EA020321FA04F001F0004121FA04F2AD
:100FC00020EA020000EBD3705EEA430E08BF20EA7D
:100FD000D37070BD94F0000F0FD101F000464000B7
:100FE00041EB010111F4801F08BF013CF7D041EA39
:100FF000060195F0000F18BF704703F0004652003D
:1010000043EB030313F4801F08BF013DF7D043EA0D
:101010000603704794EA0C0F0CEA135518BF95EAC3
:101020000C0F0CD050EA410618BF52EA4306D1D14A
:1010300081EA030101F000414FF0000070BD50EA69
:10104000410606BF1046194652EA430619D094EAF3
:101050000C0F02D150EA013613D195EA0C0F05D1DD
:1010600052EA03361CBF104619460AD181EA030131
:1010700001F0004141F0FE4141F470014FF00000E9
:1010800070BD41F0FE4141F4780170BD70B54FF084
:10109000FF0C4CF4E06C1CEA11541DBF1CEA135504
:1010A00094EA0C0F95EA0C0F00F0A7F8A4EB0504E6
:1010B00081EA030E52EA03354FEA013100F08880DD
:1010C0004FEA03334FF0805545EA131343EA1263A6
:1010D0004FEA022245EA111545EA10654FEA00265B
:1010E0000EF000419D4208BF964244F1FD0404F514
:1010F000407402D25B084FEA3202B61A65EB030570
:101100005B084FEA32024FF480104FF4002CB6EB2C
:10111000020E75EB030E22BFB61A754640EA0C00AC
:101120005B084FEA3202B6EB020E75EB030E22BFEC
:10113000B61A754640EA5C005B084FEA3202B6EB2D
:10114000020E75EB030E22BFB61A754640EA9C00EC
:101150005B084FEA3202B6EB020E75EB030E22BFBC
:10116000B61A754640EADC0055EA060E18D04FEA7A
:10117000051545EA16754FEA06164FEAC30343EA1A
:1011800052734FEAC2025FEA1C1CC0D111F4801FE7
:101190000BD141EA00014FF000004FF0004CB6E7E0
:1011A00011F4801F04BF01430020B4F1FD0C88BF7F
:1011B000BCF5E06F3FF6AFAEB5EB030C04BFB6EB8A
:1011C000020C5FEA500C50F1000041EB045170BD7D
:1011D0000EF0004E4EEA113114EB5C04C2BFD4EBAA
:1011E0000C0541EA045170BD41F480114FF0000E2E
:1011F000013C90E645EA060E8DE60CEA135594EAAA
:101200000C0F08BF95EA0C0F3FF43BAF94EA0C0FAC
:101210000AD150EA01347FF434AF95EA0C0F7FF421
:1012200025AF104619462CE795EA0C0F06D152EA75
:1012300003353FF4FDAE1046194622E750EA410659
:1012400018BF52EA43067FF4C5AE50EA41047FF46A
:101250000DAF52EA43057FF4EBAE12E74FF0FF3CCF
:1012600006E000BF4FF0010C02E000BF4FF0010CA0
:101270004DF804CD4FEA410C7FEA6C5C4FEA430C19
:1012800018BF7FEA6C5C1BD001B050EA410C0CBF68
:1012900052EA430C91EA030F02BF90EA020F0020CA
:1012A000704710F1000F91EA030F58BF994208BF31
:1012B00090422CBFD8176FEAE37040F001007047EE
:1012C0004FEA410C7FEA6C5C02D150EA013C07D145
:1012D0004FEA430C7FEA6C5CD6D152EA033CD3D090
:1012E0005DF8040B704700BF8446104662468C468A
:1012F0001946634600E000BF01B5FFF7B7FF0028BD
:1013000048BF10F1000F01BD4DF808EDFFF7F4FFE5
:101310000CBF012000205DF808FB00BF4DF808ED70
:10132000FFF7EAFF34BF012000205DF808FB00BF93
:101330004DF808EDFFF7E0FF94BF012000205DF8B5
:1013400008FB00BF4DF808EDFFF7CEFF94BF01206A
:1013500000205DF808FB00BF4DF808EDFFF7C4FF63
:1013600034BF012000205DF808FB00BF4FEA410CAC
:101370007FEA6C5C02D150EA013C0AD14FEA430C8F
:101380007FEA6C5C02D152EA033C02D14FF00000CC
:1013900070474FF0010070474FEA410212F500120A
:1013A00015D211D56FF47873B3EB625212D94FEAAC
:1013B000C12343F0004343EA505311F0004F23FA96
:1013C00002F018BF404270474FF00000704750EAEB
:1013D000013005D111F0004008BF6FF000407047A8
:1013E0004FF00000704700BF08B500F097FFFEE720
:1013F00070B54E4CA278A169237886B022440025AE
:10140000D278049194F86E10009501958DF8012022
:101410008DF80410627805954FF46071CDE902559E
:101420008DF800308DF80320ADF8141053B1042B63
:1014300032D0052B48D0062B3CD0002A50D10123B6
:101440008DF8023094F850302BB139491822684693
:1014500006F0D4FCC0B1684601F02AF8B0B1EC4601
:10146000BCE80F00324D94F86E600FC59CE8030095
:101470004FF0010E85E8030084F850E026B1002308
:1014800084F86E3084F86DE006B070BD84F85100C9
:1014900084F8520006B070BD22696369322101FBF5
:1014A00002F2029201FB03F340F201120493ADF841
:1014B0000220C7E723691F4A0492CDE9023540F2B2
:1014C0000113ADF80230BDE71A4A04924FF4FA70E6
:1014D000002140F20113CDE90201ADF80230B1E77D
:1014E000A06801F039F894F86F307BB1626F6AB18F
:1014F000114E2B464FEA520CA0FB060506FB01518C
:1015000010EB0C0041F10001FEF77AFEE3681818B9
:1015100041EBE373012873F10002BCBF01200023FB
:101520000122CDE902038DF802208BE700000020A4
:101530003800002020A1070040787D0138B5104C0C
:1015400094F86C30D3B994F85930BBB994F8615021
:10155000A5B90C4A656540F201114FF00113A4F8DA
:101560005850A4F862502180A260E36684F870505D
:10157000656703F00BFB84F85050A06738BD00BFCF
:1015800000000020A086010038B5431E022B09D8B8
:101590000E4D95F859302BB995F86C3013B995F874
:1015A000613003B138BD4FF480720446EB606B6567
:1015B000A5F8582003F0EAFA0346EB65204685F8C3
:1015C0006040BDE8384001F0A7BA00BF000000202D
:1015D0002DE9F04FCBB005F0B7FC1090FFF708FFF6
:1015E000414CDFF808A1DFF80881DFF808910025F9
:1015F00014A800F00BFF20B19DF85030042B00F030
:101600000085002384F8513084F8523001F050FBFB
:10161000064601F081FC94F859300746002B40F053
:101620007E8494F86130002B40F0688494F884B094
:10163000BBF1000F40F04384F00700F1B584B1071F
:1016400000F14A85720704D594F86C30002B00F045
:10165000D484330740F1B78394F85930002B00F05D
:10166000AF83A7F13003122B14D8DFE813F0520335
:10167000100310031003F902F902F902130013001A
:1016800013001300130013001300130013001300C2
:1016900075037B0394F86C30002B40F0218326F017
:1016A0000806B6B2002E40F0E58211A800F0EAFF6D
:1016B000002835D09DF84430013B102B00F21D86E8
:1016C000DFE813F061025B025202B202A1022502BE
:1016D000160245023102BB02FF01EB01DA01A00153
:1016E000820175011A0000BF00000020DCE4000840
:1016F000F4E4000880841E00129B5A1E022A04D8BB
:1017000094F86020934200F00285C14801F0F2F99C
:10171000002311A884F8503000F0B4FF0028C9D18C
:1017200094F87C300646002B40F006840135EDB27B
:10173000FFF75EFE092D40F2358194F8513094F8A0
:101740008450002B14BF4FF4FC664FF47846002DF4
:1017500040F00B84237803F0FD02042A00F0038498
:10176000052B04D06378002B00F07885A56894F8E9
:10177000587007B1656D002002F02EFB4FF01F0B73
:1017800000210846CDF800B00E23A02202F030FB65
:10179000A04ACDF800B04FF6FF730221042002F0FA
:1017A00037FB00209C4A009040F2FF73142102F0A6
:1017B0002FFB2378013BDBB2052B4FF0000B94BFCE
:1017C0005AF82320954ACDF800B04FF6FF73142144
:1017D000302002F01DFB6378002B40F089844FF02D
:1017E000000B8F4ACDF800B040F2FF732421584619
:1017F00002F00EFBA378CDF800B018F803202421E6
:101800004FF6FF73302002F015FB864ACDF800B08A
:1018100040F2FF732421502002F0FAFAA378CDF8A9
:1018200000B023442421DA7878204FF6FF7302F0C9
:1018300001FB7D4ACDF800B040F2FF7334215846D9
:1018400002F0E6FACDF800B02A464FF6FF733421D5
:10185000302002F0EFFA002F00F09383734ACDF8A6
:1018600000B04FF6E0733421642002F0D1FA704AE0
:10187000704FDFF800B2002548F210433421782081
:10188000009502F0C5FA6C4A009540F2FF734421BE
:10189000284602F0BDFA637F0095AB420BBF4FF4C0
:1018A00078434FF4FC633A465A464421302002F014
:1018B000AFFA624A009540F2FF734421582002F0CB
:1018C000A7FAA37F0095AB4215BF4FF478434FF4BE
:1018D000FC635A463A464421782002F099FA236E76
:1018E00033F0FF0340F0D183E36E23F47F0323F44E
:1018F0007F4323B994F87050002D00F083840020BA
:1019000040F2FF734E4A0090542102F081FA94F89D
:101910006C30002B40F0F78394F86F30494A002B6D
:10192000494B0EBF4FF478431A464FF4FC63002531
:1019300000955421282002F06BFA94F86F30002BA8
:1019400040F01D840025414A009540F2FF73642158
:10195000284602F05DFA94F851003D493D4A009551
:10196000A84208BF0A4633466421302002F050FAEC
:1019700094F852303849394A0095AB4208BF0A46BC
:101980004FF6E0734FF0640118BF4FF4FC63702012
:1019900002F03EFA324A009548F21043742128467C
:1019A00002F036FA142110A805F006FA20E694F8A1
:1019B00061302BB194F86430129A9A4200F0BD83E2
:1019C000284801F097F8A3E6129B40F24C4293425C
:1019D00000F049834CF2EC22934200F04483224A07
:1019E000934200F04083002B40F038836365A4F8F5
:1019F0005830238084F85030FFF7FAFC1B4801F080
:101A000079F885E600231A48238001F073F87FE611
:101A100004E4000824E4000834E40008F0E10008CD
:101A200044E400084CE4000854E40008A0E4000882
:101A3000F8E1000800E200085CE4000864E4000843
:101A400070E4000808E2000814E2000880E40008DE
:101A500020E2000818E2000828E2000810E200086E
:101A600088E40008E4E3000814630100B8E3000818
:101A7000C0E2000804E2000840F2051323800A20B7
:101A800042F21073C4E90403002384F85030FFF7D6
:101A9000AFFCB84801F02EF83AE6129B212B00F279
:101AA0006682236142F210736361002384F8503030
:101AB0004FF483732380FFF79BFCAF4801F01AF8C3
:101AC00026E6DDE91223002B40F0D08140F2FE63D0
:101AD000A2F10A01994200F2E28142F21073C4E9D4
:101AE0000423A6484FF48273238001F003F80FE625
:101AF000129A02F5742303F510734B4503D86378EB
:101B0000002B40F02E839E4800F0F4FF00E6129B6D
:101B10009C4AA3F57A71914296BF9B489B48A3606B
:101B200000F0E8FFF4E51299994B994200F2248203
:101B30000026984A00233046FEF762FB84F8506086
:101B4000A061FFF755FC944800F0D4FFE0E512983F
:101B500000F01EFD0023A06184F85030FFF748FC20
:101B60008E4800F0C7FFD3E59DF8453023708C48C0
:101B70000023637000F0BEFFCAE50123894823807B
:101B800000F0B8FFC4E5237803F0FD02042A00F05A
:101B9000E281052B00F009836078002800F056836D
:101BA000A2682169013BDBB2052B40F2D8817E4B54
:101BB0000090CDE90221A27818F802200192227F3C
:101BC0000E92626F0D9294F86F200C92E27F0B924E
:101BD00094F851200A9294F852200992A27F089218
:101BE00094F83120079294F830200692627F059293
:101BF00062690492C0216D4A1AA806F083F91AA8F6
:101C000000F078FF84E5129B022B00F04683042B42
:101C100000F04C83062B00F04D83082B00F04C8322
:101C2000634800F067FF73E59DF845302370614815
:101C30000123637000F05EFF6AE5129B022B00F047
:101C40003281042B00F03083062B00F03183082B07
:101C500008BF032100F02881574800F04BFF57E5EB
:101C6000A7F13300C0B2FFF78FFC94F86CB0BBF162
:101C7000000F35D1012000F0E9FF0F2005F0DEF85C
:101C8000002000F0E3FF002384F850300DE594F8C5
:101C90006120002A60D194F8592094F86CB0002A91
:101CA0005CD1BBF1000F1BD1DFB20123238084F88C
:101CB0006130424BC4F854B084F858B0A4F862B014
:101CC000A36184F8647002F061FFA066384684F86E
:101CD00050B000F03DFF94F86CB0BBF1000FC9D0DC
:101CE00002F054FFA36FC01A40F6B733984207D9E9
:101CF000002384F86C3084F86E30012384F870304F
:101D000026F00806B6B2002EB4D1BBF1000FB1D157
:101D1000CBE494F88430FBB994F8593094F86CB063
:101D2000E3B9BBF1000FDBD194F86130002BA1D1F6
:101D3000237884F88530637884F886300123584608
:101D400084F8843040F2051384F850B0238002F008
:101D500043F8584601F094FC94F86CB0BBF1000FC6
:101D600088D0BDE7FFF7EAFB94F86CB0BBF1000F39
:101D700080D0B5E7ACE3000894E300087CE30008FA
:101D800058E30008B88201000CE3000818E30008DB
:101D90003F7E0500407E050030E3000824E3000894
:101DA000DCE20008CCE20008F0E1000830E20008C4
:101DB000F4E20008E8E2000870E30008499FF40933
:101DC0000120FFF7E1FBA7F13003122B3FF662ACD5
:101DD00001A252F823F000BF131D00088F1C000859
:101DE0008F1C00088F1C0008611C0008611C000883
:101DF000611C000895160008951600089516000845
:101E00009516000895160008951600089516000806
:101E1000951600089516000895160008251E00085E
:101E2000651D000894F85930002B95D194F86CB0DA
:101E3000BBF1000F7FF454AF94F86130002B7FF4B6
:101E400019AF2378013B022B84BF01232370A378B1
:101E5000013303F00303A37000236370636584F808
:101E60005830A4F8623084F8503003E740F2FE6145
:101E7000A2F10A00884212D8A3F1C80042F24861D8
:101E800088420CD8A1F17551A1F54311C848A1F6BB
:101E90001F2101FB03F1B0EBF10F80F0F681C54883
:101EA00000F028FE34E40021139B5A1E7E2A3FF6E0
:101EB000D3AE2144C048CB7000F01CFE28E4442F70
:101EC0007FF4F3AB002694F885302370304694F805
:101ED0008630637084F8846084F8506001F07CFF81
:101EE000012001F0CDFB012000F0B0FE0F2004F036
:101EF000A5FF304600F0AAFEFFF7D7BB02F046FE72
:101F0000A36EC01A43F6972398427FF68FAB002347
:101F100084F86130012384F86330FFF787BB02F057
:101F200035FEE36DC01A42F6DF63984284BF00239A
:101F300084F85930FFF775BB02F028FED4F88030E2
:101F4000C01A77287FF6F2AB304600F07FFE84F8A7
:101F50007C60FFF7EBBB22691146013BDBB25AF80C
:101F60002330607824E6256901E400251AE59348CA
:101F700000F0C0FDFFF7CCBB914800F0BBFDFFF7C0
:101F8000C7BB904A00974FF6E0733421642001F0FC
:101F90003FFF23781A1F012A40F2EE808A4A8B49BC
:101FA000062B18BF0A4663E494F85930002B7FF4DF
:101FB00049AB94F86C30002B40F0598194F86130B3
:101FC0004BB90123C4F854B084F858B0A4F862B0F7
:101FD00084F850B02380B3077FF534AB94F86130B8
:101FE00043B9636584F85830A4F8623084F85030FF
:101FF0000223238071077FF52CABFFF79FFAFFF7D1
:1020000028BB9DF8533084F8523014AF0FCF704E78
:1020100094F86CC00FC697E803004FF0010B86E8F8
:10202000030084F851B0BCF1000F07D094F86D3074
:1020300023B19DF85530002B40F0408194F850308A
:10204000002B3FF4E3AABDF86620238F9A4200F0EC
:102050001381002384F85030FFF7D8BA5D4800F0B0
:1020600049FDFFF755BB6365A360002384F850303A
:102070000123A4F8583040F201132380FFF7B8F988
:10208000554800F037FDFFF743BB544A009540F236
:10209000FF735421284601F0BBFE4FF6FF7394F8FE
:1020A000642000955421282001F0C4FE94F861308A
:1020B000002B76D194F86230494AAB42494B0EBFAF
:1020C0004FF478431A464FF4FC6300210091382006
:1020D000542101F09DFE35E494F85930002B7FF433
:1020E000B1AA94F86C30002B3FF478AFFFF7B1BA87
:1020F0003D4ACDF800B04FF6E0731421782001F08E
:1021000087FEFFF76CBB394A4FF6E0730FE4139B71
:10211000012B3FF6FAAA0023354884F860300126E7
:1021200000F0E8FC84F87C6002F030FDC4F8800028
:10213000304600F08BFDFFF7EBBA139B012B3FF607
:102140003FAC83F0010203F0010384F8623002F037
:10215000010384F863300023264884F861300126A7
:10216000DEE70023E26084F85030FFF741F92248AF
:1021700000F0C0FCFFF7CCBA204AFFF779BB204A39
:10218000009548F210435421482001F041FE626F4F
:1021900000954FF6FF735421502001F04BFEFFF7DE
:1021A000D1BB124A4FF6E0738FE721690022D4E6D3
:1021B00014AE470188E3000864E30008A0E30008C8
:1021C0003CE30008A0E50008FCE10008F8E1000895
:1021D0001C000020C4E30008B8E3000868E400081D
:1021E00008E2000814E200083CE4000810E20008DD
:1021F000F4E30008D4E300084CE300082CE50008F1
:1022000074E4000828463F4A009540F2FF735421C9
:1022100001F0FEFD94F8302000954FF6FF73542135
:10222000282001F007FE384A009548F21043542157
:10223000482001F0EDFD94F8312000954FF6FF7332
:102240005421582001F0F6FDFFF77CBB626A002A9A
:102250003FF4A7AC2D49B1FBF2F2A2E4656A002D70
:102260003FF485AA294BB3FBF5F5FFF780BAB20717
:102270007FF5E8A9FFF7EDB99DF8542094F83B30BD
:102280009A427FF4E6AEFFF7C1B993423FF627AC1E
:102290001F4800F02FFCFFF73BBA00231D48A37036
:1022A00000F028FCFFF734BA0121FDE50123F5E732
:1022B0000221F9E50223F1E70323EFE7A0F1B77369
:1022C000A3F558534B454FF0000384F86C3084F865
:1022D000503098BF5B4684F86F308CBF5B4600235C
:1022E00084F87CB0606784F8703002F04FFCC4F86A
:1022F0008000584600F0AAFCA0E6074800F0FAFB70
:10230000FFF706BA78E400087CE4000880F0FA02DF
:1023100088E3000800E3000814E4000800B583B077
:1023200002F00EFC00F00AFD00F0B8FC00F0C0FD69
:1023300000F054FD00F030F800F078F901F0A8F951
:102340000A2002F029FC012000F058F8142002F0C5
:1023500023FC002001F040FD00230222CDE90023F0
:10236000084909484FF4407204F022FC012801D0CA
:1023700000F088FD04F088FD03B05DF804EB00F088
:1023800081BD00BFA4E40008D115000800F07ABDAB
:1023900000F078BD704700BF70B586B00024144BC4
:1023A000009405941A6B134842F002021A631B6BE7
:1023B00003F0020302250126009301A9009BCDE949
:1023C0000156CDE9036502F095FE01A90948019681
:1023D000CDE90245049402F08DFE224629460548C7
:1023E00002F0AEFF0449204601F096FD06B070BD34
:1023F0000038024000040240404B4C0002460221DB
:10240000014802F09DBF00BF00040240F0B5002467
:1024100089B0CDE90044CDE90244CDE90444CDE9D9
:102420000644002840D00126054630468DF800605D
:1024300001F06AFD102214230DEB0201684601F041
:10244000BDFD0746204601F05FFD6FBB9DF81130D2
:10245000F62B29D19DF813309DF812202A7003EA3B
:1024600006026A70C3F34002AA70C3F38002EA70E6
:10247000C3F3C0022A719DF81E2006990598A86032
:10248000C3F3001302F00702C5E90311AA759DF812
:102490001C109DF81F206B719DF81D30297530466A
:1024A0006B75EA7509B0F0BD002009B0F0BD00BF42
:1024B00010B588B00023CDE90333CDE90533079388
:1024C000002844D0C378047842788DF80140102168
:1024D0008DF800108DF8022081780BB141F00201D7
:1024E0000379B3BBD0E902238DF80E3003698DF870
:1024F00004204FEA124C140A120E8DF803108DF8C6
:102500000720017D427D8DF80540180A1C0C8DF8CE
:1025100008308DF809001B0E01208DF806C08DF8DB
:102520000A408DF80B308DF80C108DF80D2001F05D
:10253000EBFC102214230DEB0201684601F03EFD76
:102540000446002001F0E0FCB4FA84F0400908B031
:1025500010BD41F00401C5E708B50B4B421E9A427D
:1025600008D8014606A3D3E9002308480902FDF76D
:1025700047FE08BD0020014608BD00BFAFF3008044
:1025800080F0FA02000000003F0D030040787D015A
:1025900008B50849C308A1FB03239B084FF4B47195
:1025A00001FB13014FF4B47200230020FDF728FE55
:1025B00008BD00BF176CC11610B516490446FEF7DA
:1025C00043F8E0B114492046FEF73EF8D8B113496C
:1025D0002046FEF739F8A0B111492046FEF734F83D
:1025E00098B110492046FEF72FF880B10E492046D9
:1025F000FEF72AF800280CBF0620002010BD01209D
:1026000010BD032010BD022010BD042010BD052008
:1026100010BD00BFACE40008B4E40008BCE400084E
:10262000C4E40008CCE40008D4E4000838B50F4B3B
:102630000F4D104C002183F8541083F8AC1008465D
:1026400001F094FD01F056FE01F07EFE0A4925607E
:1026500064231022284601F0D7FD0848084920606D
:102660006423102201F0D0FD256038BD88000020D1
:102670005C17002038010020F8E40008EC17002067
:102680000CE50008002800F0C5802DE9F04F2DED85
:10269000028B002387B0CDE90133AF4CAF4DDFF89B
:1026A00004B3DFF804830646AD4B029A582707FBB4
:1026B00002330093631C08EE103A54F8030C012215
:1026C0000DF1170101F07EFE012840F091809DF888
:1026D00017300D2B0CD00A2B0AD094F851204E2A1B
:1026E00075D800991144013284F851200B71E4E748
:1026F00094F85130002BE0D0019A9A481044009A87
:102700001A44013B50FA83F000231371224612F859
:10271000013FE95C01F00301022904BF203BDBB269
:1027200082421370F3D1002754F8033C84F85170AF
:1027300018EE100AC6E9017737804146CBF8003021
:1027400005F024FC8146002839D04146384605F082
:102750001DFC4146034638461F4605F017FC8249DA
:1027600082464846FDF770FF00283DD07F49484625
:10277000FDF76AFF002837D07D494846FDF764FF22
:1027800038B901233370012007B0BDEC028BBDE8DE
:10279000F08F78494846FDF757FF002837D0764933
:1027A0004846FDF751FF002836D1002F6CD038463F
:1027B000FFF702FF707000284DD13378B3B96F492D
:1027C000DBF8000064230D2201F01EFD75E70023F5
:1027D00054F8030C84F851306949CBF800006423A5
:1027E0000C2201F011FD68E70E2333700120CBE7C6
:1027F000019B58330193029B58342BB1002007B042
:10280000BDEC028BBDE8F08F012302934CE702235D
:102810003370EBE7002070475A494846FDF714FF34
:1028200048B9DFB13846FFF7C7FE70700028C4D042
:1028300004233370DAE754494846FDF705FF98B999
:10284000002F63D03846052333700A22002105F09B
:102850001BFD7060B1E703233370C7E74A49484660
:10286000FDF7F2FE002851D048494846FDF7ECFE3E
:102870000146002850D19FB10623384633700A2202
:1028800005F002FD706098E73E494846FDF7DCFE22
:102890000028E3D03C494846FDF7D6FE002835D055
:1028A0003B494846FDF7D0FE002845D13949484606
:1028B000FDF7CAFE002879D137494846FDF7C4FE26
:1028C000002840F0838035494846FDF7BDFE0028CA
:1028D00000F0978032494846FDF7B6FE002840F0E8
:1028E000A2800B233370002F00F0DF8038460A22CD
:1028F000002105F0C9FC70605046BAF1000F03D00A
:102900000A22002105F0C0FCB06056E71F49484686
:10291000FDF79AFE0028C3D01D494846FDF794FEF6
:10292000014648B9002FC1D00723384633700A2228
:1029300005F0F6FB706040E716494846FDF784FE57
:10294000014698BB002FB7D00823384633700A22BF
:1029500005F09AFC706030E78B0000203DE800082D
:10296000880000208C000020F0E1000824E5000829
:1029700028E5000830E5000838E5000814E4000800
:1029800084E500083CE4000840E5000854E4000841
:1029900044E500084CE5000854E5000870E4000830
:1029A000C4E400083801002020E5000849494846F1
:1029B000FDF74AFE014648B9002F84D00923384666
:1029C00033700A2205F060FC7060F6E64249484622
:1029D000FDF73AFE014600287FF47CAF8FB1BAF1D3
:1029E000000F18D038460A273A463770039105F091
:1029F0004BFC039970603A46504605F045FCB060C8
:102A0000DBE636494846FDF71FFE60B90B233370FD
:102A10004FF47A706FE731494846FDF715FE00BB69
:102A20000B23337062E72E494846FDF70DFE00B9CF
:102A3000EFB92C494846FDF707FE10B90D23337056
:102A4000D4E629494846FDF7FFFD014690B90F231A
:102A500033703846002F3FF4FCAE0A2205F014FC18
:102A6000F7E61F494846FDF7EFFD0028E1D138465B
:102A70000C23E9E61D494846FDF7E6FD0146B8B9D5
:102A8000002F3FF49AAEBAF1000F3FF496AE3846ED
:102A9000102333700A22039105F0F6FB039970604E
:102AA0000A22504605F0F0FB2EE74FF47A7022E739
:102AB0000F494846FDF7C8FD014600287FF47DAE6A
:102AC000002F3FF47AAEBAF1000F3FF476AE3846ED
:102AD0001123DEE754E5000870E40008C4E40008B0
:102AE0005CE50008CCE4000864E500086CE500083B
:102AF00078E5000868B110B50446FDF721FF0549E7
:102B000002466423086892B22146BDE8104001F0F5
:102B10007BBB7047380100200138C3B2022B00D9BB
:102B2000704700B5084B53F8201083B00846019158
:102B3000FDF706FF019902460448642392B203B0F0
:102B40005DF804EB01F060BBF4E50008EC17002031
:102B50000138C3B2022B00D9704700B5084B53F8B7
:102B6000201083B008460191FDF7EAFE0199024664
:102B70000448642392B203B05DF804EB01F044BB57
:102B8000E8E50008EC17002010B5002486B0CDE978
:102B90000344114B009405941A6B104842F0040250
:102BA0001A631B6B03F0040300930C2301930123AE
:102BB00001A9029302230493009A02F09BFA224691
:102BC0000648042102F0BCFB04482246082102F01A
:102BD000B7FB06B010BD00BF00380240000802403D
:102BE000012800D97047044B03EBC00253F83000B2
:102BF000918802F0A9BB00BF20E6000830B5002490
:102C000087B0CDE903440F4B009405941A6B0E482E
:102C100042F008021A631B6B03F00803009300994B
:102C200002234FF40045012201A9CDE9015204938A
:102C300002F060FA04482246294602F081FB07B000
:102C400030BD00BF00380240000C024002464FF485
:102C50000041014802F074BB000C024010B5002393
:102C600086B0CDE90233CDE904330A4A0093136BF1
:102C7000094843F010031363136B03F010030122A0
:102C800000933C2401A9009B0194039202F032FAC4
:102C900006B010BD003802400010024008B5FFF732
:102CA00073FFFFF7ABFFBDE80840FFF7D7BF00BFDA
:102CB0002DE9F0471D481E4E1E4F1F4D00242021B8
:102CC000A146A0464FF0010A02F034FB98B92B78D8
:102CD000022B03F101031CD82B700134042C07F1E3
:102CE000010705F1010511D0B068B189083602F07D
:102CF00021FB0028EBD00134042C85F8008087F8F4
:102D0000008005F1010507F10107EDD14846BDE856
:102D1000F0873B78002BE0D10AFA04F349EA030973
:102D200087F800A01FFA89F9D7E700BF001002401A
:102D300000E60008501400204C14002030B5002399
:102D400093B0CDE90833CDE90A33CDE90133CDE9BC
:102D50000333204A00930593136C43F080531364AC
:102D6000136C03F08053012200934FF48033CDE9BC
:102D7000062302214FF480001923CDE90C104FF4F3
:102D8000A8720E9306A80723CDE90F21009C11938A
:102D900002F0E4FAB8B9104A1368022143F4804300
:102DA0000F2513600024CDE901514FF4A0524FF4D8
:102DB000805301A80521CDE90342059302F0E6FC0A
:102DC00020B913B030BD00F05DF8E4E700F05AF828
:102DD00013B030BD003802400070004000B583B031
:102DE000274B00220092186B40F400101863186BF8
:102DF00000F40010009000980192186B40F48000DD
:102E000018631B6B03F48003062101931020019BC0
:102E100001F0E6FE102001F021FF00220621112022
:102E200001F0DEFE112001F019FF002206210C2026
:102E300001F0D6FE0C2001F011FF002206210E2029
:102E400001F0CEFE0E2001F009FF002206213820FD
:102E500001F0C6FE382001F001FF002206213A20D1
:102E600001F0BEFE3A2001F0F9FE002246200621C4
:102E700001F0B6FE462003B05DF804EB01F0EEBEB3
:102E80000038024000B583B072B6084C002501201E
:102E9000FFF7A6FE0195019BA342F8D8019B0133E1
:102EA0000193019BA342F9D9F1E700BF3F0D030055
:102EB00070B5002486B0CDE90344144B009405940A
:102EC0001A6B134842F008021A631B6B03F00803E5
:102ED000012500930F26022301A90493009ACDE94E
:102EE000016502F007F92A463146094802F028FA3E
:102EF000F023074801A9CDE90134CDE9035402F0DC
:102F0000F9F8044B1D7006B070BD00BF00380240D8
:102F1000000C0240F81600202DE9F04F3C4B1B78C6
:102F200083B0002B5FD03B483B4F3A4C01220F212E
:102F300002F006FA00250126A84600223146204666
:102F400002F0FEF9CDF80480019B4F2B05D8019BC0
:102F500001330193019B4F2BF9D91021204602F038
:102F6000E9F94FF000095FFA89FBDFF8C0A009F129
:102F7000010968B1B9F1040F29D03AF8021B2046C3
:102F800002F0D8F95FFA89FB09F101090028F1D1B3
:102F900001222048314602F0D3F901F0F7FD1F4B22
:102FA0000BEB85051A78EDB2AA4223D11C4B1B68A6
:102FB000C01A132825D9FF2D1A4B26D01A78AA42F9
:102FC0001FD0194A1D70505D03B0BDE8F08F013568
:102FD000012231462046EDB202F0B2F9042D02D0B2
:102FE00037F8026BA9E701F0D1FD0C4B1A78FF25E9
:102FF000AA42DBD00A4A1D701060002003B0BDE871
:10300000F08F002003B0BDE8F08F00201D70F5E7C1
:10301000F8160020000C02404AE600083D0100209E
:10302000F41600203C01002038E6000832E60008D3
:103030002DE9F041C04DC14C4FF48036AE614FF4E4
:103040008006A6614FF0080E2A244FF080474FF00B
:10305000005C4FF400584FF4804614F0800F0EF1DE
:10306000FF3EAF614FEA440414BFC5F81880C5F8AD
:1030700018C01EF0FF0EAE61E4B2EED10126AE61C3
:10308000AE4C4FF48036AE614025A5610824AA4DB0
:1030900020FA04FE4FF080474FF0005C4FF40058D8
:1030A0004FF480461EF0800F04F1FF34AF614FEA09
:1030B0004E0E14BFC5F81880C5F818C014F0FF04F0
:1030C000AE615FFA8EFEEDD10124AC615FFA80FC47
:1030D0004FF480349948AC6140248461964C0820B8
:1030E0004FF080464FF000574FF4005E4FF480459C
:1030F0001CF0800F00F1FF30A6614FEA4C0C14BFAA
:10310000C4F818E0A76110F0FF00A5615FFA8CFC1D
:10311000EED10120A0614FF480358848A56140249C
:103120008461854C4FEA122C08204FF080464FF006
:1031300000574FF4005E4FF480451CF0800F00F103
:10314000FF30A6614FEA4C0C14BFC4F818E0A76129
:1031500010F0FF00A5615FFA8CFCEED10120A061A8
:103160004FF48030A06100F1804000F588304024A9
:103170008461714CD2B208204FF080464FF0005766
:103180004FF4005C4FF4804512F0800F00F1FF30E7
:10319000A6614FEA420214BFC4F818C0A76110F03C
:1031A000FF00A561D2B2EFD10120A061634A4FF4C4
:1031B0008030A0614FF480005F4C90614FF08046FA
:1031C00008202B224FF000574FF4005C4FF480454D
:1031D00012F0800F00F1FF30A6614FEA420214BFE7
:1031E000C4F818C0A76110F0FF00A561D2B2EFD1FA
:1031F00001204FF48032A061A26102F1804202F509
:103200008832402494614C4C080A08224FF08046D2
:103210004FF000574FF4005C4FF4804510F0800FE2
:1032200002F1FF32A6614FEA400014BFC4F818C093
:10323000A76112F0FF02A561C0B2EFD10120A06129
:103240003E4A4FF48030A061402400F180409461F8
:1032500000F58430C9B208224FF080454FF0005687
:103260004FF400574FF4804411F0800F02F1FF3209
:1032700085614FEA410114BF8761866112F0FF0248
:103280008461C9B2F0D12D4A01214FF480348161AB
:103290008461402428489461190A08224FF080452F
:1032A0004FF000564FF400574FF4804411F0800F58
:1032B00002F1FF3285614FEA410114BF87618661E7
:1032C00012F0FF028461C9B2F0D11C4A01244FF40C
:1032D000803184618161402001F180419061DBB2E5
:1032E00001F5843108224FF080444FF000554FF42F
:1032F00000564FF480401F0602F1FF328C614FEA06
:1033000043034CBF8E618D6112F0FF028861DBB216
:10331000F1D10A4B01244FF480308C614FF48002CC
:10332000886105499A614FF0804408222C234FF0B0
:1033300000554FF4005603E0000802400010024020
:103340004FF480401F0602F1FF328C614FEA4303C5
:103350004CBF8E618D6112F0FF028861DBB2F1D14A
:1033600001238B61BDE8F0812DE9F0431C4683B059
:103370008318A02BBDF828600746884600F381809B
:103380001546013A024492B208EB0403802B73DC29
:10339000631E43449BB2CDE9002301F0F7FB4FF0DD
:1033A000E02105FB04F44D69896915F1010CDDE9A3
:1033B00000236BD04FF47A75ACEB010105FB01F1F2
:1033C000B1FBFCF105FB001938464146FFF730FE22
:1033D00033494FF480338B6103F1804303F5883325
:1033E0004022370A5FFA86FE2E4E9A614FF0000C9B
:1033F0004FF480403A46082312F0800F03F1FF3368
:1034000014BF35464FF0C045520013F0FF038D61E5
:10341000D2B28861F0D17246082312F0800F03F116
:10342000FF3314BF35464FF0C045520013F0FF0381
:103430008D61D2B28861F0D10CF1010C6445D9D113
:1034400001238B6101F0A2FB4FF0E0235A699B69D5
:10345000013220D04FF47A71D31A01FB03F3B3FB8E
:10346000F2F301FB00331049104AA3EB09050D608C
:10347000146003B0BDE8F083C8F18004A4B27F23D8
:1034800089E7C0F1A005ADB29F227DE74FF47A75C0
:1034900005FB00F998E74FF47A7300FB03F3E2E7CA
:1034A0000008024000200040FC1600200017002009
:1034B0002DE9F04F1F4683B01378BDF83060002B24
:1034C0007BD000F10803A02B77D800230124944679
:1034D00001E0A02D08D89E46A3B25C1C1CF8032076
:1034E00000EBC405002AF4D1002B66D00CF1FF32AA
:1034F0000192421E0CEB0E0402EBC30201F1090320
:10350000009492B29BB22E4CDFF8BC80FFF790FD86
:103510004FF480322B4BA26140229A6100254FF07C
:103520000109DDF804A009FA05F91AF8010F00F005
:10353000C9FC002286464FF4804032E0042A32D88B
:103540001EF8023013EA090F0CBF33463B464FEA20
:10355000132C08211CF0800F01F1FF3114BFC3466A
:103560004FF0C04B4FEA4C0C11F0FF01C4F818B0FB
:103570005FFA8CFCA061EDD1DBB2082113F0800F63
:1035800001F1FF3114BFC4464FF0C04C5B0011F095
:10359000FF01C4F818C0DBB2A061EFD10132082AE4
:1035A00003D0062DCAD93346D1E7009B9A45BCD13A
:1035B00001350A2DB3D10123A36103B0BDE8F08F1B
:1035C00000080240001002400020004070B50024B6
:1035D00088B0CDE90344CDE90544264B0194079416
:1035E0001A6B254D254E42F004021A631A6B02F045
:1035F00004020192019A02941A6B42F010021A63BB
:103600001B6B012203F01003029311462846029B14
:1036100001F096FE28460122022101F091FE284683
:1036200001224FF4005101F08BFE284601224FF495
:10363000804101F085FE284601224FF4004101F04F
:103640007FFE01223046402101F07AFE01230493DF
:103650000323CDE90543284603A94EF20303039350
:1036600001F048FD402303A93046039301F042FDD9
:1036700008B070BD0038024000080240001002404F
:1036800002460221014801F05BBE00BF0008024073
:10369000F0B5B04C83B0FFF799FF01224FF4004121
:1036A000204601F04DFE0A2001F076FA00224FF488
:1036B0000041204601F044FE0A2001F06DFA01228B
:1036C0004FF40041204601F03BFE782001F064FAFF
:1036D000A14B4FF480324FF48001A2614FF0804043
:1036E00099610822B4234FF000554FF400564FF46F
:1036F00080411F0602F1FF32A0614FEA43034CBF35
:10370000A661A56112F0FF02A161DBB2F1D1924B7B
:1037100001204FF48031A0614022A16101F180417C
:103720009A6101F58431082207234FF080444FF05D
:1037300000554FF400564FF480401F0602F1FF324F
:103740008C614FEA43034CBF8E618D6112F0FF0222
:103750008861DBB2F1D1804B01244FF480308C6161
:103760004FF4800288617B499A614FF080440822BF
:10377000B1234FF000554FF400564FF480401F0620
:1037800002F1FF328C614FEA43034CBF8E618D61C1
:1037900012F0FF028861DBB2F1D16F4B01244FF4CC
:1037A00080308C61402288616A499A614FF0804480
:1037B000082214234FF000554FF400564FF4804078
:1037C0001F0602F1FF328C614FEA43034CBF8E614A
:1037D0008D6112F0FF028861DBB2F1D15E4B0124F2
:1037E0004FF480308C614FF48002886159499A61AE
:1037F0004FF080440822FF234FF000554FF400564D
:103800004FF480401F0602F1FF328C614FEA430300
:103810004CBF8E618D6112F0FF028861DBB2F1D185
:103820004D4B01244FF480308C614022886149491E
:103830009A614FF080440822A5234FF000554FF4C1
:1038400000564FF480401F0602F1FF328C614FEAB0
:1038500043034CBF8E618D6112F0FF028861DBB2C1
:10386000F1D13D4B01244FF480308C614FF4800244
:10387000886138499A614FF080440822EC234FF068
:1038800000554FF400564FF480401F0602F1FF32FE
:103890008C614FEA43034CBF8E618D6112F0FF02D1
:1038A0008861DBB2F1D12C4B01244FF480308C6164
:1038B0004022886127499A614FF080440822892379
:1038C0004FF000554FF400564FF480401F0602F1B0
:1038D000FF328C614FEA43034CBF8E618D6112F061
:1038E000FF028861DBB2F1D11B4B01244FF4803021
:1038F0008C614FF48002886116499A614FF08044D0
:103900000822ED234FF000554FF400564FF480404D
:103910001F0602F1FF328C614FEA43034CBF8E61F8
:103920008D6112F0FF028861DBB2F1D10A4B0124F4
:103930004FF480308C614022886106499A614FF0D3
:103940008044082225234FF000554FF400564FF4D1
:10395000804003E000080240001002401F0602F110
:10396000FF328C614FEA43034CBF8E618D6112F0D0
:10397000FF028861DBB2F1D1AF4B01244FF48030FC
:103980008C614FF480028861AC499A614FF08044A9
:103990000822EE234FF000554FF400564FF48040BC
:1039A0001F0602F1FF328C614FEA43034CBF8E6168
:1039B0008D6112F0FF028861DBB2F1D19E4B0124D0
:1039C0004FF480308C61402288619C499A614FF0AD
:1039D0008044082222234FF000554FF400564FF444
:1039E00080401F0602F1FF328C614FEA43034CBF57
:1039F0008E618D6112F0FF028861DBB2F1D18E4BD6
:103A000001244FF480308C614FF4800288618B492F
:103A10009A614FF080440822F6234FF000554FF48E
:103A200000564FF480401F0602F1FF328C614FEACE
:103A300043034CBF8E618D6112F0FF028861DBB2DF
:103A4000F1D17D4B01244FF480308C61402288619C
:103A50007A499A614FF08044082210234FF00055B4
:103A60004FF400564FF480401F0602F1FF328C6184
:103A70004FEA43034CBF8E618D6112F0FF028861F3
:103A8000DBB2F1D16C4B01244FF480308C614FF4E8
:103A90008002886169499A614FF080440822C423FA
:103AA0004FF000554FF400564FF480401F0602F1CE
:103AB000FF328C614FEA43034CBF8E618D6112F07F
:103AC000FF028861DBB2F1D15B4B01244FF48030FF
:103AD0008C614022886159499A614FF080440822E4
:103AE0000D234FF000554FF400564FF480401F0651
:103AF00002F1FF328C614FEA43034CBF8E618D614E
:103B000012F0FF028861DBB2F1D14B4B01244FF47C
:103B100080308C614FF48002886148499A614FF08F
:103B200080440822C5234FF000554FF400564FF44F
:103B300080401F0602F1FF328C614FEA43034CBF05
:103B40008E618D6112F0FF028861DBB2F1D13A4BD8
:103B500001244FF480328C6140208A6102F180425E
:103B6000986102F5843208234FF080444FF00050F2
:103B70004FF48041013B13F0FF0394619061916128
:103B8000F8D12D4B01244FF4803194614FF4800023
:103B9000916101F18041986101F584310822C623C9
:103BA0004FF080444FF000554FF400564FF48040E2
:103BB0001F0602F1FF328C614FEA43034CBF8E6156
:103BC0008D6112F0FF028861DBB2F1D11A4B012442
:103BD0004FF480308C614022886118499A614FF01F
:103BE000804408220E234FF000554FF400564FF446
:103BF00080401F0602F1FF328C614FEA43034CBF45
:103C00008E618D6112F0FF028861DBB2F1D10A4B47
:103C100001248C614FF480304FF48002074C88619E
:103C20004FF000559A614FF08040082211234FF465
:103C300000564FF4804103E00010024000080240AB
:103C40001F0602F1FF32A0614FEA43034CBFA66199
:103C5000A56112F0FF02A161DBB2F1D10123A361E2
:103C60000A2000F099FF5A4B5A494FF480324FF422
:103C70008000A2614FF00055986108223A234FF06E
:103C800080444FF400564FF480401F0602F1FF328B
:103C90008C614FEA43034CBF8E618D6112F0FF02CD
:103CA0008861DBB2F1D14A4B01244FF480308C6142
:103CB0004022886147499A614FF0804408220523D9
:103CC0004FF000554FF400564FF480401F0602F1AC
:103CD000FF328C614FEA43034CBF8E618D6112F05D
:103CE000FF028861DBB2F1D1394B01244FF48030FF
:103CF0008C614FF48002886136499A614FF08044AC
:103D0000082236234FF000554FF400564FF4804000
:103D10001F0602F1FF328C614FEA43034CBF8E61F4
:103D20008D6112F0FF028861DBB2F1D1284B0124D2
:103D30004FF480308C614022886126499A614FF0AF
:103D40008044082220234FF000554FF400564FF4D2
:103D500080401F0602F1FF328C614FEA43034CBFE3
:103D60008E618D6112F0FF028861DBB2F1D1184BD8
:103D700001248C614FF480304FF48002154C88612F
:103D800008259A614FF0804029234FF000564FF4E8
:103D900000574FF48042190605F1FF31A0614FEA48
:103DA00043034CBFA761A66111F0FF05A261DBB21E
:103DB000F1D10122A2610748022101F0C1FA009568
:103DC0008023A02229462846FFF7CEFA03B0F0BD93
:103DD000001002400008024000B583B000210090AE
:103DE0008023A0220846FFF7BFFA03B05DF804FB6A
:103DF00070B49F28BDF80C6007D87F2905D822B180
:103E00001BB1039670BCFFF7AFBA70BC704700BF20
:103E100010B5BDF8084062B19F28864609D801F167
:103E20000A0CBCF1800F04D80294BDE81040FFF7E3
:103E30003FBB10BD2DE9F04389B0214FBDF8406074
:103E40000024A7FB025E4FEADE0E0EEB8E0C254629
:103E5000A2EB4C0C20340DEB040990460CF1300C15
:103E60006C1C5FFA8CFCB8F1090F09F818CCE4B2AD
:103E70007246E6D805AA04B3AE46144601E017F828
:103E800018CC04F801CB0EF1FF3E5FFA8EFE0EF166
:103E90002007BEF1FF0F6F44F1D101351544002416
:103EA0009F282C7006D801F10A04802C02D80096B5
:103EB000FFF7FEFA09B0BDE8F0831546EFE700BF53
:103EC000CDCCCCCCA0F16103192B08D8A0F12003F4
:103ED000DBB20848203B03EB8303184470472038CB
:103EE000C3B23A2B9DBF034B00EB8000C0180148C2
:103EF000704700BF50E6000802464FF400610148D9
:103F000001F01EBA0000024080F0010210210148B9
:103F100001F016BA0000024070B50E46054601F0E9
:103F2000E3FC214B214C224A002E08BF1E464FF4D1
:103F30008273012DC4E9002331D0022D4FF000031C
:103F40000CBF4FF400421A46A2604FF40072C4E95D
:103F50000532C4E90333174B174903F11C0C002247
:103F600001E053F8042B382A06D831F812501DB15D
:103F7000B0FBF5F5B54202D99C45F2D138220023B9
:103F800007210A48E162C4E90723C4E9093301F0C3
:103F900063FD00B970BDBDE87040FEF773BF00233C
:103FA0004FF48062D0E700BF40420F0004170020AA
:103FB00000300140F0E7000878E7000800B583B062
:103FC00084460093044813460A46614601F0A6FD64
:103FD00003B05DF804FB00BF04170020B1F5807F3B
:103FE000B0F8042300F28C8030B592B233D0914205
:103FF00030D040F28680441D8B1A02F1040C144428
:104000005A1E844414FA82F201250DE0B0F806E34A
:104010009CF8004010FA8EFE0CF1010C62458EF8FF
:104020000441A0F8063313D0B0F80633B0F808E323
:1040300001339BB2B3F5007F28BF00231FFA8EFE29
:104040009E45E3D10CF1010C624580F80A53EBD197
:10405000A0F8041330BD002AFCD0FF2A98BF00212D
:1040600052D801240EE0B0F806C39EF804E00132F5
:1040700010FA8CFC92B2B2F5807F8CF804E1A0F8C3
:10408000063316D0B0F80633B0F808C301339BB23C
:10409000B3F5007F28BF00231FFA8CFC9C4500EB82
:1040A000020EE0D1013292B2B2F5807F80F80A436D
:1040B000E8D149B34B1E441D00F1040C14FA83F4FB
:1040C00001250DE0B0F806239CF800E010FA82F21A
:1040D00082F804E1A0F806330CF1010C6445B7D076
:1040E000B0F80633B0F8082301339BB2B3F5007F74
:1040F00028BF002392B29A42E4D180F80A53EBE73A
:104100007047FF2AADD9D4E70021A1E70E4B9842B2
:1041100014D090B103680D4A93420FD00C4A9042DC
:104120000ED00C4A93420BD00B4A90420AD00B4A55
:104130000B48934218BF00207047704709487047EA
:1041400009487047064870475C170020001001407E
:10415000A417002000440040EC1700200048004055
:104160005C0700204001002050040020012838B5E1
:104170002FD002281E4B14BF0C22042201291A60E2
:104180002CD0022914BF0C2104211A481A4C1B4DB3
:1041900005600023C0E90233C0E9063303614FF430
:1041A000E13342612160436001F05EFEE0B91448F2
:1041B0002268144C00234FF4E131C0E90041C0E90A
:1041C0000233C0E90432C0E9063301F04DFE38B9CC
:1041D00038BD074B082201291A60D2D10821D4E743
:1041E000BDE83840FEF74EBEFEF74CFEDFE700BFED
:1041F0004C0400205C170020680A002000100140D9
:10420000EC17002000480040E8B170B51D46E1B150
:104210000AB9002070BD044601F058FE0028F9D10B
:1042200000F0B4FC064694F84130202BF1D06B1C12
:10423000F9D000F0ABFC831B9D42F4D8204601F07E
:104240008DFE032070BD01207047012070BD00BFAE
:1042500038B51F4B9842044612D078B103681D4A06
:1042600093420DD01C4A90422FD01C4A93422CD02E
:104270001B4A944227D01B4A934224D0012038BDC8
:10428000194D95F80B3303F0FF00D3B9A5F80403DB
:104290004FF48072A5F80603291DA5F8080385F8D8
:1042A0000A03204602F0DEF90028E8D1012385F850
:1042B0000B33E36B2BB11A68136823F00803136008
:1042C00038BD002038BD094DDBE7094DD9E700BFF7
:1042D0005C17002000100140A4170020004400409B
:1042E000EC17002000480040400100205C0700203F
:1042F0005004002038B5124C94F80B330BB1002059
:1043000038BD104D03F0FF00A4F804034FF4807291
:10431000A4F80603211DA4F8080384F80A0328461C
:1043200002F0A0F90028EBD1EB6B012284F80B23FB
:10433000002BE4D01A68136823F00803136038BD1B
:10434000400100205C17002038B5184D184A2B6832
:10435000934228D01749184C184A8B4218BF14466C
:1043600094F80B3303F0FF000BB1002038BDA4F824
:1043700004034FF48072A4F80603211DA4F8080377
:1043800084F80A03094802F06DF90028EED1EB6BBE
:10439000012284F80B23002BE7D01A68136823F05E
:1043A0000803136038BD064CDAE700BFEC170020A5
:1043B0000010014000440040500400205C07002031
:1043C0004001002070B51546FFF7A0FE00283AD046
:1043D0000E46002937D090F80B3304461BBB95B32B
:1043E00006F1FF3C0020B4F80813B4F8063389B294
:1043F0009BB2994200F1010214D0B4F8083314FAC8
:1044000083F390B293F804310CF8013FB4F8083309
:1044100001339BB2B3F5007F28BF00238542A4F887
:104420000833E0D170BD0368DB6B002BD7D01B686D
:104430005968C1F5807189B2B1F5807F28BF00212C
:10444000FFF7CCFDCBE7002070BD00BF0E4B9842BC
:1044500011D078B103680D4A93420CD00C4A9042B7
:104460000FD00C4A93420CD00B4A904206D00B4A14
:10447000934203D070470A48FFF7B0BD0948FFF7E1
:10448000ADBD0948FFF7AABD5C1700200010014030
:10449000A417002000440040EC1700200048004012
:1044A000400100205C07002050040020054B0268FA
:1044B0009A4200D0704713685B06FCD50020FFF7D6
:1044C0001BBD00BF00480040154B984210B5044684
:1044D00011D078B10368134A93420CD0124A90422B
:1044E0001BD0124A934218D0114A944213D0114A59
:1044F000934210D010BD104B93F80B23002AF9D033
:104500000022204683F80B2301F05EFD2046BDE823
:104510001040FFF79DBE094BEEE7094BECE700BFEB
:104520005C17002000100140A41700200044004048
:10453000EC17002000480040400100205C070020EC
:104540005004002082B00C4B002100915A6C42F4C0
:1045500080425A645A6C02F480420092009A01919F
:104560001A6C42F080521A641B6C03F08053019362
:10457000019B02B0704700BF0038024070B503686D
:10458000AA4A8EB000249342CDE90944CDE90B44F8
:1045900005460D9408D0A64A934277D0A54A934287
:1045A00000F0C6800EB070BDA34B00945A6CA348B7
:1045B000A34E42F010025A645A6C02F010020092AC
:1045C000009A01941A6B42F001021A631A6B02F00E
:1045D00001020192019A02941A6B42F480021A635A
:1045E0001B6B03F4800302934FF4C0630222099310
:1045F000029B0123CDE90A234FF0030C072309A9ED
:10460000CDE90CC300F076FD8E4A4FF00063C6E999
:1046100000234FF48073C6E906434FF480624FF4E1
:1046200000333046C6E90244C6E90424C6E908342A
:1046300000F03CFB002840F0EC80834CDFF82CE2DB
:104640004FF00062C4E900E240220023A2604FF470
:104650008062C4E9033220464FF48032C4E9053356
:10466000C4E90732636200F021FB002840F0CE80ED
:10467000B5630022C5E90E4606212520A56300F09A
:10468000AFFA252000F0EAFA0EB070BD6A4B039431
:104690001A6C6E486E4E42F400321A641A6C02F4C0
:1046A00000320392039A04941A6B42F008021A63D0
:1046B0001A6B02F008020492049A05941A6B42F4F1
:1046C00000121A631B6B03F400130593602302228C
:1046D0000993059B0123CDE90A234FF0030C07231F
:1046E00009A9CDE90CC300F005FD5A4A74624FF0E8
:1046F0000063C6E900234FF48063402233613046F3
:104700004FF48033C6E90224C6E90544C6E90743ED
:1047100000F0CCFA00287FD1AE63002206212620CB
:10472000B56300F05DFA262000F098FA0EB070BD77
:10473000414B06941A6C4848484E42F480221A6451
:104740001A6C02F480220692069A07941A6B42F0C1
:1047500002021A631A6B02F002020792079A089487
:104760001A6B42F400121A631B6B03F400130893D4
:104770004FF4406309934FF0020C089B0123CDE9ED
:104780000AC34FF0030E072309A9CDE90CE300F09B
:10479000B1FC334A4FF00063C6E900234FF4807345
:1047A000C6E906434FF480624FF400333046C6E951
:1047B0000244C6E90424C6E9083400F077FA88BB4D
:1047C000284C29494FF00062C4E90012402200231E
:1047D000A2604FF48062C4E9033220464FF4803275
:1047E000C4E90533C4E90732636200F05FFAB0B987
:1047F000B5630022C5E90E4606212720A56300F017
:10480000EFF9272000F02AFA0EB070BDFEF73AFB50
:104810002EE7FEF737FB10E7FEF734FB7CE7FEF7E9
:1048200031FBE5E7FEF72EFBCAE700BF00100140B1
:1048300000440040004800400038024000000240B0
:10484000141500204064024074150020000C024042
:10485000D4150020A060024000040240341600205D
:10486000286002409416002058600240B86402405C
:1048700030B502682E498BB000238A42CDE905335A
:10488000CDE90733099304D02A498A422DD00BB0D1
:1048900030BD294A0193516C284841F4805151643C
:1048A000516C01F48051019101990293136B43F013
:1048B00001031363136B03F0010302932022029B95
:1048C000059205A9032205230224CDE90823CDE999
:1048D000064400F00FFCC02201231848059205A9E8
:1048E000079300F007FC0BB030BD134A0393116C23
:1048F00041F480411164106C00F4804003900398EF
:104900000493136B0E48022423431363136B069422
:1049100023400493032205234FF4204505A9059560
:10492000CDE90823049D00F0E5FB0BB030BD00BFCE
:1049300000300140003800400038024000000240D2
:1049400000040240704700BF704700BFFEE700BF91
:10495000FEE700BFFEE700BFFEE700BF08B500F0BE
:1049600009F902F007FC012800D108BDBDE80840A4
:1049700003F052B8014800F0CBBA00BF3416002053
:10498000014800F0C5BA00BF94160020014800F0AD
:10499000BFBA00BFB4140020014800F0B9BA00BF8C
:1049A000D4150020014800F0B3BA00BF5414002011
:1049B000014800F0ADBA00BF14150020014800F016
:1049C000A7BA00BF74150020014801F081BC00BFE8
:1049D0005C170020014801F07BBC00BFA417002039
:1049E000014801F075BC00BFEC17002001207047A2
:1049F00008B503F0D9F9162303604FF0FF3008BD66
:104A000008B503F0D1F916230360FEE770B5161E52
:104A100007DD0C468D19AFF3008004F8010BA542A9
:104A2000F9D1304670BD00BF70B5161E07DD0C46CB
:104A30008D1914F8010BAFF30080A542F9D130466F
:104A400070BD00BF4FF0FF30704700BF4FF4005300
:104A50004B600020704700BF012070470020704766
:104A600010B50C4C0C4B0D492268591A2AB1104450
:104A7000884207D82060104610BD094A22601044C1
:104A80008842F7D903F090F90C234FF0FF3203600E
:104A9000104610BD34180020000002200004000061
:104AA000088A00200D48854601F00AFE0C480D4991
:104AB0000D4A002302E0D458C4500433C4188C4279
:104AC000F9D30A4A0A4C002301E013600432A242DF
:104AD000FBD303F06FF9FCF787FCFEE70000022030
:104AE000000000203014002050EC0008301400209A
:104AF000088A0020FEE7000038B50E4A0E4B1278F7
:104B00001B6805464FF47A70B0FBF2F0B3FBF0F08F
:104B100000F0B2F808B90F2D01D9012038BD0446C4
:104B2000024629464FF0FF3000F05AF8034B20466A
:104B30001D6038BD6C0A0020740A0020700A002035
:104B400008B50B4B1A6842F400721A601A6842F4F6
:104B500080621A601A6842F480721A60032000F0C2
:104B60002DF80F20FFF7C8FFFFF7ECFC002008BD71
:104B7000003C0240034A044B11681B780B4413604D
:104B8000704700BF381800206C0A0020014B1868DD
:104B9000704700BF3818002038B50446FFF7F6FF0D
:104BA000631C054602D0044B1B781C44FFF7EEFF44
:104BB000431BA342FAD338BD6C0A00200749CA68D8
:104BC00003024FF6FF0003F4E0630240134343F097
:104BD000BF6343F40033CB60704700BF00ED00E0DB
:104BE0001C4BDB68C3F3022300B5C3F1070EBEF113
:104BF000040F03F1040C28BF4FF0040EBCF1060FA4
:104C00001BD9033B4FF0FF3C0CFA03FC22EA0C02D9
:104C10004FF0FF3C0CFA0EFC21EA0C0199400028F1
:104C200041EA02010CDB00F16040090100F561403E
:104C3000C9B280F800135DF804FB00221346E7E7D1
:104C4000054B00F00F0009010344C9B219765DF865
:104C500004FB00BF00ED00E0FCEC00E0002808DBF6
:104C6000044A4109012300F01F0003FA00F042F852
:104C70002100704700E100E00138B0F1807F10D2E0
:104C800010B44FF0E023084C58614FF0F00C84F85A
:104C900023C00022072110469A615DF8044B196178
:104CA00070470120704700BF00ED00E038B50446B2
:104CB000FFF76CFF002C67D023680022022184F8E4
:104CC000351084F834201A6822F0010205461A6073
:104CD00005E0FFF75BFF431B052B39D823681A68F3
:104CE000D107F6D4D4E90120E16802430A43D4E9AC
:104CF0000451A0692A430A43E1691D6802430A433B
:104D000033492940256A2A430A43616A042926D087
:104D10001A605A6922F007021143D8B22D4A59612C
:104D20001038A2FB005212092B4923F47F73895CCF
:104D3000E16523F003035F2888BF04333F228A40E4
:104D4000A36500209A600123606584F8353038BD82
:104D500003232022626584F83530184638BDD4E933
:104D60000B5129430A431A605969A26A21F00701CD
:104D7000114341F00401002DCFD038B9012A23D0CE
:104D800032F00202C9D108E0012038BDB0F5005F61
:104D90000CD0022A03D9032ABFD1EA01BDD50123D1
:104DA0004022626584F83530184638BD032AB4D8ED
:104DB00001A050F822F000BF9F4D00089B4D000855
:104DC0009F4D0008C94D0008B5F1C07FA5D1E6E7A9
:104DD0003F8010F0ABAAAAAA0CE8000870B490F8C3
:104DE0003440856D012C35D090F835404FF0010CE2
:104DF000644580F834C005D0002380F8343070BC9E
:104E000002207047022680F8356004680026466557
:104E1000266826F48026266063608368402B0EBFD8
:104E2000A260A160E260C26D08BFE1603F239340D1
:104E3000AB602368026C43F0160323601AB1236849
:104E400043F008032360236843F00103002023603C
:104E500070BC7047022070BC704700BF70B504463C
:104E6000866DFFF793FE94F83530022B06D00023B1
:104E7000802284F834306265012070BD23681A688E
:104E800022F016021A605A6922F080025A61226CDE
:104E9000054632B31A6822F008021A601A6822F036
:104EA00001021A6005E0FFF771FE431B052B0FD8C6
:104EB00023681B6813F00103F5D1E16D3F228A409E
:104EC0000121B26084F8351084F83430184670BD82
:104ED000032020220023626584F8343084F83500F2
:104EE00070BDA26C002AD5D1D8E700BF90F835304C
:104EF000022B03D0802343650120704702680523FD
:104F000080F83530136823F00103002013607047E8
:104F10002DE9F04182B0744A866D15680023019333
:104F2000C36D346808229A402242804604D001684A
:104F30000F68780700F18A8001229A40224204D04B
:104F4000D8F800104969090678D404229A40224210
:104F500004D0D8F8001009688F0767D410229A404F
:104F6000224204D0D8F800100F68380749D4202214
:104F70009A40224217D0D8F800100C68E00612D5EB
:104F8000B26098F83520052A73D00B6813F4802F8F
:104F90000B6800F09080190340F19B80D8F83C30FA
:104FA0000BB140469847D8F854303BB3D8F854304A
:104FB000DA071BD5D8F800204C49052388F835308E
:104FC0001368A1FB051523F00103AD0A136002E08D
:104FD0001368DB0704D5019B0133AB420193F7D97A
:104FE0000122002388F8352088F83430D8F84C3076
:104FF00023B1404602B0BDE8F041184702B0BDE819
:10500000F081B2600A6812F4802F0A682AD1D705AD
:1050100003D40A6822F008020A60D8F84020002A67
:10502000A5D040469047D8F85C30A0E7B260D8F8E9
:10503000542042F00402C8F854208FE7B260D8F838
:10504000542042F00202C8F854207EE70F6827F08F
:1050500004070F60B260D8F8542042F00102C8F88B
:10506000542069E71203D8D5D8F84820002AD8D1AF
:105070007DE70A6822F016020A604A6922F080027F
:105080004A61D8F8402052B30A6822F008020A6048
:105090003F2202FA03F3D8F85010B3600122002334
:1050A00088F8352088F834300029A7D0404602B06F
:1050B000BDE8F041084713F480737FF46FAF0A68CE
:1050C00022F010020A60012288F8352088F8343076
:1050D00064E7D8F84430002B7FF463AF63E7D8F877
:1050E0004820002AD0D1D3E7740A0020B5814E1B96
:1050F000406D70472DE9F04F00220C68DFF82CA2BC
:10510000834E85B01346894605E00133102B02F12A
:10511000020200F089800121994001EA040BA143B9
:10512000F3D1D9F804C00CF003014D1E012D7ED936
:10513000032940F0BE809140CD4307683D4029439C
:105140001CF4403F0160E0D000210391DAF84410E4
:1051500041F48041CAF84410DAF8441001F4804167
:105160000391039923F0030101F1804101F59C3182
:1051700003F00307D1F808E0BF000F25BD402EEA79
:105180000508644DA84224D005F58065A84200F0CA
:105190009480614DA84200F09780604DA84200F0D5
:1051A0009A805F4DA84200F09D805E4DA84200F0BD
:1051B000A0805D4DA84200F0A380DFF874E1704547
:1051C0000CBF4FF0070E4FF0080E0EFA07F748EA33
:1051D0000708C1F80880B1686FEA0B071CF4801F4C
:1051E0000CBF39404BEA0101B160F5681CF4001FA7
:1051F0000CBF3D404BEA0505F56075681CF4003FA7
:105200000CBF3D404BEA0505756031681CF4803FDA
:1052100003F101030CBF39404BEA0101102B31604F
:1052200002F102027FF477AF05B0BDE8F08FD9F844
:105230000C50876805FA02F8032505FA02FE27EAF2
:105240000E0748EA0707876047686FEA0E0527EAF6
:105250000B0ECCF300179F4047EA0E074760C76864
:1052600007EA050ED9F80870974047EA0E070229A9
:10527000C76001FA02F17FF460AF4FEAD30E00EB92
:105280008E0E03F00708DEF820700097D9F8107032
:105290004FEA880807FA08F701970F2707FA08F876
:1052A000009F27EA0808019F47EA0807CEF8207008
:1052B00043E703259540ED43D1E74FF0010E0EFA89
:1052C00007F748EA070884E74FF0020E0EFA07F7DF
:1052D00048EA07087DE74FF0030E0EFA07F748EAA1
:1052E000070876E74FF0040E0EFA07F748EA0708BA
:1052F0006FE74FF0050E0EFA07F748EA070868E770
:105300004FF0060E0EFA07F748EA070861E700BFFC
:10531000003C01400000024000080240000C024036
:105320000010024000140240001802400038024001
:10533000001C02400369194214BF0120002070477D
:1053400002B9090481617047436901EA030221EA55
:10535000030141EA02418161704700BF002800F06B
:10536000A2812DE9F0410368DD0782B004462FD504
:105370009E498A6802F00C02042A00F0ED808A68D7
:1053800002F00C02082A00F0E3806368B3F5803F66
:1053900000F0EC80B3F5A02F00F07581934D2A68E2
:1053A00022F480322A602A6822F480222A60002BAC
:1053B00040F0E180FFF7EAFB064605E0FFF7E6FB79
:1053C000801B642800F201812B689B03F6D42368BC
:1053D0009F0728D5854A916811F00C0F00F0908046
:1053E000916801F00C01082900F08680E368002B29
:1053F00000F00E817E4B7D4E01221A60FFF7C6FB46
:10540000054605E0FFF7C2FB401B022800F2DD80E5
:1054100033689807F6D53368226923F0F80343EA26
:10542000C203336023681A0751D458072FD56F4A37
:10543000136C13F080537FD000256E4E3368D9056E
:1054400040F1B380A368012B00F0C380052B00F06E
:105450002C81664E326F22F001023267326F22F0E9
:1054600004023267002B40F0B980FFF78FFB41F256
:105470008838074605E0FFF789FBC01B404500F26E
:10548000A480336F9807F6D4002D40F00681A06900
:10549000C8B1564DAB6803F00C03082B00F0C9806F
:1054A000534B002202281A6600F00981FFF76EFBB9
:1054B000044605E0FFF76AFB001B022800F2858026
:1054C0002B689B01F6D4002002B0BDE8F08163692F
:1054D0000BB3474B454E0122C3F8802EFFF756FB16
:1054E000054604E0FFF752FB401B02286DD8736F9E
:1054F0009B07F7D5236898E7526856023FF576AFC9
:105500003A4A1268950744D5E268012A41D0012041
:1055100002B0BDE8F081364A344EC2F8803EFFF753
:1055200035FB054604E0FFF731FB401B02284CD851
:10553000736F9F07F7D4DDE70193136C43F080533B
:105540001364136C03F080530193019B012574E7EE
:105550004A6850027FF519AF244A126891037FF51B
:1055600037AF6268002A7FF433AFD0E71F4A136871
:1055700043F480331360FFF709FB1C4E054604E03B
:10558000FFF704FB401B64281FD833689A03F7D544
:105590001DE7164920690A6822F0F80242EAC002B3
:1055A0000A601A077FF541AF91E7336843F48073CF
:1055B0003360FFF7EBFA07463368DA053FF542AF91
:1055C000FFF7E4FAC01B0228F6D9032002B0BDE8B9
:1055D000F081064A136F43F001031367FFF7D6FA11
:1055E000024F064641F288380BE000BF0038024007
:1055F0000000474200700040FFF7C8FA801B40459A
:10560000E3D83B6F9B07F7D5002D3FF440AF44E054
:10561000424A434E1360FFF7B9FA054604E0FFF72C
:10562000B5FA401B0228D0D833689907F7D423680D
:10563000F9E601283FF448AF6B68E26903F48001A2
:1056400091427FF464AF226A03F03F0191427FF4FC
:105650005EAF616A47F6C0721A40B2EB811F7FF4F9
:1056600056AFA26A520803F44031013AB1EB024F3F
:105670007FF44DAFE26A03F07063B3EB026F14BFC7
:105680000120002020E7264B1A6842F480221A608D
:105690001A6842F480321A606DE7214A136C23F0D5
:1056A00080531364F3E6012070471D4B1A6F42F0DC
:1056B00004021A671A6F42F001021A678EE7FFF7B9
:1056C00065FA064605E0FFF761FA801B02283FF6FF
:1056D0007CAF2B689901F6D4D4E90731626A0B4399
:1056E00043EA8213D4E90A21520843EA0163013AEA
:1056F0000A4943EA024301226B600A66FFF746FA51
:10570000074D044605E0FFF741FA001B02283FF66B
:105710005CAF2B689A01F6D5D5E600BF0000474282
:1057200000380240164908B58B6803F00C03042BBF
:105730001BD0082B17D14A684B68496813F48003C3
:1057400002F03F0213D10F48C1F38811A1FB000101
:10575000FAF756FD0A4B5B68C3F3014301335B0064
:10576000B0FBF3F008BD074808BD074808BD064870
:10577000C1F388110023A1FB0001FAF741FDE9E71D
:10578000003802400024F40040787D01002800F039
:105790008780484A136803F007038B422DE9F041E4
:1057A0000D46044609D2CBB21370136803F0070309
:1057B0008B4202D00120BDE8F0812368980714D500
:1057C000590704D53C498A6842F4E0528A601A07B6
:1057D00004D539498A6842F460428A603649A06833
:1057E0008A6822F0F00202438A60DF0721D56268EE
:1057F000012A57D0931E012B2F4B1B684DD99907B7
:10580000D8D52D4EB36823F003031343B360FFF7DD
:10581000BDF941F28838074604E0FFF7B7F9C01B2D
:10582000404544D8B368626803F00C03B3EB820FC1
:10583000F3D1204A136803F00703AB4206D9EBB259
:105840001370136803F00703AB42B3D123685A0700
:1058500006D51949E0688A6822F4E05202438A605A
:105860001B0707D5144A2169936823F4604343EA70
:10587000C1039360FFF756FF0F4A104C926810491E
:10588000C2F303120346A25C0E48D34000680B60CB
:10589000FFF732F90020BDE8F0819801B1D489E723
:1058A00001207047044B1B689E03AAD482E70320A3
:1058B00081E700BF003C02400038024014E80008C5
:1058C000740A0020700A0020044B05499B68054AB1
:1058D0000868C3F38223D35CD84070470038024085
:1058E000740A002024E80008044B05499B68054A17
:1058F0000868C3F34233D35CD84070470038024095
:10590000740A002024E800082DE9F04782B01D4603
:105910000A9C0F4616468046FFF738F92C44A4EB44
:105920000009FFF733F92A4B1B68C3F3CB3309FB9C
:1059300003F382460193D8F8003001E06A1C0DD1D0
:105940009C6837EA04020CBF4FF0010C4FF0000CCA
:10595000B445F3D1002002B0BDE8F087FFF716F997
:10596000A0EB0A00484503D2019BFBB99946E2E748
:10597000D8E900315A68B1F5827F22F0E0025A601E
:1059800018D0D8F82820B2F5005F07D11A6822F4A1
:1059900000521A601A6842F400521A600122002371
:1059A00088F8512088F850300320D4E7019B013B50
:1059B0000193C0E7D8F80820B2F5004F02D0B2F545
:1059C000806FDED11A6822F040021A60D9E700BF6A
:1059D000740A00202DE9F04184B0884617460092F1
:1059E0000B46012202210446FFF78EFF38BB184AFE
:1059F0001568184AA2FB05356D0D4FF47A7202FB4B
:105A000005F562680395B2F5827F064607D10DE081
:105A1000039B2168013B03938B681B0602D5039B04
:105A2000002BF5D1304604B0BDE8F0810246009766
:105A3000434680212046FFF767FF0028F2D0636DC0
:105A4000032643F020033046636504B0BDE8F081CF
:105A5000740A0020819F5E1600285CD0416A70B5F0
:105A60000446002947D00023C0E9043394F85120AC
:105A70000023A36202F0FF00002A42D09C46256862
:105A8000A268022384F851302B6823F040032B6076
:105A9000636802F4044203F482731343E26802F47D
:105AA00000621343226902F002021343626902F0AA
:105AB00001021A43E36901F0100003F03806A169FE
:105AC000236A03F0800E01F4007313433343090C7F
:105AD00043EA0E0301F0040143EA0C0301432B6087
:105AE0006960EB69002023F400630122EB616065CB
:105AF00084F8512070BD4368B3F5827FB6D0C16190
:105B0000B4E784F850002046FEF7B2FED4E909134A
:105B100003F4005CB3E70120704700BF2DE9F043B8
:105B2000044683B091461F460A9D8846FFF72EF82B
:105B300094F851306268012B064608D0B2F5827F96
:105B400079D1D9B2A368002B75D1042973D1B8F1EA
:105B5000000F74D0B9F1000F71D0002F6FD094F8FE
:105B60005030012B67D094F85130C4F83890042B92
:105B70001CBF052384F85130002363650121C4E96B
:105B800010332368E78784F85010E7861968A787E1
:105B90004906C4F83080A78603D4196841F0400153
:105BA0001960E168B1F5006F4DD0002A00F08980DE
:105BB000012F00F086800127E38E9BB223B9E38F8B
:105BC0009BB2002B00F08C802268936899070FD558
:105BD000E38E9BB263B15FB1236B1B781373E38ECB
:105BE000226B013B01329BB222632268E3860027CD
:105BF000936813F001030DD0E18F89B251B11F46B4
:105C0000A36BD2681A70A36B0133A363E38F013BCC
:105C10009BB2E387FEF7BAFF801BA8425CD36B1CE4
:105C2000CAD001220023032084F8512084F8503088
:105C300003B0BDE8F083022003B0BDE8F08301208B
:105C400003B0BDE8F083002A64D1414631F8022B4D
:105C5000DA60E38E2163013B9BB2E3860127E38E8A
:105C60009BB21BB9E38F9BB2002B39D0226893689B
:105C70009B070DD5E38E9BB253B14FB1236B33F825
:105C8000021BD1602363E38E013B9BB20027E386B6
:105C9000936813F001030CD0E18F89B249B11F461C
:105CA000A36BD26823F8022BA363E38F013B9BB263
:105CB000E387FEF76BFF801BA842D0D3681CCED0D1
:105CC000AFE798F800201A73E38E226B013B013294
:105CD0009BB22263E3866EE7002D7FF46DAFA0E7F1
:105CE000324629462046FFF775FEB0B9A36833B99E
:105CF00022680193D368019393680193019B012368
:105D000084F85130606D0023C01A84F8503018BFF9
:105D1000012091E7012FA1D197E72022002362659E
:105D200084F85030012087E7026802F10C0353E841
:105D3000003F23F4907302F10C0C4CE80031002971
:105D4000F3D102F1140353E8003F23F0010302F101
:105D5000140C4CE800310029F3D1036B012B05D062
:105D60002022002380F842200363704702F10C03D5
:105D700053E8003F23F0100302F10C0C4CE8003113
:105D80000029F3D1ECE700BF0268116938B5044679
:105D9000C068A36821F440510143206911610343A5
:105DA0006069D1680343E06921F4164121F00C01D8
:105DB00003430B43D3605369A069284923F440731C
:105DC00003438A42536129D0254B9A4226D0FFF7DC
:105DD0007BFDE369B3F5004F26D16268214D92182F
:105DE0004FF019014FF000035B41A0FB0101FAF7EE
:105DF00007FAA5FB00325109642303FB1103DB0002
:105E00003233A5FB0323C3F342121B09246802EBC0
:105E1000011203F4F8731344A36038BDFFF764FD67
:105E2000E369B3F5004FD8D0636819219A00A0FB4D
:105E300001019B0FFAF7E4F90A4AA2FB00135B0980
:105E40002168642404FB130000013230A2FB00200F
:105E50001B0103EB5010886038BD00BF00100140EB
:105E6000001401401F85EB5170B310B590F841301C
:105E7000044603F0FF0213B32268242384F8413060
:105E8000D36823F400532046D360FFF77DFF2368D7
:105E9000196921F490411961596921F02A01596168
:105EA000D96800224FF0200C41F40051D96062649F
:105EB00084F841C084F842C01046626310BD80F887
:105EC0004020FEF75BFBD7E7012070472DE9F0414A
:105ED000044690F84100202830D101B112B90120C8
:105EE000BDE8F081E284A284DFF868E0DFF868C0F2
:105EF000174F2162C5B21346A06B226800264FF0EF
:105F000021086664043284F84180C0E90FECC0E9DE
:105F10001376FEF763FFA0B922686FF040031360A9
:105F200002F1140353E8003F43F0800302F114042C
:105F300044E800310029F3D1BDE8F0810220BDE83A
:105F4000F0811023636484F841500120BDE8F081A2
:105F5000D560000871600008C1600008026810B5D3
:105F6000044602F10C0353E8003F23F0C00302F1A2
:105F70000C0040E800310029F3D153691B0605D419
:105F800000202023E08484F8413010BD02F1140386
:105F900053E8003F23F0800302F1140040E8003191
:105FA0000029F3D1A06B0028EAD00165FEF756FF67
:105FB0000028E5D0A06BFFF79BF82028E0D1102344
:105FC0006364032010BD00BF036810B5044603F1ED
:105FD0000C0252E8002F22F4907203F10C0040E80A
:105FE00000210029F3D103F1140252E8002F22F01E
:105FF000010203F1140040E800210029F3D1226BD3
:10600000012A27D05A69520607D400232022E385AB
:1060100084F842201846236310BD03F1140252E8AD
:10602000002F22F0400203F1140040E80021002973
:10603000F3D1E06B0028E8D00165FEF70FFF0028E0
:10604000E3D0E06BFFF754F82028DED1102363641F
:10605000032010BD03F10C0252E8002F22F01002C1
:1060600003F10C0040E800210029F3D1CAE700BF8A
:1060700008B50368806B1B6813F480731AD102683B
:10608000C38402F1140353E8003F23F0800302F1BC
:10609000140040E800310029F3D102F10C0353E869
:1060A000003F43F0400302F10C0040E800310029BA
:1060B000F3D108BDFEF7FAF908BD00BF704700BF75
:1060C00008B5806BFFF7FAFF08BD00BF704700BF3F
:1060D000704700BF08B5806B0268516990F8413085
:1060E000212B0BD0526990F84230222B1ED0436CEA
:1060F00043F010034364FEF7E7F908BD0906F1D544
:106100000023C38402F10C0353E8003F23F0C003D3
:1061100002F10C0C4CE800310029F3D1202380F867
:106120004130526990F84230222BE0D15306DED53F
:106130000023C385FFF7F8FDD9E700BF08B5806BE2
:106140000023C385FEF7C0F908BD00BF806B08B50A
:1061500001234363036B012B02D0FFF7B9FF08BD96
:10616000818D4908FEF772F908BD00BF08B50368C4
:10617000806B1A6812F480722BD10368C28503F118
:106180000C0252E8002F22F4807203F10C0C4CE850
:1061900000210029F3D103F1140252E8002F22F06C
:1061A000010203F1140C4CE800210029F3D103F1A2
:1061B000140252E8002F22F0400203F1140C4CE8C4
:1061C00000210029F3D1202280F84220026B012A0D
:1061D00007D000234363036B012B0FD0FFF776FF3B
:1061E00008BD03F10C0252E8002F22F0100203F167
:1061F0000C0C4CE800210029F3D1EAE7818DFEF771
:1062000025F908BD8368B3F5805F45D0826A002B0D
:106210003AD003685B6803F07F031370836A01332D
:106220008362C38D013B9BB2C385002B33D10268CF
:10623000D16821F0200100B5D160D16821F48071CE
:10624000D16051694FF0200C21F00101516180F8BB
:1062500042C04363016B012983B028D1036302F17B
:106260000C0353E8003F23F0100302F10C0C4CE840
:1062700000310029F3D11368DB0622D4818DFEF7AB
:10628000E5F803B05DF804FB0369002BC1D1036896
:106290005B681370C2E7704703696BB90268836A71
:1062A0005268C2F3080223F8022B8362B9E7FFF7B2
:1062B0000DFF03B05DF804FB0368826A5B6813702E
:1062C000ACE701911368019353680193019BD5E7F3
:1062D00070B503681A68D9685E6912F00F0F82B052
:1062E00004461D4672D1930602D58E0600F1D88071
:1062F000236B012B0BD0160602D5080600F1A680F1
:10630000520602D54B0600F1C08002B070BDD60621
:10631000F1D5C806EFD5002301932B6801936B6874
:106320000193019B6B695B0640F1E980E06B0368B8
:106330005968A38D89B2002900F026818B4240F272
:106340002381C269E185B2F5807F36D005F10C0367
:1063500053E8003F23F4807305F10C0141E800325B
:10636000002AF3D105F1140353E8003F23F00103A1
:1063700005F1140141E80032002AF3D105F11403BC
:1063800053E8003F23F0400305F1140141E80032D7
:10639000002AF3D1202384F84230226305F10C0354
:1063A00053E8003F23F0100305F10C0141E80032EF
:1063B000002AF3D1FEF752FDA38D02226263E28D23
:1063C0009B1A204699B2FEF741F89EE706F00106B7
:1063D00001F4907030438BD0D00705D5CD0503D59F
:1063E000606C40F001006064500726D52EB1606CEF
:1063F000950740F00200606423D4150707D501F02B
:106400002000304303D0606C40F008006064606C92
:1064100000283FF47AAF900602D58A0600F1AA80E0
:106420005B69656C03F0400305F008051D432046D9
:1064300040D1FEF749F8656467E79007DDD5002E87
:10644000DBD0606C40F004006064D6E794F8413023
:10645000212B7FF45AAFA368B3F5805F00F09D80D5
:10646000236A5A1C22621B786B60E38C013B9BB24F
:10647000E384002B7FF449AFEB6823F08003EB60EB
:10648000EB6843F04003EB603FE7EB68202223F02A
:106490004003EB60204684F84120FEF707F834E71C
:1064A00090F84230222B7FF430AF02B0BDE870404C
:1064B000FFF7A8BEFFF738FC25686B695B061AD5A5
:1064C00005F1140353E8003F23F0400305F11401E4
:1064D00041E80032002AF3D1E06B60B1354B03652F
:1064E000FEF704FD00283FF410AFE06B036D02B02F
:1064F000BDE8704018472046FDF7E6FF05E7E28D4E
:10650000E38D9BB292B2002B3FF4FFAEA18D8A1AAD
:1065100091B200293FF4F9AE05F10C0353E8003FB6
:1065200023F4907305F10C0040E80032002AF3D107
:1065300005F1140353E8003F23F0010305F11400B3
:1065400040E80032002AF3D1202384F8423022634D
:1065500005F10C0353E8003F23F0100305F10C0094
:1065600040E80032002AF3D1022363632046FDF79E
:106570006DFFCAE694F84220222A7FF451AF2046EC
:10658000FFF740FE23684BE799427FF4BEAEC36934
:10659000B3F5807F7FF4B9AEE6E72369002B7FF483
:1065A0005FAF236A33F8022BC2F308026A602362EA
:1065B0005BE700BF3D61000830B5044600232220A0
:1065C0006364256884F84200E06BA162A2850365DC
:1065D00013460A46291D204DC563204D0564204DF4
:1065E000C56483B0FEF7FAFB70BB236801901A689C
:1065F000019259682269019101995AB103F10C0283
:1066000052E8002F42F4807203F10C0444E80021A8
:106610000029F3D103F1140252E8002F42F00102E5
:1066200003F1140444E800210029F3D103F114021A
:1066300052E8002F42F0400203F1140444E8002124
:106640000029F3D103B030BD102220230120626461
:1066500084F8423003B030BD6D6100084D61000820
:10666000D560000890F842C0BCF1200F06D129B3D4
:1066700030B583B022B9012003B030BD022070478D
:1066800001230446002503634563FFF795FF236B51
:10669000012BF0D12268019513680193536801938F
:1066A000019B02F10C0353E8003F43F0100302F199
:1066B0000C0444E800310029F3D1DDE701207047E4
:1066C000034AD2F8883043F47003C2F88830704728
:1066D00000ED00E02DE9F843244A254C254B264ED9
:1066E0002468D2F80080D3F8009005463068043062
:1066F0000F4600F029FF48B933682049DA6A0123C0
:1067000003FA02F20B6823EA02030B606B1C15D03C
:106710003368316864195C600AD24046043100F085
:10672000FBFE174B1A68A24288BF1C60BDE8F883C5
:1067300048460431BDE8F84300F0EEBE002FE7D034
:10674000104B30685A68316882609068C860316860
:106750009068043141603068196834680430013150
:10676000906019606361BDE8F88300BF40180020A5
:1067700038190020441800203C180020BC180020C4
:10678000EC18002010190020204B10B50022204CDE
:106790001A6021682268236812681B6B9A4204D928
:1067A0000B6B1A68B2F1A53F22D021682068343102
:1067B000FBF7EEFD174B1B68B3FA83F3DBB2C3F1B3
:1067C0001F0303EB8303144A990002EB8303505821
:1067D00008B972B6FEE758680831406858600A4444
:1067E000904204BFD8685860C3682360236810BD16
:1067F0005A68B2F1A53FD8D19A68B2F1A53FD4D179
:10680000DB68B3F1A53FD0D1D4E700BF3C1900202D
:106810003C180020BC18002048180020F8B50F4D87
:106820002B68CBB10E4F0F4E01F09EF8FB68DC6871
:10683000201D00F089FE3368013B33602B68013B6B
:106840002B6001F0ABF8206B01F044FA204601F018
:1068500041FA2B68002BE7D1F8BD00BFB01800202B
:1068600024190020AC18002008B5094C4FF0E02690
:106870004FF08055FFF7D2FF2368012B05D9C6F8EA
:10688000045DBFF34F8FBFF36F8FFBF783FDF1E71D
:10689000481800202DE9F04F5B4B1C68013483B091
:1068A0001C60002C00F08780584B0193019B1B68F3
:1068B0009C4267D3DFF864E1DEF800301B68002BF0
:1068C0007FD05348DFF860B1524D4FF0000CA24624
:1068D0004AE0D3E902285969C2F80880C8F80420C0
:1068E0004A68A2420A6808BFC1F804800026013A3B
:1068F0005E610A60996A79B1D3E907824E68C8F887
:1069000008201A6ABE42C2F8048008BF4A6000220A
:106910009A620A68013A0A60DA6AD5F8009002EBD6
:106920008207012100EB8708914041EA09012960B3
:10693000D8F8041099608E68DE6050F8276006F180
:1069400001098E6874608C60DBF80010C3F8148055
:1069500040F82790DEF80030C96A1B688A4288BF79
:106960004FF0010C002B30D0DEF80030DB68DB6824
:106970005A68924503F1040403F11807A9D2019B58
:106980001A6004E02248DFF8A0B04FF0000CDBF8FA
:106990000030214ADB6A126803EB830350F823308E
:1069A000022B28BF4FF0010C002A0CBF60460120CB
:1069B00003B0BDE8F08F194B1A68126852B172B675
:1069C000FEE71348DFF860B09C46019A4FF0FF33B2
:1069D0001360DCE7124A18681168196011491060E9
:1069E0000A6801320A601A68126832B9074B0193CB
:1069F0001A464FF0FF33136058E71B68034ADB6801
:106A000001921B68136051E738190020EC18002030
:106A100048180020BC1800203C1900204018002015
:106A200044180020F01800203C1800202DE9F04FF9
:106A3000554F3B68013B3B60D7F8008083B0B8F10D
:106A4000000F40F09180514B1B68002B00F08C80B0
:106A5000DFF854C1DCF80030002B00F092804C4B82
:106A6000DFF848E14B4D01934FF0010BC246DCF8D3
:106A70000C30DB68D3E907019A6A8160486050688E
:106A800003F11804A04208BF51601168C3F828A0A0
:106A900001391160D3E90221586991604A60426866
:106AA000DEF800401E1DB24208BF41600168DA6A8C
:106AB0000139016002EB820005EB80080BFA02F15C
:106AC0000C43D8F80410CEF800408C68DC60324CDF
:106AD00099602468D4F82C9055F820400134009433
:106AE0008C684A4566608E60C3F81480009B45F848
:106AF000203084BF019BC3F800B0DCF80030002BCD
:106B0000B5D1264B1A681268002A35D01A68244B72
:106B1000D26812681A60234D2C68A4B1DDF8048095
:106B2000012606E0FFF7B6FE08B1C8F80060013C98
:106B300008D03B68002BF5D02B68013C03F1010322
:106B40002B60F6D12C60019B1B686BB14FF0E023EA
:106B500011494FF080520968C3F8042DBFF34F8FDD
:106B6000BFF36F8F012000E00020009000F016FFBF
:106B7000009803B0BDE8F08F094B4FF0FF321A6068
:106B8000C9E7034B0193C6E7B4180020AC180020F6
:106B90003C190020481800203C1800204018002014
:106BA000EC180020F4180020F8180020BC18002071
:106BB0002DE9F0474FEA82090746484616460D463A
:106BC000984600F0D9FF30B382465C2000F0D4FF35
:106BD000044620B35C22002101F042F94A46C4F881
:106BE00030A05046A52101F03BF9226B75B105F1AB
:106BF000FF3C04F133030F351CF8011F03F8011F9C
:106C000009B1AC45F8D1002384F84330089B042B2C
:106C10000CD972B6FEE74FF0FF30BDE8F087504662
:106C200001F058F84FF0FF30BDE8F087089BE362B1
:106C3000251DE3642846A9F10409914400F068FC8D
:106C400004F1180000F064FC089B246129F0070996
:106C5000C3F105034846646242463946A36100F029
:106C60005FFEA9EB0009B6EBA90F206001D872B650
:106C7000FEE7099B03B11C6000F076FE414A424EDC
:106C80001368013313603368002B4DD03F4F3B68CE
:106C9000002B40D0E36ADFF81081DFF81091DFF8B5
:106CA00010C103EB830208EB820E9200DEF80410A1
:106CB000A1608868E060D9F8000001306064C9F81C
:106CC0000000886845608D6058F80210DCF800000C
:106CD000C4F814E00125013105FA03F3034348F831
:106CE0000210CCF8003000F059FE3B6883B13268E6
:106CF000E36AD26A9A420BD24FF0E0234FF08052FF
:106D0000C3F8042DBFF34F8FBFF36F8F284684E77E
:106D10002846BDE8F0873368DFF88C80DA6AE36ADA
:106D20009A4298BF3460B8E734601368012B04D0EE
:106D3000E36ADFF87480154FAFE7DFF86C804746F1
:106D400008F164093846143700F0D6FBB945F9D18B
:106D5000DFF860900E4F484600F0CEFB384600F05A
:106D6000CBFB0C4800F0C8FB0B4800F0C5FB0B4800
:106D700000F0C2FB0A4BC3F800900A4B1F60E36AA5
:106D8000024F8AE7AC1800203C1800200C190020A4
:106D9000D4180020F8180020241900201019002011
:106DA000401800204418002048180020B81800207F
:106DB000BC180020C018002070B159B170B51D4C2E
:106DC0002368013323601C4B1A682368012B05D00C
:106DD00072B6FEE772B6FEE772B6FEE70668731893
:106DE0002CBF012500259642036018D915B19A429F
:106DF00016D3002500F0B8FD23680BB972B6FEE784
:106E0000FFF714FE48B94FF0E0234FF08052C3F86B
:106E1000042DBFF34F8FBFF36F8F284670BD2DB188
:106E20000021981AFFF756FC0125E3E79A42E1D2C8
:106E3000F6E700BFB41800203819002010B550B98B
:106E40004FF0E0234FF08052C3F8042DBFF34F8F73
:106E5000BFF36F8F10BD0B4C236801332360236891
:106E6000012B01D072B6FEE70021FFF733FC00F0E2
:106E70007BFD23680BB972B6FEE7FFF7D7FD00284C
:106E8000DED010BDB418002030B587B000234921F2
:106E90001B4ACDE90233CDE904338DF808100DF11A
:106EA000090312F8014F03F8014B002CF9D1154BDF
:106EB0001548CDE900438022234602A9FFF778FE5A
:106EC000012819D100F0D6FC012815D14FF050034C
:106ED00083F31188BFF36F8FBFF34F8F0B490C4AB9
:106EE0000C4B4FF0FF350D6010601C6000F0B6FDDC
:106EF000094B1B6807B030BD0130F9D172B6FEE70F
:106F0000F0E10008E818002069680008EC1800208B
:106F10000C19002038190020780A0020024A136852
:106F200001331360704700BFB418002008B500F0AB
:106F30001BFD044B1B680BB972B6FEE7BDE80840A9
:106F4000FFF774BDB4180020014B1868704700BFEC
:106F500038190020054B1B680BB9FFF79BBC044A8E
:106F60001368013300201360704700BFB41800207D
:106F7000F4180020044B1B681BB1044B01221A605B
:106F80007047FFF701BC00BFB41800203C19002077
:106F900060B110B5064B0C461968183100F0BCFA08
:106FA00020460121BDE81040FFF794BB72B6FEE712
:106FB0003C18002018B3F0B4124C45688C46002AE7
:106FC00011462268AE68D5612268034616622668BB
:106FD0002268276802F118041A6808BF604602F1A7
:106FE000010CAA6806F11806566018BF4FF0FF3072
:106FF000AC60BB62F0BCC3F800C0FFF76BBB72B6FD
:10700000FEE700BF3C180020C368DB68002B59D0A6
:10701000D3E907019A6A2DE9F04181604860506820
:1070200003F11804A042284808BF516011680068A5
:10703000002501399D621160B8B124494A68DA61BE
:107040009068186290684460086894600130DA6A59
:10705000996208601E4B1B68DB6A93423DBF1D4B63
:10706000012018600020BDE8F0819A68D86859694D
:107070009060D868184D42604A68DFF860E01F1DD4
:10708000BA4208BF48600868DA6ADEF80080013852
:10709000086002EB820105EB810C8900DCF80440FA
:1070A0009C60A068D8606858461C0120904040EA67
:1070B0000800CEF80000A0684760A760C3F814C0BD
:1070C0006E50C7E772B6FEE7B4180020F81800202B
:1070D0003C1800203C19002048180020BC18002053
:1070E000034A044B12681B68C0E90023704700BFC5
:1070F000F01800203819002000B3F0B50D4683B019
:10710000D1B1044600F030FC2B68154A581C1168B8
:1071100024D0DFF850C0D4E90060DCF80070BE4233
:107120000ED088420CD800232B600120019000F083
:1071300035FC019803B0F0BD72B6FEE772B6FEE70B
:10714000A1EB000E7345EED95B1ADCF80010126853
:1071500003442B600020C4E90012E7E70020E5E7C4
:1071600038190020F0180020014B01221A607047E6
:107170003C190020054B1B6833B1054B1B68002BE5
:107180000CBF022000207047012070470C1900201E
:10719000B418002070B5054600F0E6FB95F84530C0
:1071A0005CB2002C14DD05F1240603E0631EDAB2A4
:1071B0005CB26AB16B6A304653B1FFF725FF002815
:1071C000F4D0FFF7D1FF631EDAB25CB2002AF1D12E
:1071D000FF2385F8453000F0E1FB00F0C5FB95F892
:1071E00044305CB2002C14DD05F1100603E0631E90
:1071F000DAB25CB26AB12B69304653B1FFF704FFD3
:107200000028F4D0FFF7B0FF631EDAB25CB2002AA8
:10721000F1D1FF2385F84430BDE8704000F0BEBBDB
:1072200020B3C36B70B50446F3B1056CA5FB033501
:10723000D5B90E4600F098FBD4E90F232168A56369
:1072400003FB02F2D31A0A44A2600B44FF2284F823
:1072500044206160E36084F84520D6B923693BB9D6
:1072600000F09CFB012070BD72B6FEE772B6FEE72F
:1072700004F11000FFF7C8FE0028F1D04FF0E02322
:107280004FF08052C3F8042DBFF34F8FBFF36F8FC1
:10729000E6E704F1100000F02FF904F1240000F0FB
:1072A0002BF9DDE768B170B51646A0FB012382B06B
:1072B000044623B901FB00F010F1510F03D972B657
:1072C000FEE772B6FEE75030019100F055FC05462E
:1072D00060B1019969B100F15003C5E90F412B601C
:1072E00001212846FFF79CFF85F84C60284602B034
:1072F00070BD0346F1E700BF2DE9F04385B0019270
:10730000002800F08F800D460446002944D0FFF786
:1073100031FF002845D000F027FBA66B002E56D188
:10732000019B9BB302A8FFF7DBFE374604F124085C
:107330004FF0E02900F032FBFFF7F0FD00F014FB06
:1073400094F84430FF2B08BF84F8447094F845301B
:10735000FF2B08BF84F8457000F020FB01A902A8AC
:10736000FFF7CAFE10BB00F0FFFAA36B002B43D05F
:1073700000F014FB2046FFF70DFFFFF7D7FD00F0EC
:10738000F3FAA66B1EBB019B002BD3D100F006FBCA
:10739000002005B0BDE8F083036C002BB7D072B6B7
:1073A000FEE7019B002BB6D072B6FEE72046FFF742
:1073B000F1FEFFF7BBFD00F0D7FAA36B002BE5D081
:1073C00000F0ECFA00F0D0FAA66B002EDBD0226CB5
:1073D00052B1E168A36811449942E16024BF216879
:1073E000E1602846F9F78EF82369013EA663DBB910
:1073F00000F0D4FA0120CCE700F0D0FA0199404621
:10740000FFF7C6FD2046FFF7C5FEFFF78FFD0028FA
:10741000D8D14FF08053C9F8043DBFF34F8FBFF36D
:107420006F8FCFE772B6FEE704F11000FFF7ECFDB7
:107430000028DDD04FF0E0234FF08052C3F8042D38
:10744000BFF34F8FBFF36F8FD2E700BF20B311B3ED
:1074500030B40024134D234605EBC3024FEAC30C9E
:107460005268824214D034B10133042BF4D1C4E900
:10747000001030BC704755F833207AB10133042B2B
:1074800005EBC3024FEAC30CF3D052689042F2D12D
:1074900005EB0C04EBE7704772B6FEE705EB0C0456
:1074A000E2E700BF4019002070B504460E461546BD
:1074B00000F05AFA94F84430FF2B04BF002384F8FC
:1074C000443094F84530FF2B04BF002384F8453046
:1074D00000F064FAA36B23B12046BDE87040FFF7CB
:1074E00059BE04F124002A463146FFF763FD2046C9
:1074F000BDE87040FFF74EBE00F108034FF0FF31CA
:107500000022C0E90131C0E903330260704700BFC7
:1075100000230361704700BF30B40D686B1C10D0AE
:1075200000F108031C465B681A68AA42FAD902688F
:107530004B60013299608C606160086130BC026010
:10754000704704696368F2E7026910B4D0E9011377
:1075500054688B608442596008BF536013685DF8BB
:10756000044B013B0021016118461360704700BFC6
:10757000F8B5104C00F0F8F925681DB1BDE8F840E9
:1075800000F00CBA0C4F0D4E3846FFF7B5FF3046F1
:10759000FFF7B2FF0A4B1F600A4B2A460C21082056
:1075A0001E60FFF77FFE20600028E7D00649FFF746
:1075B0004DFFE3E794190020681900207C19002092
:1075C00060190020641900202CE8000870B50446FA
:1075D000164605E0934219D8236A20469847294663
:1075E000A36924615D182CBF01200020B542A6EBE1
:1075F00001026560EED9B14201D90028ECD0074BF9
:10760000211D1868BDE87040FFF786BF044B211D9F
:107610001868BDE87040FFF77FBF00BF6019002009
:1076200064190020104B1B68DB6870B5DC680546E8
:10763000201D0E46FFF788FF94F828305A0708D41B
:1076400023F0010384F828302046236ABDE8704007
:107650001847204632462946FFF7B8FF236A2046DE
:10766000BDE87040184700BF601900202DE9F04FB9
:107670007C4D7D4FDFF8F8817C4E85B04FF0E02ADD
:107680004FF000092B68D3F800B0BBF1000F00F0F9
:10769000C680DB68D3F800B0FFF740FCFFF754FC6E
:1076A0003B689842044679D35845386080F0D080D2
:1076B00000223068ABEB0401FFF7F6FEFFF736FC63
:1076C00038B94FF08053CAF8043DBFF34F8FBFF372
:1076D0006F8FCDE90199CDF80C903068002201A997
:1076E000FFF70AFE0028CDD0019B002BF5DBDDF86B
:1076F0000CB0BBF1000FF0D0DBF814301BB10BF174
:107700000400FFF721FFFFF71FFC3B689842044687
:1077100011D3019B3C60013B082BDED8DFE803F06E
:107720001515644B6B1515644B00DB684FF0FF318A
:107730001868FFF777FF2B681A68002AF5D1D8F888
:1077400000202A60C8F80030E3E79BF82820029B5D
:10775000DBF81800CBF810B042F001018BF82810CC
:1077600019182CBF4FF0010C4FF0000CA142CBF8C0
:10777000041049D8E31A98422FD8500763D422F056
:1077800001028BF82820DBF8203058469847A4E700
:10779000DB684FF0FF311868FFF744FF2B681A6869
:1077A000002AF5D1D8F800202A60C8F800303C60E3
:1077B000FFF7BCFB8DE79BF82820029BCBF8183025
:1077C00042F001028BF82820002B48D02344A3422A
:1077D000CBF80430CBF810B01BD8D8F800000BF170
:1077E0000401FFF799FE78E79BF8283023F00103A6
:1077F0008BF8283071E79BF828309A071FD523F0C3
:1078000001038BF8283068E7A34202D9BCF1000FCE
:10781000B3D028680BF10401FFF77EFE5DE7FFF7A8
:107820007DFBFFF791FB3B6883420446B6D8D8F84E
:1078300000303C601A68B2FA82F2520939E75846C1
:1078400000F048FA49E722465846FFF7BFFE9AE79C
:10785000FFF76CFB21465846FFF7E4FE39E772B6A6
:10786000FEE700BF60190020901900209419002045
:107870006419002000B583B0FFF77AFE094B1B683E
:1078800053B1094A09490A480423CDE900320023CB
:10789000C022FFF78DF908B972B6FEE703B05DF8B4
:1078A00004FB00BF941900209819002034E8000858
:1078B0006D7600080A4B1B6882B0002201330192EA
:1078C00001D072B6FEE74FF0500383F31188BFF387
:1078D0006F8FBFF34F8F019B002BFCD002B070471E
:1078E0007C0A002008480068006880F308884FF090
:1078F000000080F3148862B661B6BFF34F8FBFF308
:107900006F8F00DF00BF000008ED00E0DFF80C0023
:10791000016841F4700101607047000088ED00E0EB
:1079200010B44FF08073074C40F8043C21F0010183
:107930006FF0020340E9034140E909325DF8044B6E
:1079400044387047B5780008064B19680868B0E8F5
:10795000F04F80F30988BFF36F8F4FF0000080F382
:10796000118870473C1800204FF0500383F31188B2
:10797000BFF36F8FBFF34F8F074A13680133012B9B
:10798000136000D070474FF0E023D3F8043DDBB222
:10799000002BF7D072B6FEE77C0A0020054A136878
:1079A0000BB972B6FEE7013B13600BB983F3118884
:1079B000704700BF7C0A0020EFF30980BFF36F8F90
:1079C000144B1A681EF0100F08BF20ED108A20E932
:1079D000F04F10602DE909004FF0500080F311883E
:1079E000BFF34F8FBFF36F8FFFF7C4FA4FF0000064
:1079F00080F3118809BC19680868B0E8F04F1EF0E0
:107A0000100F08BFB0EC108A80F30988BFF36F8FA6
:107A1000704700003C18002008B54FF0500383F376
:107A20001188BFF36F8FBFF34F8FFFF793FA28B121
:107A30004FF0E0234FF08052C3F8042D002383F36E
:107A4000118808BD4FF0E023002203481A61072186
:107A50009A615861196170473F9002004FF0E0232E
:107A60003F4AD3F8001D91421ED0D3F8002D3D4B64
:107A70009A4217D070B584B03B4B002202921A781C
:107A8000FF21D2B28DF8062019701B78374ADBB27D
:107A90008DF807309DF8073003F0500313702BB9B1
:107AA00072B6FEE772B6FEE772B6FEE79DF80730E3
:107AB000DB4313F050020AD072B6FEE7029B01339B
:107AC00002939DF807305B00DBB28DF807309DF81C
:107AD00007301B06F2D4029B082B05D0029BC3F192
:107AE00007031B0203F4E0629DF8063020481E499C
:107AF00002604FF0E024DBB20B70D4F8203D1D4E45
:107B000043F47F03C4F8203DD4F8203D002543F022
:107B10007F43C4F8203DC4F81C5DFFF793FF356038
:107B2000FFF7F4FED4F8343F43F04043C4F8343F49
:107B3000FFF7D8FEFFF71EFA33680395013301D033
:107B400072B6FEE74FF0500383F31188BFF36F8FD7
:107B5000BFF34F8F039B002BFCD0002004B070BDFF
:107B600071C20F4170C20F4100E400E09C19002077
:107B7000A01900207C0A0020F8B5431E0A3339D82A
:107B800000F1080410F0070040D14B4DFFF7C6F993
:107B90002B68002B68D02346002B30DB7CB3474F8B
:107BA0003E68A6422BD3464946480B68834236D3EB
:107BB000DFF81CE1734532D88C4607E01A6842B101
:107BC00082429C464ED372454CD813465968A14216
:107BD000F4D32A689A4212D0DCF800500835854266
:107BE0001BD3754519D81868CCF80000A1423DD2C6
:107BF00072B6FEE7304DFFF791F92B688BB1FFF7B6
:107C000095F90025FAF7C2FB2846F8BDC0F1080037
:107C1000C343A342EED30444B7E772B6FEE772B69D
:107C2000FEE71C462748460715D100F5E04201460D
:107C30000646083A22F007022348214F2A60511ACB
:107C400001601E483E60016000207860C2E90000CB
:107C5000C6E90021A0E7C11D21F0070100F5E042BF
:107C60000E46E6E772B6FEE72346DBE7A1EB040E1D
:107C7000BEF1100F0AD91A19510701D072B6FEE7EA
:107C8000C2F804E021461851CCF800200E480468E0
:107C9000761AA64238BF06600C483E60026841F082
:107CA000004100241C60013259600260FFF73EF978
:107CB0006B07A9D072B6FEE7A4190020A88900209E
:107CC000B8890020A8190020AC890020B0890020C4
:107CD000A789002088B1F8B52D4EA0F10805B5425E
:107CE000044608D32B4FBD4205D850F8043C002B66
:107CF00004DB72B6FEE772B6FEE7704750F8081C68
:107D000009B172B6FEE723F00042134622F00702E3
:107D100040F8043C42BBFFF701F91F4A54F8041C29
:107D200013681E480B44136003461A461B689D42A5
:107D3000FBD8824203D0B24214D3BA4212D8506860
:107D40001418A5421FD06818834212D02B60AA4293
:107D500018BF1560124A136801331360BDE8F8407C
:107D6000FFF7E4B872B6FEE7A3F1080200F078F876
:107D7000D1E70C4800688342E8D0D3E900300144E1
:107D8000C5E90031E3E7014451601546DBE700BF78
:107D9000A8190020A7890020A8890020B889002000
:107DA000B4890020A4190020014B1868704700BF57
:107DB000800A002070B50D4E0D4D761BB61006D012
:107DC000002455F8043B01349847A642F9D1094EE6
:107DD000094D761B06F0FEF9B61006D0002455F8C2
:107DE000043B01349847A642F9D170BD44EC000829
:107DF00044EC00084CEC000844EC0008032A70B581
:107E000015D940EA010C1CF0030F04460B4621D1A2
:107E1000194620460E680568B54204F1040403F1D2
:107E2000040317D1043A032A20461946F0D8541EF9
:107E3000A2B100F1FF3C013901E0C3180CD01CF8DD
:107E400001EF11F8012F9645A4EB0C03F5D0AEEB32
:107E5000020070BD541EECE7184670BD104670BDA0
:107E6000830730B548D0541E002A3FD0CAB203461B
:107E700001E0013C3AD303F8012B9D07F9D1032C13
:107E80002DD9CDB245EA05250F2C45EA054536D951
:107E9000A4F1100222F00F0C03F1200EE6444FEA89
:107EA000121C03F1100242E9045542E90255103256
:107EB0007245F8D10CF1010214F00C0F03EB021221
:107EC00004F00F0C13D0ACF1040323F003030433CC
:107ED000134442F8045B9342FBD10CF003042CB131
:107EE000CAB21C4403F8012B9C42FBD130BD64464E
:107EF0001346002CF4D1F9E703461446BFE71A46AF
:107F0000A446E0E70CB410B51F4B00291C689CB0D8
:107F100035DB4FF40273ADF81430029006901FABBE
:107F200018D001394FF6FF7204910791ADF8162071
:107F300002A91E9A0193204600F0B6F9421C01DA0C
:107F40008B232360029B00221A701CB0BDE81040F6
:107F500002B070474FF6FF7204910791ADF81620FA
:107F600002A91E9A0193204600F09EF9431C01DAF3
:107F70008B2323601CB0BDE8104002B070478B23F8
:107F800023604FF0FF30F5E7800A0020024A1268B4
:107F900001235C3200F002B8800A0020F0B40746EA
:107FA00010B33E468C4616F8010B01E0A04216D0F5
:107FB0001CF8014B002CF9D1D8B116F8015B0C4626
:107FC00001E0002BF9D014F8013B9D42F9D14DB1ED
:107FD000002306F8013C16603846F0BC70475BB1E0
:107FE0003746DEE72E46F6E71768002FD9D1384628
:107FF000F3E7F0BC10607047166038463B70ECE762
:108000002DE9F04F814645488E4675461EF801CB56
:1080100010F80C4014F00804F7D1BCF12D0FE34622
:1080200054D0BCF12B0F08BF9EF800B06FF0004891
:1080300008BF05F1020E1BB1102B4FD01F4604E004
:10804000BBF1300F55D00A231F460025B8FBF7F6C9
:10805000284607FB168A07E0864215D329D007FB7E
:1080600000C001251EF801BBABF1300CBCF1090FBB
:1080700006D9ABF1410CBCF1190F08D8ABF1370CA4
:1080800063450DDD002DE7DA4FF0FF35EAE7ABF190
:10809000610CBCF1190F03D8ABF1570C6345F1DC4F
:1080A000002D0BDB04B140420AB195BB1160BDE865
:1080B000F08FE245D3DA4FF0FF35D3E72223C9F83A
:1080C00000301AB30EF1FF314046EFE79EF800B0E2
:1080D0004FF0004805F1020E0124ACE7BBF1300F70
:1080E000ACD19EF8000000F0DF00582807D01F46F2
:1080F000ABE79EF8003003F0DF03582B0BD11027BD
:108100009EF801B03B460EF1020E9EE74046BDE8E8
:10811000F08F8046D6E708231F4696E73DE8000823
:10812000012A09D0242A07D8844607481346006844
:108130000A466146FFF764BF10B5FFF735FE162308
:108140000360002010BD00BF800A00202DE9F04729
:1081500007464B480E46354616F801CB10F80C4042
:1081600014F00804F7D1BCF12D0FE64658D0BCF14D
:108170002B0F04BF96F800E0AE1C5BB1102B54D05F
:108180004FF0FF38B8FBF3F803FB08FA6FEA0A0A6E
:10819000994608E0BEF1300F5AD00A23DFF8E48098
:1081A0004FF0050A99460025284607E0404515D8B6
:1081B00029D009FB00C0012516F801EBAEF1300C07
:1081C000BCF1090F06D9AEF1410CBCF1190F08D86A
:1081D000AEF1370C63450DDD002DE7DA4FF0FF35CA
:1081E000EAE7AEF1610CBCF1190F03D8AEF1570C00
:1081F0006345F1DC002D0BDB04B140420AB16DB9DF
:108200001160BDE8F087D445D3DD4FF0FF35D3E7EB
:1082100022233B604FF0FF30002AF2D0711EEFE7BF
:1082200096F800E00124AE1CA7E7BEF1300F21D183
:10823000307800F0DF00582816D14FF0100996F87A
:1082400001E04FF00F0A02366FF070484B46AAE784
:10825000337803F0DF03582BEFD008234FF0070AE1
:108260006FF0604899469EE799466FF070484FF06E
:108270000F0A98E74FF00F0A6FF07048994692E79F
:108280003DE800089999991910B4054C84461346A5
:1082900020685DF8044B0A466146FFF757BF00BFF0
:1082A000800A0020000000002DE9F04F2DED0A8B20
:1082B000CFB00C4691460AEE101A09930AEE900AC6
:1082C00002F008FF036813931846F8F739FBA389F7
:1082D00012901A0603D52369002B00F0A0874D46A3
:1082E0009FEDA57B2B78002425AACDE92344CDE979
:1082F0001544CDE917448DED107B1AEE909A0E943B
:108300002292904614940594002B00F0EC81AB4629
:1083100004E01BF8013F002B00F01A81252BF8D157
:10832000BBEB050640F018819BF80030002B00F0F5
:10833000DA8100234FF0FF329BF801708DF86B302B
:1083400006930BF1010B04929A462B2420210BF18A
:10835000010BA7F120035A2B00F23C81DFE813F058
:10836000D5023A013A01D0023A013A013A016A00D3
:108370003A013A016502FE023A017002E4023A0152
:10838000DF025B005B005B005B005B005B005B008F
:108390005B005B003A013A013A013A013A013A01C5
:1083A0003A01D2013A0136028500D201D201D2014E
:1083B0003A013A013A013A01CB023A013A01C600C8
:1083C0003A013A013A0140023A0175023A013A0192
:1083D0004F073A013A013A013A013A013A013A01AA
:1083E0003A01D2013A0136028700D201D201D2010C
:1083F000BE02870080003A01B1023A019902C8002A
:10840000870280003A0140027D002A073A013A01C2
:108410002E073A017D00A7F1300300221BF8017BF3
:1084200002EB820203EB4202A7F13003092BF5D9DC
:1084300006928EE7484602F04DFE436817931846B1
:10844000F8F77EFA18900646484602F043FE836825
:1084500015932021002E40F0C2859BF8007076E72E
:108460009BF800704AF0200A71E74AF0100A1AF0EF
:10847000200F099B00F09A81073323F007031A4667
:108480005B6852F8084B09921E46002BC0F26B85C0
:10849000049B013301F03A802AF08003039354EAED
:1084A000060300F0E7840A2C76F1000380F0908741
:1084B00030340123DDF80CA08DF8374107930DF21D
:1084C0003715049907989DF86B3081424FF00002F0
:1084D000B8BF0146089203910C920F920D92002BA7
:1084E00000F08980039A0132039284E04AF0100A76
:1084F0001AF0200600F04B81099B073323F0070395
:108500005E6853F8084B09932AF4806303930023B1
:1085100000228DF86B20049A551C00F026820399E6
:1085200021F0800A54EA060140F01D82002A41F041
:108530002980002B40F0A484039B13F001030793D0
:1085400000F0428530238DF837310DF23715B8E74A
:10855000BBEB050600F0C780249B33442493239B88
:108560000133072BC8E90056239309DC08F10808FA
:10857000059B33440593D7E600000000000000008F
:108580001AEE101A22AA484603F09EFC90B90DF18B
:108590009408EDE71AEE101A22AA484603F094FC5C
:1085A000002800F09180089B23B108991AEE900AE8
:1085B00002F08AFC1AEE103A9B8913F0400F059BDB
:1085C00018BF4FF0FF33059305984FB0BDEC0A8BF1
:1085D000BDE8F08F002F00F0868000238DF8D47066
:1085E0008DF86B300122CDE90723039204930C939D
:1085F0000F930D9335AD1AF002020A9202D0039A3E
:10860000023203921AF084020B9205D1069A039962
:10861000561A002E00F30D83249C8BB1239B0DF181
:108620006B0201330134C8F80020072B4FF0010220
:1086300024942393C8F8042000F3338308F1080836
:108640000A9B83B1239B1BAA01330234C8F8002084
:10865000072B4FF0020224942393C8F8042000F360
:108660002D8308F108080B9B802B00F00F82049BE0
:10867000079A9E1A002E00F350821AF4807F40F071
:10868000AB81079BC8F804301C44239BC8F80050FA
:108690000133072B2494239300F3BE8208F10808CA
:1086A0001AF0040F05D0069B039A9D1A002D00F3C3
:1086B0001283DDE9053203998A42ACBF9B185B182F
:1086C0000593002C7FF466AF00232393089B1BB116
:1086D0000899484602F0F8FB0DF194085D462B78A6
:1086E000002B7FF414AE249B002B3FF463AF1AEEF3
:1086F000104A1AEE101A1AEE900A22AA03F0E4FBAE
:10870000A3895AE7099B073323F00703B3EC027BE5
:108710008DED107BDDE91012099322F000430BEE82
:10872000101A0BEE903A4FF0FF32B0EE4B9AF0EE8B
:108730006B9AA54B51EC190BF8F718FE002840F086
:108740006784A14B51EC190B4FF0FF32F8F7F0FDA5
:10875000002840F05D84DDE9100100220023F8F7D5
:10876000DDFD002840F0A5879DF86B30974D984AB5
:108770002AF0800A0321472FC8BF1546002208921D
:108780000391079104920C920F920D92A7E61AF0B2
:10879000100340F033841AF0400200F05B87099A1E
:1087A00052F8044B09921E46A4B2ADE653F8044BAE
:1087B00009931AF0100F40F00E841AF0400F00F0E9
:1087C000068444F3C036334624B25EE6099A002399
:1087D00052F8041B8DF86B308DF8D410099201E724
:1087E000099C54F8045B00268DF86B60002D00F0A6
:1087F000D986049B5A1C00F046851A463146284605
:10880000F8F70EF90890002801F07A80089B04968A
:10881000591B079121EAE1719DF86B30099403918E
:1088200008960C960F960D9659E6099B53F8042B63
:108830000692002A80F2C383069A09935242069256
:108840009BF800704AF0040A81E54AF01003039394
:10885000039B13F0200600F07383099B073323F07A
:1088600007035E6853F8084B0993012350E6099B00
:1088700053F8044B099330234AF0020278278DF80D
:108880006C30544B149303928DF86D7000260223C4
:108890003EE61AF0200F40F082841AF0100F40F0EC
:1088A00078861AF0400F40F04C871AF4007F00F0F1
:1088B0007086099B059953F8042B099311705D4646
:1088C0000DE79BF800706C2F03BF9BF801704AF016
:1088D000200A0BF1010B4AF0100A38E59BF80070F2
:1088E000682F03BF9BF801704AF4007A0BF1010B6B
:1088F0004AF0400A2BE59BF800704AF0080A26E58A
:108900009BF800704AF0010A21E59DF86B30002BBE
:108910007FF4A3AD9BF800708DF86B1017E59BF802
:1089200000704AF0800A12E55A4612F8017B2A2F9D
:1089300001F0F381A7F13003092B934698BF002281
:1089400000F2F4871BF8017B02EB820203EB420288
:10895000A7F13003092BF5D90492FAE49BF80070D3
:108960008DF86B40F3E4CDF80CA0012B3FF49BADE8
:10897000022B4EAD12D1149A04F00F032409D35CDC
:1089800005F8013D44EA0674360954EA0603F3D1BA
:108990004EAB5B1BDDF80CA0079392E504F00703D8
:1089A000E40844EA4674F608303354EA06012A46DD
:1089B00005F8013DF2D10399C80700F14C824EAB96
:1089C0005B1B8A4607937CE5FFFFEF7F44E90008C5
:1089D00048E9000854E90008652F40F3D780DDE935
:1089E000100100220023F8F78FFC002800F0B4816A
:1089F000239BBC4AC8F80020013301340122072B15
:108A000024942393C8F8042000F3848508F108080F
:108A10001C9B0E9A934280F2CD82129B139A1C44A7
:108A2000C8E90023239B24940133072B239300F3ED
:108A3000E98308F108080E9B5D1E002D7FF730AE1C
:108A4000102D239B41F34781A74F0A9722461026FA
:108A50001AEE104A05E008F10808103D102D40F309
:108A6000678501331032072BC8E90076CDE9233240
:108A7000F1DD22AA2146484603F026FA00287FF4B9
:108A800092ADDDE923320DF19408E6E7069B039AE7
:108A90009E1A002E7FF7EBAD102E239B41F34F80E3
:108AA00091490B9522461AEE105A0A910C4604E0A1
:108AB000103E102E08F1080819DD01331032102184
:108AC000072BCDE92332C8F80040C8F80410EFDDC9
:108AD00022AA294648460DF1940803F0F5F900282A
:108AE0007FF461AD103E102EDDE92332E5DC0B9DF5
:108AF000144601330A9AC8F800203444072BCDE904
:108B00002334C8F8046000F32F85049B079A9E1A4B
:108B1000002E08F108087FF7B0AD102E239B40F31C
:108B2000C48571480A90424621461AEE108A0446CE
:108B300004E0103E102E02F1080216DD0133103160
:108B40001020072BCDE9233114605060F1DD22AAFB
:108B50004146484603F0B8F900287FF424AD103EA2
:108B6000102EDDE9233125AAE8DC90460C460133BE
:108B70000A9AC8F800203444072BCDE92334C8F8FA
:108B8000046000F3CF8108F1080876E50E9B012B05
:108B900040F37C81239EC8F8005001360134012344
:108BA000072E24942396C8F8043000F3E78108F1D7
:108BB0000808129B139A01361C44072EC8E90023AB
:108BC000CDE9236400F3E88108F10808DDE910012C
:108BD00000220023F8F798FB002840F076810E9BD6
:108BE0000136013B01351C44072EC8F8005023967E
:108BF000C8F80430249400F35A8108F10808169B41
:108C0000C8F8043001361C44072E1EABCDE923649E
:108C1000C8F800307FF742AD1AEE101A22AA484673
:108C200003F052F900287FF4BEAC249C0DF19408A7
:108C300036E5102EDDE9233222DD199510241AEED7
:108C4000105A04E0103E102E08F1080817DD013319
:108C500026491032072BC8E90014CDE92332F1DD93
:108C600022AA294648460DF1940803F02DF9002860
:108C70007FF499AC103E102EDDE92332E7DC199D1C
:108C8000C8F804600133B418072B184AC8F800204C
:108C9000CDE9233400F3E1839DF86B3008F1080837
:108CA000BBE41AEE101A22AA484603F00DF9002878
:108CB0007FF479AC249C0DF19408C1E41AEE101AEB
:108CC00022AA484603F000F900287FF46CAC249CEB
:108CD0000DF19408C7E4102D239B26DD1AEE107ABF
:108CE00010260AE084E9000898E9000888E90008ED
:108CF000103D102D08F1080817DD0133C24A103469
:108D0000072BC8E90026CDE92334F1DD22AA394634
:108D100048460DF1940803F0D7F800287FF443ACDF
:108D2000103D102DDDE92334E7DC0133B64AC8F8E5
:108D300004502C44072BCDE92334C8F800207FF7DA
:108D4000B8AC1AEE101A22AA484603F0BDF8002863
:108D50007FF429AC249CACE41C9A002A40F396834F
:108D6000DDE90D739F42A8BF1F46002F0BDD239B3B
:108D700001333C44072BC8E900572494239300F3A4
:108D80005C8508F108080D9E002FA8BFF61B002E79
:108D900000F353820D9B1AF4806F2B44079340F02D
:108DA00083821C9B0E9A934203DB1AF0010F00F0A2
:108DB000B884129A13991444C8E90012239A24948F
:108DC0000132072A239200F3768508F108080E9AEB
:108DD0000799AE18761AD51AAE42A8BF2E46002EB5
:108DE0000DDD239BC8F8001001333444072BC8F86D
:108DF00004602494239300F39D8508F10808002E55
:108E0000A8BFAD1B002D7FF74BAC102D239B40F36B
:108E100062877E4F0A97224610261AEE104A05E016
:108E200008F10808103D102D40F382830133103201
:108E3000072BC8E90076CDE92332F1DD22AA2146CD
:108E4000484603F041F800287FF4ADABDDE923325A
:108E50000DF19408E6E7302B3FF49AAD3023023A47
:108E600005F8013C4EAB9B1ADDF80CA007931546A4
:108E7000FFF727BB049B002B7FF41AABDDF80CA097
:108E80000023049307934EADFFF71BBB1AF0010FAD
:108E90007FF480AE239EC8F80050013601340123D0
:108EA000072E24942396C8F804307FF7A6AE1AEE56
:108EB000101A22AA484603F007F800287FF473AB83
:108EC000DDE923640DF1940899E60E9B5D1E002DEB
:108ED0007FF795AE102D40F315874C4ACDF810A0C2
:108EE00023461AEE10AA0A921027144605E008F14C
:108EF0000808103D102D40F39D8301361033072ED6
:108F0000C8E90047CDE92363F1DD22AA514648466E
:108F100002F0DAFF00287FF446ABDDE923630DF1B0
:108F20009408E6E71AEE101A22AA484602F0CCFF8F
:108F300000287FF438AB249C0DF19408FFF79DBB0B
:108F4000039B13F0100340F02381039A12F04002B8
:108F500000F09B83099A52F8044B09921E46A4B272
:108F60000123FFF7D5BA2D2364428DF86B3066EBF1
:108F70004606CDF80CA00123FFF7CDBA1AEE101A61
:108F800022AA484602F0A0FF00287FF40CABDDE9DE
:108F900023640DF194080CE61AEE101A22AA484632
:108FA00002F092FF00287FF4FEAADDE923640DF1B0
:108FB00094080BE61AF0010F3FF472AB2DE59BF815
:108FC00000700993FFF7C3B94EADFFF77ABA1AF4F0
:108FD000007F40F0B083E6173346FFF756BA159B83
:108FE000002B3FF43AAA159B1B78002B3FF435AABF
:108FF0009BF800704AF4806AFFF7A9B9099B53F8FF
:10900000044B0993FFF780BA88E9000898E9000843
:10901000DDE9100102460B46F8F7A8F9002840F0F8
:10902000C385612F00F08685412F00F09484049B56
:10903000013327F02003039300F0B083472B00F0A7
:109040008285DDE910014AF48072002907924FF011
:109050000003C0F2248541EC180B0A930893039B8C
:10906000462B00F0F883452B00F04E85B0EE480A01
:10907000F0EE680A20AB01931DAB0093049A1CAB81
:109080000221484600F01CFF039B472B054640F099
:1090900069861AF0010F5646DDF81CA040F00B85DA
:1090A000209B5B1B0E93039B472B00F08B83039B42
:1090B000462B00F00F841C9B0D930D9B039A013BE4
:1090C000412A1C9300F0D785FAB20021002BB8BFCB
:1090D0000D9B8DF87820BABFC3F101032D222B22FE
:1090E000092B8DF8792040F3B7850DF18704DFF85F
:1090F00098C3224610468CFB0321DA17C2EBA1026B
:1091000002EB8201A3EB4101303100F8011C19464A
:109110006329134600F1FF32ECDC3033D9B2831EF1
:109120009C4202F8011C40F2048613460DF17A02BB
:1091300001E013F8011B02F8011B9C42F9D10DF16B
:1091400089030DF17A021B1A13441EAA9B1A169367
:109150000E9B169A012B1A44079240F3B785079B82
:10916000129A13440793079A002326F4806622EA92
:10917000E27246F4807A0C9303920F930D930A9B4C
:10918000002B40F0458304939DF86B30FFF7A7B99F
:10919000099B53F8044B09930123FFF7B9B9099BC5
:1091A000059853F8041B0993C217C1E900025D46F4
:1091B000FFF795BACDF80CA0FFF74ABBAF4B14935D
:1091C0001AF0200600F0EF80099B073323F0070315
:1091D0005E6853F8084B09931AF0010F09D054EA5E
:1091E000060306D030238DF86D704AF0020A8DF820
:1091F0006C302AF4806303930223FFF789B9A04BF4
:109200001493DDE71AEE101A22AA484602F05CFE1B
:1092100000287FF4C8A9249C0DF194080BE41AEEF1
:10922000900A402101F062FF20602061002800F0D8
:10923000848540236361FFF752B8102E239B40F3CF
:10924000698590480A90424621461AEE108A1027F6
:10925000044604E00832103E102E40F32F82013302
:109260001031072BC2E90047CDE92331F2DD22AAF4
:109270004146484602F028FE00287FF494A9DDE923
:10928000233125AAE7E7284604960994F7F758FB07
:1092900020EAE0719DF86B300790039108960C96D8
:1092A0000F960D96FFF71BB90E9BCDF828B0DDF891
:1092B0003CB0079E159FCDF81CA0EB1804934246C6
:1092C000DDF860A00C9B0B951AEE108AA446BBF14A
:1092D000000F30D093BB013F0BF1FF3B179BC2E95E
:1092E000003A239B0133D444072BCDF890C023933D
:1092F00062DC0832049B38789B1B8342A8BF03467C
:10930000002B1C460CDD239801309C440728C2E941
:109310000063CDF890C0239000F3198138780832AB
:10932000002CACBF051B0546002D0BDC06440C9B36
:10933000BBF1000FCED1002B00F033820C9B013B20
:109340000C93CBE7102D23981FDD1024634604E017
:10935000103D102D02F1080216DD0130494910338D
:109360000728C2E90014CDE92303F1DD22AA414612
:10937000484602F0A9FD00287FF415A9103D102DE4
:10938000DDE9230325AAE8DC9C4601303D4B55600E
:10939000AC440728CDE9230C136000F340823878F1
:1093A00008320644C3E71AF0100300F0A480099BBA
:1093B00053F8044B09930FE722AA4146484602F0AE
:1093C00083FD00287FF4EFA8DDF890C025AA91E77F
:1093D000039B079703F48063002209EE109ACDF8EF
:1093E0002080DDF854900DF59C7A174698460CE0E5
:1093F0000023204631460A22F6F702FF0A2C76F1B6
:1094000000031CD304460E46AA4620460A22002327
:109410003146F6F7F5FE30320AF1FF3501370AF82A
:10942000012CB8F1000FE3D099F800309F42DFD152
:10943000FF2FDDD00A2C76F1000380F050814EAB77
:109440005B1BCDF854900E9719EE109ADDE9077862
:10945000DDF80CA00793FFF734B81AEE101A22AA11
:10946000484602F031FD00287FF49DA89DF86B303E
:10947000249C0DF19408FFF7D0B800BF54E9000810
:1094800068E9000898E9000867666666239BC0499A
:10949000C8F80010013301340121072B24942393D1
:1094A000C8F8041000F32F8108F10808002A40F0E2
:1094B0008A800E9A0AF0010313433FF4F1A8129B2D
:1094C000139A1C44C8E90023239B24940133072BDF
:1094D000239300F33F8108F108080E9AC8F8005062
:1094E00001331444072BCDE92334C8F804207FF757
:1094F000D5A8FFF791BB1AF0400200F0B980099A95
:1095000052F8044B09921E46A4B265E6CDF80CA0B1
:10951000FEF7C9BF1AEE101A22AA484602F0D4FC80
:1095200000287FF440A8249C0DF19408FFF770BA3E
:10953000144601330A9AC8F800202C44072BC8F8B7
:109540000450CDE923347FF7A9A8FFF765BB22AA11
:109550004146484602F0B8FC00287FF424A8387839
:10956000DDF890C025AADBE61AEE101A22AA4846BA
:1095700002F0AAFC00287FF416A8249C0DF19408A0
:10958000FFF775B8012BCDF80CA07FF4F1A9FEF719
:109590008FBF099B059953F8042B5D461160099311
:1095A000FFF79DB8049A0895062A294628BF062287
:1095B00004952B460392774D099407920C910F91D5
:1095C0000D91FEF78CBF129B13991C44C8E9001340
:1095D000239B24940133072B239300F3BB8008F1D2
:1095E0000808002ABFF679AF5642103280F2AE83E7
:1095F00069480A902146424610271AEE108A04460E
:1096000004E00832103E102E40F3AF8201331031D7
:10961000072BC2E90047CDE92331F2DD22AA4146FA
:10962000484602F051FC00287EF4BDAFDDE923314D
:1096300025AAE7E7DDF810A01C4601360A9BC8F80A
:1096400000302C44072ECDE92364C8F804507FF77E
:10965000D4AA2CE4099B1AF4007614BF53F8044BE7
:1096600053F8044B09931CBF1646E4B2FEF74CBFF7
:10967000099B1AF4007614BF53F8044B53F8044BBB
:1096800009931CBF1646E4B2A6E5039B13F40076CB
:10969000099B14BF53F8044B53F8044B09931CBFA8
:1096A0001646E4B20123FEF733BF3B4A0A92FFF7A6
:1096B0005EBA2D238DF86B30FFF758B890460C46F4
:1096C00001330A9AC8F800203444072BCDE923342B
:1096D000C8F804604DDC08F10808FFF75BBB189B75
:1096E0001799ED1A1A46284602F0BCFB99F801308A
:1096F0000BB109F10109204631460A220023002757
:10970000F6F77EFD7EE61AEE101A22AA484602F00F
:10971000DBFB00287EF447AF1C9A249C0DF19408D3
:10972000C4E60E9A0799AE18761AD51AAE42A8BFAB
:109730002E46FFF764BB44F3C016334664B2FEF70F
:10974000A4BE099B059953F8042B099311805D462B
:10975000FEF7C5BF1AEE101A22AA484602F0B4FB63
:1097600000287EF420AFDDE923341C9A0DF1940823
:1097700037E71AEE101A22AA484602F0A5FB002885
:109780007EF411AF249C0DF19408FFF703BB00BFDA
:1097900084E900087CE9000898E90008062304939E
:1097A0004FE40B9D0E9BDDF81CA0DDF828B015974B
:1097B000EB189E429046324628BF1A4664460792EE
:1097C000FFF7EFBA1C9B0D93DA1C02DB049A93425D
:1097D00004DD023F27F0200303936EE4DDE90D3240
:1097E0009342C0F29980F00740F1DB81129A134452
:1097F0000793710503D50D9B002B00F3FF81079B99
:1098000023EAE3730393672700230C930F93B6E4D3
:109810002D2300228DF86B300492FEF763BE22AA3E
:109820004146484602F050FB00287EF4BCAE387832
:10983000DDF890C025AA064479E51AEE101A22AA8E
:10984000484602F041FB00287EF4ADAE249C0DF1A9
:109850009408FFF798BA20AB01931DAB0093049ACC
:10986000B0EE480AF0EE680A1CAB0321484600F04F
:1098700027FB0378302B054600F003821C9B049ADB
:1098800056461344DDF81CA0EC1851EC180B0022CE
:109890000023F7F739FD08B1234602E4209BA342D9
:1098A000BFF4FFAB30215A1C20921970209B9C42C0
:1098B000F9D8FFF7F6BB1AEE101A22AA484602F0B2
:1098C00003FB00287EF46FAE1C9B249C0DF19408D2
:1098D000FFF77DBA1C9A0D92002A40F3FF8104998C
:1098E00006F001030B4340F0B1810D9B07936627FF
:1098F000730500F18481079B23EAE373039383E7F5
:10990000049B0393079309949DF86B3004900C908B
:109910000F900D90FEF7E3BD0E9B129A9A180D9BC7
:109920000792002B40F3BB816727E1E700230493F4
:10993000FEF70FBD1AEE101A22AA484602F0C4FA2A
:1099400000287EF430AE1C9D0E9B249C5D1B0DF107
:109950009408FFF754BA30238DF86C3058238DF8F3
:109960006D30049B632B4AF0020400F3A7800023B0
:10997000089335ADDDE910124AF481730793002A8C
:1099800027F02003A2460393C0F28A80002342EC12
:10999000181B0A93612F00F01581412F7FF45FABF4
:1099A000B0EE480AF0EE680A1CA802F013FA002292
:1099B0004FF07F5351EC100BF7F73EFA02460B467F
:1099C00043EC192B00220023F7F79EFC08B101237A
:1099D0001C93B74B0B93049B1995CDE90CB7CDE9BC
:1099E0000EA80CEE109ADDF82CB059EC198B5E1E07
:1099F0002C4605E000220023013EF7F785FCE0B984
:109A0000AC4B002240464946F7F716FA8946804695
:109A1000F7F7C2FC0546F7F7A5F90B46024649469B
:109A20004046F7F751F81BF80530A24604F8013B11
:109A3000731C374680468946DCD149EC198B9E4B16
:109A4000DDF830B0DDF83C80CDF830A051EC190BDA
:109A500000223E46DDF838A00D9F0D951CEE109AB1
:109A6000199DF7F779FC98BB51EC190B924B00222A
:109A7000F7F74AFC10B10D9BD90729D4002E3346C5
:109A800006DB01332344302204F8012BA342FBD12F
:109A9000631B56460E93DDF81CA0FFF704BB08932A
:109AA000DDE9103408EE103A04F1004308EE903A74
:109AB0002D230A936EE7049BEC18E6E6591C4846F2
:109AC00001F014FB0546002800F04381089051E79F
:109AD0000C9B20930B9B14F8012CD97B8A422346C4
:109AE00009D1302003F8010C209B5A1E209213F854
:109AF000012C9142F6D0392A0BBF0B9A0132927A8F
:109B0000D2B203F8012CC3E7049BB0EE480AF0EE92
:109B1000680A5C1C20AB01931DAB009322461CAB72
:109B20000221484600F0CCF9054656462C44DDF8A3
:109B30001CA0AAE630238DF86C3078230FE75F4A2B
:109B40000A92FEF7D6BF049B002B08BF01230493A3
:109B5000119B4AF48072002B0792C0F2D9809DEDD0
:109B6000108B08900A90FFF781BA0C46904601339B
:109B70000A9AC8F800203444072BCDE92334C8F8EA
:109B800004607FF7A8AC1AEE101A22AA484602F029
:109B90009BF900287EF407ADDDE923340DF194082C
:109BA0009BE40D9B079324E6119B454D454A002BF2
:109BB000B6BF2D239DF86B308DF86B302AF0800AEC
:109BC000FEF7D8BD1CA8B0EE480AF0EE680A02F015
:109BD00001F900224FF07F5351EC100BF7F72CF9ED
:109BE00002460B4643EC192B00220023F7F78CFBAF
:109BF00008B101231C93344B0B93ECE667271599AE
:109C00000B78FF2B00F0B08000240D9A204603E073
:109C100001300131FF2B08D0934206DAD21A4B787B
:109C2000002BF5D10B780134F4E715910D920F90CC
:109C30000C940C9A0F9B18991344079A01FB032369
:109C4000079323EAE3730393FFF799BA129BD318A0
:109C50001944079166274BE6002956D130228DF82A
:109C60007A200DF17B02303302F8013B1EABD31A90
:109C70001693FFF76DBA07F10F02D2B20121FFF779
:109C800025BA51EC180B00220023F7F73DFB002802
:109C90007FF4F4AD049BC3F101031C93EFE5C3F122
:109CA00001031A4422EAE273079203936727ABE5A4
:109CB00068E90008000030400000E03F98E9000833
:109CC0004CE9000850E9000854E90008F4077FF562
:109CD0004AAAFFF744BA264A0A922AE4049A06F0EE
:109CE000010656EA020304D1012303936627079372
:109CF0008AE5129B01331A4422EAE2730792039326
:109D0000662781E51A4B0A9397E40DF17A02AAE7D8
:109D10000890C5E6164A0A92D2E4099B9BF80170A6
:109D2000934653F8042B099342EAE2720492FEF739
:109D30000EBB02231693FFF70BBA1AEE902A0C23E0
:109D400013604FF0FF330593FEF73EBC084A0A92BA
:109D50000DE71AEE101A8B8943F0400213468A81F0
:109D6000FEF72BBC049CE0E600230C930F9360E706
:109D700098E90008024B13B1024800F005B870479B
:109D800000000000FDAD0008002301461A461846F9
:109D900002F016B92DE9F04F03690C69A34283B0B4
:109DA000C0F28780013C01F11405A30000F1140802
:109DB000009355F8243058F82420013381469A4204
:109DC00008EB840005EB84070190B2FBF3F63BD36C
:109DD0000023AE4640469B465EF804AB02681FFA7D
:109DE0008AFC06FB0C334FEA134C4FEA1A4A06FB77
:109DF0000ACA1FFA83FCABEB0C0C1FFA8AF31CFA9D
:109E000082FCC3EB124202EB2C421FFA8CFC4CEAA0
:109E10000243774540F8043B4FEA224B4FEA1A438E
:109E2000DAD2009B58F8033073B9019B043B984584
:109E300004D307E0984504F1FF3403D253F8042912
:109E4000002AF7D0C9F81040484601F093FE0028D8
:109E50002BDB01364046002355F8041BD0F800C028
:109E60008AB29A1A0B0C12FA8CF2C3EB1C4303EB66
:109E7000224392B242EA0342AF4240F8042B4FEA37
:109E80002343E9D258F8242008EB84036AB9043B41
:109E9000984504D307E0984504F1FF3403D253F802
:109EA0000429002AF7D0C9F81040304603B0BDE8B5
:109EB000F08F002003B0BDE8F08F00BF000000006D
:109EC0002DE9F04F2DED068B95B08DED020B019134
:109ED000016C249D099259EC108B0446069341B104
:109EE000426C4A60012393408B6001F0E1FB002348
:109EF0002364B9F1000AB4BF012300232B607C4B1B
:109F0000BCBF2AF0004ACDF80CA033EA0A0300F0E7
:109F1000B2809DED027B002251EC170BB0EE479A08
:109F2000F0EE679A0023F7F7EFF9074680B1069A3B
:109F300001231360259B002B00F0DB826D48186025
:109F4000431E0093009815B0BDEC068BBDE8F08F62
:109F500012AA13A92046B0EE490AF0EE690A01F0F0
:109F6000D1FEB0EE498AF0EE698A5FEA1A560546DC
:109F700040F09980DDE912763E4406F23240202816
:109F800040F3AB83C0F140000AFA00FA06F2124037
:109F900028FA00F04AEA0000F6F7D4FE0123013E59
:109FA0000D93A1F1F871544B0022F6F78DFD4AA3F1
:109FB000D3E90023F6F740FF49A3D3E90023F6F7DE
:109FC00085FD804630468946F6F7CCFE46A3D3E9A8
:109FD0000023F6F731FF02460B4640464946F6F7A6
:109FE00075FD80468946F7F7D7F90022834600239E
:109FF00040464946F7F792F9002840F06D82BBF1E0
:10A00000160F00F25C823D4B03EBCB03D3E9002338
:10A0100051EC190BF7F782F9002875D00023BE1B0D
:10A020000C93731E0BF1FF3B049300F14F8200234E
:10A030000893BBF1000F6EDA089BCDF814B0A3EBC8
:10A040000B030893CBF100030B93019B092B4FF0FB
:10A05000000B69D8052B40F33E83043B0193002697
:10A06000019B023B032B00F29986DFE813F04E04BC
:10A070004B0443042604069A42F20F73CAF3130AF0
:10A0800013605AEA08031DD1259B002B00F07D8642
:10A090001B4B00930833259A0098136015B0BDEC54
:10A0A000068BBDE8F08F18EE903AC3F3130351EC22
:10A0B000190B43F07F510D97A6F2FF36129F41F422
:10A0C000401170E7259B002B40F0DB830D4B009384
:10A0D00038E700BFAFF3008061436F63A787D23FCB
:10A0E000B3C8608B288AC63FFB799F501344D33F87
:10A0F0000000F07F85E900080000F83FF8EA00085A
:10A10000ACE90008A8E90008BE1B731E049300F127
:10A110009A840C900890049B5B44CDE9043B002397
:10A120000B93019B092B95D9002301264FF0FF3299
:10A1300001930A9607920993079B0F93002161648C
:10A14000204601F08FFA0090002800F02F86009B37
:10A150002364079B0E2B00F2F980002E00F0F6809E
:10A160000599002940F37184BD4B01F00F0203EB08
:10A17000C2034FEA2118C905D3E9006740F10384FF
:10A18000B84B51EC190BD3E90823F6F77FFF41ECEC
:10A19000180B08F00F084FF0030AB8F1000F13D0A6
:10A1A000DFF8C09218F0010F09D030463946D9E9DE
:10A1B0000023F6F741FE0AF1010A06460F465FEA60
:10A1C000680809F10809EDD151EC180B32463B46FD
:10A1D000F6F75CFF41EC1A0B0C9B5BB157EC1A6B6A
:10A1E000A14B1AEE100A00223946F7F797F800281B
:10A1F00040F052855046F6F7B5FD53EC1A2BF6F7B2
:10A200001BFE9A4B0022F6F761FC079B8046A1F1EA
:10A210005079002B00F0F383059B1093079B0E935E
:10A220000A9B002B00F0C0840E9A8D4B9049DDF8FC
:10A2300000A003EBC20353E902230020F6F726FF38
:10A2400042464B46F6F740FC59EC1A8B41EC180B92
:10A2500049461AEE100AF7F79FF80746F6F782FD0F
:10A2600002460B461AEE100A4946F6F72DFC303727
:10A270000AF8017B53EC182B06460F46F7F74EF809
:10A28000002840F055854FF000080AEE105ACDF82E
:10A2900044B055465BEC18AB08EE104A44462AE041
:10A2A0000E9B01349C424BDA724B504659460022B9
:10A2B000F6F7C2FD6F4B002282468B463046394688
:10A2C000F6F7BAFD89468046F7F766F80746F6F7CF
:10A2D00049FD02460B4640464946F6F7F5FB303746
:10A2E00005F8017B52465B4606460F46F7F716F81F
:10A2F000002840F0188532463B465B490020F6F7BF
:10A30000E3FB52465B46F7F709F80028C8D0109BDC
:10A31000009A0593AA4618EE104A1AEE105A02E067
:10A32000924500F0EA84D1461AF8013D392BF7D066
:10A330000133DBB28AF80030059B01330593ABE1B2
:10A34000DDF844B01AEE105A18EE104A139B002B99
:10A35000C0F29480059A0E2A00F39080404B03EBE4
:10A36000C203D3E90089099B002B1BDA079B002B52
:10A3700018DC40F05D83404B002240464946F6F72A
:10A380005BFD02460B4651EC190BF6F7D1FFDDF8E9
:10A390001CA05646002800F0D082099BDDF8008002
:10A3A000DF43D2E242464B4651EC190BF6F76EFE04
:10A3B000F6F7F2FF06468346F6F7D4FC42464B46D4
:10A3C000F6F73AFD0B46024651EC190BF6F77CFB0B
:10A3D000DDF800A0334630330AF8013B079B012B20
:10A3E00000F08E834FF0010B08EE105A08EE904AF1
:10A3F0001D465446DA461DE042464B463046394635
:10A40000F6F744FEF6F7C8FF8346F6F7ABFC424684
:10A410004B46F6F711FD0AF1010A0B460246394692
:10A420003046F6F751FB0BF13003AA4504F8013B27
:10A4300000F061830F4B0022F6F7FEFC00220023A0
:10A4400006460F46F6F760FF0028D5D0A24618EE64
:10A45000105A18EE904A059B01330593D1461BE133
:10A46000F8EA0008D0EA00080000F03F00001C40B5
:10A470000000E03F00002440000014400A9A002A37
:10A480003FD0019A012A40F39C82079B03F1FF38D9
:10A490000B9B4345C0F26E82A3EB0808079B002B81
:10A4A000C0F26683049A1A440492089A17461A4422
:10A4B00008920121204601F0A9F9064625E0012372
:10A4C000BE1B0C93731E04937FF5B1ADC6F101035F
:10A4D000089300230493ACE55846F6F743FC424644
:10A4E0004B46F6F711FF00287FF489AD0BF1FF3BD7
:10A4F00085E5874B0093009815B0BDEC068BBDE851
:10A50000F08FDDF82C80089F0A9E002F0CDD049A46
:10A51000002A09DD0899BA421346A8BF3B46C91A6A
:10A52000FF1AD31A089104930B9BDBB10A9B002BF3
:10A5300000F08282B8F1000F0FDD3146424620461E
:10A5400001F040FA2A4601460646204601F08CF901
:10A5500029460546204601F0ABF80B9BB3EB0802F9
:10A5600040F000830121204601F050F9BBF1000FBB
:10A57000824600F3B780019B012B40F386814FF0A8
:10A5800000080120BBF1000F40F0B880049A10448D
:10A5900010F01F0000F09680C0F12003042B40F360
:10A5A000F883089BC0F11C0003440244089307444D
:10A5B0000492089B002B05DD29461A46204601F02F
:10A5C00061FA0546049B002B05DD51461A462046DC
:10A5D00001F058FA82460C9B002B40F03781079B14
:10A5E000002B40F31E810A9B002B40F0A180059BAD
:10A5F00001330593DDF80080DDF81C90012707E0AA
:10A60000294600230A22204601F05CF8013705465E
:10A6100051462846FFF7BEFB4F4500F1300008F8D1
:10A62000010BEDDB079A002AC8BF9346009AD8BFFA
:10A630004FF0010B03469344002729460122204690
:10A64000019301F01FFA5146054601F093FA0028E4
:10A6500040F3A5811BF8013C009A0BF1FF3B04E09D
:10A660005A4500F0A7811BF8013D392B0BF1010978
:10A67000F6D001338BF800305146204601F018F82F
:10A6800056B12FB1B74203D03946204601F010F839
:10A690003146204601F00CF82946204601F008F822
:10A6A000002389F80030DDE905231A60259B002B83
:10A6B0003FF448AC0098C3F8009015B0BDEC068B91
:10A6C000BDE8F08F1C20089B03440893049B0344BF
:10A6D000074404936DE70126C2E4C0F1200008FAA4
:10A6E00000F059E401465A46204601F06BF9019BFF
:10A6F000012B824640F3D5814FF00008DAF8103084
:10A700000AEB8303186901F031F8C0F120003DE73E
:10A7100084E90008314600230A22204600F0D2FFD7
:10A720000F9B002B064640F32383CDF8149007932C
:10A73000002F00F31881B8F1000F40F0FC81B04603
:10A74000029B009F079903F001027B1E1944019BA5
:10A750000A9213430891099351462846FFF71AFBC2
:10A7600031468346284601F005FA42465146814665
:10A77000204601F021FAC26801460BF13003002A9D
:10A7800042D104902846079301F0F4F9049902900D
:10A79000204600F08DFF029A079B1AB909990029FB
:10A7A00000F0D682B9F1000FC0F28781019949EA21
:10A7B00001090A9951EA090100F07F81002A00F39A
:10A7C000E781089A3B7007F101099742CB4600F0F8
:10A7D000E581294600230A22204600F073FF464502
:10A7E000054631464FF000034FF00A02204612D0D2
:10A7F00000F068FF4146064600230A22204600F08A
:10A8000061FF4F468046A7E72046029300F050FFC5
:10A81000029B0122C6E700F055FF4F4606468046E0
:10A820009AE7019B022B77DC0A9B002B80D1059BCA
:10A830005146013328460593FFF7ACFADDF800B026
:10A8400000F130030BF8013B0027F6E6514628469D
:10A8500001F090F90028BFF6C2AE294600230A2273
:10A86000204600F02FFF059B03F1FF390A9B0546A8
:10A87000002B7FF44FAF0F9B002B40F370820793A8
:10A88000B8E6BD4B0093033305E4DDE9021200296D
:10A890007FF475AEC2F31303002B7FF470AEB74B99
:10A8A0001340002B00F03D82089B01330893049B6A
:10A8B000013304934FF0010863E601230A93099BD7
:10A8C000059A13440F930133012B1F460793B8BF1A
:10A8D00001270021172F61647FF732AC0122042386
:10A8E0005B0003F11400B842114602F10102F7D9EE
:10A8F000616425E401230A93099F002F4ADD0F9725
:10A900000797E6E700230A93D9E700230A93F3E7C2
:10A910000F9BCDF814900793079B002B7FF43DAD60
:10A9200051460522204600F0CDFE014682462846CB
:10A9300001F020F900287FF730AD0098059F312302
:10A94000804600F8013B013700905146204600F058
:10A95000AFFE7B1CDDF800900593CDF80080002E43
:10A960007FF496AE98E631463A46204601F08AF8E2
:10A970000646E0E60B9BCDF82C80A8EB03039B4436
:10A980004FF000088AE54FF0020AB0EE498AF0EE77
:10A99000698A02E4012309930793FFF7CDBB03D132
:10A9A000019BDB073FF556AED9461BF8013D302B26
:10A9B000FAD061E6059B009A0133059331231370A9
:10A9C0005AE60D9A002A00F0638103F23343049A99
:10A9D000DDF82C801A440492089A17461A4408920B
:10A9E00067E55046F6F7BEF953EC1A2BF6F724FA52
:10A9F000634B0022F6F76AF88046A1F15079614B6B
:10AA0000002251EC1A0BF6F75FF842464B46064619
:10AA10000F46F6F7A1FC002840F07F81304639460A
:10AA2000424609F10043F6F779FC00283FF48EAC6A
:10AA30004FF0000A5646B0E429460B9A204600F033
:10AA4000C1FF05468EE50C9040E500F04E81059A69
:10AA50004D4B564206F00F0203EBC203D3E900232D
:10AA600051EC190BF6F7E8F9361141EC1A0B00F02E
:10AA70008881464F00234FF0020AF20706D5D7E936
:10AA80000023F6F7D9F90AF1010A0123761007F13C
:10AA90000807F2D1002B3FF49FAB41EC1A0BFFF7F4
:10AAA0009BBB029B002B7FF427AEDDE90212C2F3B1
:10AAB0001303002B3FF4F3AE1EE6002A12DD2946F5
:10AAC00001222046019300F0DDFF5146054601F0CA
:10AAD00051F80028019B40F33581392B00F0138198
:10AAE0000BF13103B94609F8013B059B01333746A9
:10AAF00005934646C0E5A24618EE105A18EE904A55
:10AB000002460B46F5F7E2FF42464B4606460F4625
:10AB1000F6F722FC60B942464B4630463946F6F716
:10AB2000F3FB00283FF497AC5FEACB717FF593AC61
:10AB3000009AFFF7F8BB7168204600F093FD0746C6
:10AB4000002800F03A81336902339A0006F10C01C3
:10AB50000C30F5F7D7FC39460122204600F092FF71
:10AB60008046EDE52946204600F02CFF0546F9E435
:10AB7000DDE907239F1A9CE4A8E900080000F07FA4
:10AB800000001C4000001440F8EA0008D0EA000869
:10AB9000392B00F0B880B9460133A4E7059A013299
:10ABA00037460592464648E50E988D4901EBC001AF
:10ABB00042464B4651E90201F6F73EF95AEC1A9B20
:10ABC00041EC180B51461AEE100AF6F7E5FB074662
:10ABD000F6F7C8F802460B461AEE100A5146F5F78A
:10ABE00073FF06460E98DDF800803037012808F81C
:10ABF000017B0F4600F0BA800E9B009ACDF838B06A
:10AC000013449B46C246774B002230463946F6F73E
:10AC100013F989468046F6F7BFFB0746F6F7A2F818
:10AC2000303702460B4640464946F5F74DFF0AF8D5
:10AC3000017BDA4506460F46E5D1DA46DDF838B045
:10AC4000694B59EC188B002218EE100A4946F5F7AB
:10AC50003DFF32463B46F6F761FB00286DD118EE0A
:10AC6000102A4B4660490020F5F72EFF32463B463E
:10AC7000F6F772FB00283FF469ABD1460AF1FF3AC0
:10AC800019F8013C302BF8D0109B0133059303E5F4
:10AC9000129BC3F136039AE6079B002B3FF4A1AE4B
:10ACA0000F9B002B7FF752AB059A0E93013A4D4B49
:10ACB00010921AEE100A39460022F6F7BDF8024645
:10ACC00016460F460AF10100F6F74CF832463B46AD
:10ACD000F6F7B2F8454B0022F5F7F8FE47EC1A6B91
:10ACE0008046A1F15079FFF79BBA4FF0020AB0EE0F
:10ACF00049AAF0EE69AAFFF76FBA059B01330593E5
:10AD00003123FFF717BB059BBB460133059339235E
:10AD100037460BF8013B46469EE44FF0000A564684
:10AD20000BE698462DE4AA4618EE104A1AEE105A81
:10AD3000109B01330593D146AEE4109B009A059316
:10AD4000FFF7F1BA7FF4CEAEDA077FF5CBAEC4E6FB
:10AD5000392BD8D0B9F1000F3FF7C2AEC2E6019B44
:10AD6000022B3FF7D5ADCDF8149060E5C24667E7FA
:10AD7000019B022B3FF7CCAD0F9BCDF814900793AE
:10AD8000D6E44FF0020AFFF727BA194B0093FFF7FA
:10AD9000D9B83FF40EACC0F13C0094E400266664E0
:10ADA0003146204600F05EFC009068B9114B124815
:10ADB00000224FF4D57101F049F90E4B0E483A4686
:10ADC00040F2EA2101F042F9009B236401224FF096
:10ADD000FF3309960F930A920793FFF7B7BA00BFA4
:10ADE000F8EA0008000024400000E03F00001C409A
:10ADF000ACE90008B8E90008CCE9000838B5084B10
:10AE0000084D5B1B9C1007D0043B1D44013C55F8CA
:10AE100004399847002CF9D1BDE8384003F0E0B977
:10AE200050EC00084CEC0008F8B5244F0C460646E0
:10AE300000F00CFCBA685568C4F57E630F3325F04A
:10AE400003052B4423F47F6323F00F03A3F5805401
:10AE5000B4F5805F07DB0021304600F0F1FFBB68EE
:10AE60002B44984204D0304600F0F6FB0020F8BD99
:10AE70006142304600F0E4FF01300DD0104ABB685B
:10AE80002D1B45F001055D60136830461B1B1360E8
:10AE900000F0E2FB0120F8BD0021304600F0D0FFB9
:10AEA000BA68831A0F2BDEDD43F001035360054BB4
:10AEB00003491B68C01A0860D5E700BFB40E002024
:10AEC000D0890020BC120020002961D0F8B50C46C2
:10AED000064600F0BBFB54F8042C7B4FA4F1080598
:10AEE00022F0010105EB010CB868DCF80430604584
:10AEF00023F0030300F08B80D207CCF8043032D467
:10AF000054F8082CAD1A1144AA6807F108008242CF
:10AF10006AD00CEB0304D4F804E0EC68D4601EF0B3
:10AF2000010FA26000F0978041F001036B60CCF844
:10AF30000010B1F5007F35D27A68CB0848090121AD
:10AF4000013381401143796007EBC30257F8331096
:10AF5000083AC5E9021247F83350CD603046BDE8E3
:10AF6000F84000F079BB0CEB03025268D00710D414
:10AF7000194407F10800DCF80830834273D0DCF88C
:10AF80000C20DA60936041F001036B606950D0E7F8
:10AF9000704741F00103B1F5007F44F8043CCCF860
:10AFA0000010C9D3B1F5206F4FEA512348D28B0965
:10AFB00003F1390003F13802C300F818FB580838D0
:10AFC000984259D05A6822F003028A4202D99B68FB
:10AFD0009842F7D1D868C5E902308560DD60304617
:10AFE000BDE8F84000F038BB0CEB03025268D20712
:10AFF00063D40B44DCE90212CA60916043F00102A1
:10B000006A603046EB50BDE8F84000F025BB0B44C9
:10B01000D10707D454F8082CAD1A1344D5E902120D
:10B02000CA60916043F001026A60284ABD601268FC
:10B030009A4293D8264B30461968FFF7F5FE8DE704
:10B04000142B0AD9542B1FD80B0B03F16F0003F1FB
:10B050006E02C300B1E719448DE703F15C0003F110
:10B060005B02C300A9E741F00103C7E90455C5E944
:10B0700002006B60695071E779689210012404FA4C
:10B0800002F20A437A60A6E7B3F5AA7F06D8CB0B93
:10B0900003F1780003F17702C3008EE740F25452C7
:10B0A000934206D88B0C03F17D0003F17C02C300B0
:10B0B00083E74FF47E737E227FE741F001036B60EC
:10B0C000CCF800104AE700BFB40E0020C0120020E8
:10B0D000008A002000487047B4130020704700BF6A
:10B0E000704700BF704700BF704700BF2DE9F04FA9
:10B0F00001F10B06162E83B0044624D8102900F265
:10B10000BA8000F0A3FA102618220220B54F3A4464
:10B11000A2F1080153688B4200F0BA805A68D968DE
:10B1200022F003021A449D68E9608D60516841F085
:10B1300001012046516003F1080500F08DFA284610
:10B1400003B0BDE8F08F36F0070600F19480B142FD
:10B1500000F2918000F07AFAB6F5FC7FC0F09A8197
:10B16000730A00F08F80042B00F26F81B30903F1A2
:10B17000390003F1380CC3009A4F3B44A3F1080592
:10B180005B689D4206D10CE0002980F22781DB68D4
:10B190009D4206D05A6822F00302911B0F29F3DD6D
:10B1A00060463D69DFF850C265457CD06A6822F090
:10B1B0000302931B0F2B00F37B81002BC7E904CC08
:10B1C00080F26C81B2F5007F80F01A81D308796833
:10B1D00001334FEA521E012202FA0EF20A4357F8D7
:10B1E00033E0C5F808E007EBC3010839E9607A608D
:10B1F00047F83350CEF80C5083100121994091420A
:10B2000057D8114206D120F003004900114200F145
:10B210000400FAD007EBC0094D468646D5F80C80ED
:10B22000454508D11DE1002B80F22481D8F80C801F
:10B23000454500F01681D8F8042022F00302931B44
:10B240000F2BF0DD2046D8E9025408EB060146F04A
:10B250000106C8F80460EC60A56043F00104C7E98A
:10B260000411C1E902CC4C6048F8023000F0F4F956
:10B2700008F1080502E00C2323600025284603B0EE
:10B28000BDE8F08F4FF4007340204FF03F0C73E7A0
:10B29000D3689A4208BF02307FF440AF3D69DFF8BF
:10B2A00058C1654582D17A68831001219940914245
:10B2B000A7D9BD686B6823F003094E4503D8A9EBF5
:10B2C00006030F2B7ADCDFF834B1474BDBF80020A4
:10B2D0001B680132334405EB090A00F0338103F5A2
:10B2E00080530F3323F47F6828F00F08414620462F
:10B2F00000F0A6FD411C024600F0F380824500F2FA
:10B30000EE803A4B196841441960084600F04E81BE
:10B31000DBF80010019301311BBFA2EB0A0A504475
:10B32000CBF80020186012F0070B00F01781CBF16A
:10B3300008010A44CBF5805190440831A1EB080183
:10B34000C1F30B0A51462046009200F079FD421CE1
:10B35000DDE9002300F04F81801A00EB0A0819682C
:10B36000BA6048F001005144BD425060196000F0DD
:10B370002981B9F10F0F40F227816868A9F10C0CFF
:10B380002CF0070C00F0010040EA0C0068604FF060
:10B39000050E05EB0C00BCF10F0FC0E901EE00F249
:10B3A000328150681546124B1A688A4238BF1960BC
:10B3B000104B1A688A4238BF196094E0AA1943F00A
:10B3C000010346F001066E602046BA60536000F04B
:10B3D00043F90835284603B0BDE8F08FD9681A4410
:10B3E000A1E600BFB40E0020008A0020D089002012
:10B3F000F8890020FC890020BC0E0020BC1200202F
:10B40000B2F5206F4FEA522363D3142B00F2B780BA
:10B4100003F15C01C9005B3307EB010E7958AEF113
:10B42000080E8E4500F091804B6823F00303934291
:10B4300002D989688E45F7D1D1F80CE07A68C5E960
:10B44000021ECEF80850CD60D6E6142B59D9542BE5
:10B4500000F29D80330B03F16F0003F16E0CC3000B
:10B460008AE60EF1010E1EF0030F05F108057FF4C8
:10B47000D5AE51E0424445465368D8F80C1043F02D
:10B480000103536055F8083F2046D9608B6000F0F7
:10B49000E3F8F3E6F00806F1080237E62A4420460E
:10B4A000536843F001035360083500F0D5F8E5E632
:10B4B000A919204646F0010643F001046E60C7E971
:10B4C0000411C1E902CC4C60AB5000F0C5F808355E
:10B4D000D4E6930903F13901C90038339CE7BD4232
:10B4E0005FD0BD68686820F003084645A8EB0603F6
:10B4F00002D80F2B3FF762AF204600F0ADF80025D1
:10B50000BCE603F15C0003F15B0CC30034E659F8C0
:10B5100008394B4540F0968010F0030F00F1FF30E2
:10B52000F5D17B6823EA01037B60490099423FF62D
:10B53000C0AE19B9BDE649000EF1040E1942FAD0A9
:10B54000704667E603F11008D0E69A104FF0010844
:10B550007B6808FA02F21A437A6070E702EB08018E
:10B560004942C1F30B0A51462046009200F068FCA4
:10B57000431CDDE900237FF4EFAEDA46EFE6542BFF
:10B5800025D8130B03F16F01C9006E3344E7B3F5FF
:10B59000AA7F25D8F30B03F1780003F1770CC300E1
:10B5A000EAE5294B186840441860B1E6CAF30B0C71
:10B5B000BCF1000F7FF4ACAEBD68C84448F0010098
:10B5C0006860F0E61546EEE60123536094E7B3F5B4
:10B5D000AA7F23D8D30B03F17801C90077331BE787
:10B5E00040F25452934223D8B30C03F17D0003F18F
:10B5F0007C0CC300C0E5ABF1080BD844A8EB0208F3
:10B600004FF0000AABE605F1080120460093FFF772
:10B610005BFCBD68009B68681968C4E640F2545141
:10B620008B420BD8930C03F17D01C9007C33F3E608
:10B630004FF47E737F204FF07E0C9DE54FF47E71BA
:10B640007E23E9E67B6870E7D08900200148FFF798
:10B6500049BD00BFC48900200148FFF745BD00BFB8
:10B66000C4890020C36C70B505460C464BB153F835
:10B67000240080B1026843F824200023C0E903338A
:10B6800070BD2122042100F001FD0346E86400287A
:10B69000EDD1002070BD012101FA04F6721D920067
:10B6A000284600F0F3FC0028F3D0C0E90146E4E7A7
:10B6B00031B1C36C4A6853F82200086043F8221085
:10B6C000704700BFF0B50C69064683B00D4601F126
:10B6D000140E0020DEF800101FFA81FC02FB0C3370
:10B6E0004FEA134C090C02FB01CC01309BB203EB77
:10B6F0000C4384424EF8043B4FEA1C43EADC3BB166
:10B70000AA68A24207DD05EB8402013453612C6173
:10B71000284603B0F0BD6968019301313046FFF758
:10B72000A1FF019B0746B8B12A690193023205F1D6
:10B730000C0192000C30F4F7E5FEF26C6968019B95
:10B7400052F82100286042F821503D4605EB840262
:10B75000013453612C61DBE7024B03483A46B521C3
:10B7600000F074FCB8E900084CEA0008030C1B0464
:10B77000D3B90004102310F07F4F04BF0002083338
:10B7800010F0704F04BF0001043310F0404F04BFAD
:10B7900080000233002805DB10F0804F03F1010325
:10B7A00008BF2023184670470023E4E7036813F01E
:10B7B0000702014607D0DA071FD4980721D55B0896
:10B7C0000B600120704798B2A0B11046DAB20AB9F6
:10B7D00008301B0A1A0704BF1B0904309A0704BF6C
:10B7E0009B080230DA0703D45B0800F1010006D0A1
:10B7F0000B6070471B0C1020E8E7002070472020EA
:10B8000070479B080B600220704700BF38B5C36CBF
:10B8100004460D464BB15868B0B102685A60002228
:10B820000123C0E90435C26038BD2122042100F0A3
:10B830002DFC0346E0640028EDD1094B09480022A5
:10B840004FF4A07100F002FC1C220121204600F000
:10B850001DFC0028F1D001220223C0E90123DEE70C
:10B86000B8E900084CEA00082DE9F04F0E691569A7
:10B87000AE4285B08846144605DB2A462346354647
:10B880000C4616469846A3686168AF19BB42B8BF1C
:10B890000131FFF7E7FE0190002800F08780019B4F
:10B8A00003F1140909EB870AD14505D24B46002262
:10B8B00043F8042B9A45FBD808F1140808EB860BD3
:10B8C00004F11403D8451A4603EB85055FD22B1B00
:10B8D000153B23F0030304331534A54238BF04237A
:10B8E000CDE902A7AC461F46924605E0000C29D1DF
:10B8F000C34509F1040948D958F8040B85B2002D55
:10B90000F4D056464C46002356F8040B216882B208
:10B910001FFA81FE05FB02EE000C0A0C734405FBC6
:10B92000002202EB13429BB243EA0243B44544F8BF
:10B93000043B4FEA1243E7D849F8073058F8040CA3
:10B94000000CD5D0D9F80030544619464D46002297
:10B950002688090C00FB06110A449BB243EA024305
:10B9600045F8043B54F8046B2968360C8BB200FB95
:10B97000063303EB1243A4454FEA1342E8D8C3450C
:10B9800049F8073009F10409B6D8DDE902A7002F0C
:10B9900002DC05E0013F03D05AF8043D002BF9D04A
:10B9A000019B18461F6105B0BDE8F08F034B0448AA
:10B9B000019A40F25D1100F049FB00BFB8E90008B0
:10B9C0004CEA000812F003032DE9F0411446064644
:10B9D00032D10D46A41020D0D6F84880B8F1000F1F
:10B9E00033D0E3074FF0000707D4641015D0D8F820
:10B9F0000000A8B18046E307F7D542462946304605
:10BA0000FFF732FFB5B16968F36C641053F8212079
:10BA10002A6043F821500546E9D12846BDE8F08167
:10BA2000424641463046FFF71FFFC8F80000076056
:10BA30008046E0E70546D8E7013B0F4A52F823204D
:10BA40000023FFF73FFE0546C4E701213046FFF71C
:10BA500009FE804640B1012340F27122C0E9043260
:10BA60000023B0640360BCE7044B054842464FF432
:10BA7000A07100F0EBFA00BFC0EB0008B8E90008C5
:10BA80004CEA00082DE9F0470C4690462669A36869
:10BA9000496806EB6216751C9D4207464FEA62191B
:10BAA00004DD5B009D4201F10101FADC3846FFF73D
:10BAB000D9FD8446002851D0B9F1000F00F11400DF
:10BAC0000EDD09F105024FEA820E03460CEB8202FD
:10BAD000002143F8041B9342FBD1AEF11403184438
:10BAE000216904F1140318F01F0803EB81012DD024
:10BAF000C8F1200986464FF0000A1A6802FA08F2D7
:10BB000042EA0A024EF8042B53F8042B994222FA17
:10BB100009FAF2D80B1B153B23F00303043304F19D
:10BB20001502914238BF0423BAF1000F18BF2E4608
:10BB300040F803A0FB6C6268CCF8106053F8221048
:10BB40002160604643F82240BDE8F087043853F88E
:10BB5000042B40F8042F9942F9D8EBE7034B044833
:10BB6000624640F2D91100F071FA00BFB8E900084E
:10BB70004CEA00080B6984460069C01A16D10CF122
:10BB8000140C14310CEB830210B401EB830301E0BD
:10BB9000944508D252F8044D53F8041D8C42F7D056
:10BBA00005D24FF0FF305DF8044B7047704701201D
:10BBB0005DF8044B704700BF2DE9F84F0F6913691A
:10BBC000FF1A002F0E4690467AD101F11405143267
:10BBD00002EB830205EB830301E09D4273D253F82D
:10BBE000041D52F8044DA142F7D064D37168FFF7E9
:10BBF00039FD8146002872D03569D8F81020C76019
:10BC000008F1140E06F1140009F1140A06F1100CE3
:10BC10000EEB820200EB8507564600215EF8044BCE
:10BC20005CF804BFA3B211FA8BF1CB1A210CC1EB63
:10BC30001B4101EB23419BB243EA0143724546F8A5
:10BC4000043B4FEA2141E9D8A2EB0804153C08F176
:10BC50001508424524F0030606F1040638BF042601
:10BC6000304424F0030238BF002287425244B244D9
:10BC700016D95646044654F8043B11FA83F10A14C7
:10BC800002EB134289B241EA0243A74246F8043B61
:10BC90004FEA2241EFD87A1E101A20F003025244D4
:10BCA00023B952F8043D013D002BFAD0C9F81050D9
:10BCB0004846BDE8F88F334601274646984695E743
:10BCC000F9DB002792E70021FFF7CCFC814668B141
:10BCD00001220023C9E904234846BDE8F88F074B39
:10BCE00007484A464FF4107100F0B0F9034B04487E
:10BCF0004A4640F2322100F0A9F900BFB8E9000835
:10BD00004CEA00082DE9F043884683B0012157EC46
:10BD1000106B1546FFF7A6FC044600284FD0C7F36A
:10BD20000A59C7F31303B9F1000F01D043F480138C
:10BD3000002E019324D068460096FFF737FD0028B7
:10BD400039D0DDE90013C0F1200203FA02F20A4300
:10BD5000C34062610193002B14BF02220122A36140
:10BD60002261B9F1000F16D0A9F233430344C0F1A8
:10BD70003500C8F800302860204603B0BDE8F083E5
:10BD800001A8FFF713FD019B6361012220302261AE
:10BD9000B9F1000FE8D104EB8203A0F23240C8F8F9
:10BDA00000001869FFF7E2FCC0EB42102860204653
:10BDB00003B0BDE8F083009B6361019BCBE7034BBD
:10BDC0000348224640F20A3100F040F9B8E9000881
:10BDD0004CEA000853EC102B70B5164E23F00041CE
:10BDE0000025B1420446056021DC10EE106A0E43C6
:10BDF0001DD0114E1E40184666B91946002210EE9D
:10BE0000100A0E4BF5F718F86FF035050246084694
:10BE100021F0004120F0FF40091520F4E000A1F2DC
:10BE2000FE3140F07F53294443F40013216043EC7A
:10BE3000102B70BDFFFFEF7F0000F07F000050432C
:10BE400038B5074D0022044608462A60F8F708FE78
:10BE5000431C00D038BD2B68002BFBD0236038BDBD
:10BE6000048A002030B540EA0104A30701D1032A67
:10BE70000FD8844601F1FF3E07E01EF8011F03F8CA
:10BE8000011B541EC1B19C4622466346002AF4D1D0
:10BE900030BD0B468446194653F8045BA5F10134C6
:10BEA00024EA050414F0803FE4D1043A032A4CF854
:10BEB000045B1946EFD8DDE76244002CE8D003F8B4
:10BEC000011B9342FBD130BD2DE9F04F936883B045
:10BED0009146002B6ED017688D6880460C46086826
:10BEE000083744E0A38913F4906F2ED0D4E90415E9
:10BEF000A0EB010A05EB450505EBD5750AEB06003D
:10BF00006D100130A8422A4684BF05462A465B05CB
:10BF100037D511464046FFF7E9F800283BD0524696
:10BF200021690190F4F7EEFAA289019B22F4906254
:10BF300042F08002A281A5EB0A0203EB0A006561D0
:10BF4000A260236120603546B2465946524600F051
:10BF500009F9A068D9F808102368451B8E1B03EB6C
:10BF60000A00A5602060C9F808601EB3083757E9C9
:10BF700002B6002EFAD0B542AA46B3D93546B2462B
:10BF8000E3E7404600F06AF903460028D3D121696F
:10BF90004046FEF799FF0C23C8F80030A389002221
:10BFA00043F040034FF0FF30A381C9E9012203B001
:10BFB000BDE8F08F0020C9F8040003B0BDE8F08FA1
:10BFC0002DE9F047DFF880A00646DAF80000984631
:10BFD0000F469146FFF786F81A4B1B68D3F8484185
:10BFE00024B365681F2D26DC5EB96B1C0235DAF8B8
:10BFF0000000636044F82570FFF776F80020BDE884
:10C00000F08704EB85010123C1F88890D4F88821DA
:10C01000AB401A43022EC4F88821C1F80881E4D14C
:10C02000D4F88C211343C4F88C31DEE703F5A674F1
:10C03000C3F84841D5E7DAF80000FFF755F84FF0AC
:10C04000FF30DCE740E90008B00E002000B50B4CE3
:10C0500025681446EE681A4685B003460D464CB175
:10C0600007490095CDE901143046064900F04AF829
:10C0700001F0D2FA04490C46F3E700BF800A002021
:10C08000CCEB0008DCEB0008A0E5000838B5A1FB0C
:10C0900002148CBBFFF72AF80546E0B150F8042CD7
:10C0A00022F00302043A242A17D8132A1AD91B2A89
:10C0B000C0E900441DD9242A14BF00F1100200F188
:10C0C00018024FF00003C0E9024404BF0461446158
:10C0D000C2E900339360284638BD2146FBF7C0FE15
:10C0E000284638BD02460023C2E900339360284643
:10C0F00038BD00F10802F6E7FBF756FE0C230025D9
:10C100000360E8E70EB410B583B005AB064C53F8F6
:10C11000042B01930146206800F0C8FA03B0BDE883
:10C12000104003B0704700BF800A0020014B93F815
:10C1300028017047C412002082B049B15AB16BB1D6
:10C1400013780B601278101E18BF012002B07047E0
:10C1500001A9002AF3D1104602B070476FF0010028
:10C16000F4E700BF88420DD98B1883420AD900EB4F
:10C17000020CBAB1624613F801CD02F801CD994222
:10C18000F9D170470F2A0ED8034602F1FF3C4AB19D
:10C190000CF1010C013B8C4411F8012B03F8012F29
:10C1A0006145F9D1704740EA01039B0750D1A2F1E4
:10C1B000100370B501F1200C23F00F0501F1100EF2
:10C1C00000F11004AC441B095EF8105C44F8105CEC
:10C1D0005EF80C5C44F80C5C5EF8085C44F8085CA3
:10C1E0005EF8045C44F8045C0EF1100EE64504F1C0
:10C1F0001004E9D1013312F00C0F01EB031102F02E
:10C200000F0400EB031327D0043C24F003064FEA8D
:10C21000940C1E441C1F8E465EF8045B44F8045FB9
:10C22000B442F9D10CF1010402F0030203EB8403E0
:10C2300001EB840102F1FF3C4AB10CF1010C013B1E
:10C240008C4411F8012B03F8012F6145F9D170BD21
:10C2500002F1FF3C03469BE72246EBE72DE9F84F4E
:10C260001746002900F0988007F10B0580460C4620
:10C27000FFF7ECF9162D5DD810252A46AF425ED89F
:10C2800054F8041C21F003069642A4F1080962DA6E
:10C29000BC4BD3F808C009EB0600844500F097803A
:10C2A000D0F804C02CF0010303445B68DB0768D4BA
:10C2B0002CF0030C06EB0C03934247DACB0710D4A7
:10C2C00054F8083CA9EB030ADAF8043023F0030120
:10C2D0008C44B444944580F211817318934280F2E7
:10C2E000E88039464046FEF701FF0746E0B154F8C2
:10C2F000043C23F001034B44A0F10802934200F0F8
:10C30000D280321F242A00F2F580132A00F2AC807A
:10C3100003462246116819605168596092689A6014
:10C3200021464046FEF7D0FD4046FFF795F93846D6
:10C33000BDE8F88F25F00705002D2A469EDA0C236C
:10C34000C8F8003000273846BDE8F88F1E46D0E90F
:10C350000223D3609A60731B0F2B22D8D9F80430C4
:10C3600003F0010333434E44C9F80430736843F0CB
:10C370000103736040462746FFF76EF93846BDE873
:10C38000F88FC907ADD454F8083CA9EB030ADAF8D2
:10C39000041021F00301A0E7BDE8F84F1146FEF7B5
:10C3A000A5BED9F8041001F001012943C9F8041011
:10C3B00009EB05014E4443F001034B60736843F001
:10C3C0000103083173604046FEF77EFDD2E7DCF8DA
:10C3D000040020F0030B06EB0B0C05F11000844564
:10C3E0004DDAC9073FF57DAF54F8081CA9EB010AE7
:10C3F000DAF8041021F003018B44B34458453FF7A9
:10C400006CAF5746DAF80C1057F8080F321F242A81
:10C41000C160886000F2DB80132A40F2D680216878
:10C42000CAF808106168CAF80C101B2A00F2DF80F5
:10C4300008340AF110022168116061685160A16836
:10C4400091600AEB0501ABEB050242F00102996035
:10C450004A60DAF8043003F001031D434046CAF88D
:10C460000450FFF7F9F86EE72368036063684360E0
:10C470001B2A68D804F1080200F108034AE709EB17
:10C4800005029A60ACEB050343F00103536054F8D6
:10C49000043C03F001031D43404644F8045CFFF7ED
:10C4A000DBF827464FE750F8043C23F003031E4413
:10C4B00051E75746DAF80C1057F8080F321F242AB4
:10C4C000C16088604CD8132A48D92168CAF808107E
:10C4D0006168CAF80C101B2A56D808340AF11002F9
:10C4E0001E462368136063685360A3689360D14657
:10C4F0003C4630E72146FFF735FE11E7D0E902134D
:10C500005746CB60996057F8081FDAF80C30CB60BB
:10C51000321F242A99602DD8132A29D92368CAF8F2
:10C5200008306368CAF80C301B2A42D808340AF174
:10C53000100322681A6062685A60A2689A606646B0
:10C54000D1463C4607E7A3688360E368C360242ABA
:10C5500026D004F1100200F11003DBE63A46BFE7F3
:10C56000214638461E46D146FFF7FCFD3C46F2E622
:10C570003B46DEE7214638466646D146FFF7F2FDE8
:10C580003C46E8E6B40E0020A168CAF81010E16845
:10C59000CAF81410242A20D010340AF118029FE798
:10C5A000236903616169416104F1180200F1180314
:10C5B000B0E6A368CAF81030E368CAF81430242A39
:10C5C00021D010340AF11803B3E73A4633E7214685
:10C5D0003846FFF7C7FD164B33E72269CAF8182023
:10C5E0006269CAF81C2018340AF1200278E7A168B1
:10C5F000CAF81010E168CAF81410242A0DD01034BB
:10C600000AF1180217E72369CAF818306369CAF8F3
:10C610001C3018340AF120038BE72269CAF818206D
:10C620006269CAF81C2018340AF1200203E700BF2F
:10C63000B40E00202DE9F84F4B6E9C0490462DD58A
:10C640009368126843B38B46064602F1080959E91C
:10C65000025A5FEA9A0715D0043D002401E0A74280
:10C660000ED055F8041F5A46304601F08FF9431C8E
:10C6700004F10104F3D10023C8E90133BDE8F88FC8
:10C68000D8F808302AF0030AA3EB0A03C8F80830E8
:10C6900009F10809002BDAD10020ECE701F0AAF932
:10C6A0000023C8E90133BDE8F88F00BF2DE9F04F42
:10C6B0002DED028BBBB008EE101A08EE900A1C4656
:10C6C0001746039318B1836B002B00F09C8218EE81
:10C6D000102A536EDE0740F19E81B2F90C108AB227
:10C6E000900409D441F4005218EE101A4B6E8A815E
:10C6F00023F4005392B24B66110740F1F88018EE14
:10C70000103A1B69002B00F0F28002F01A030A2B8A
:10C7100000F0FE8011AB0E930023CDE90F33CDE97D
:10C72000083306930DF14409079302933B78002BDD
:10C7300000F05B813C4604E014F8013F002B00F060
:10C740003481252BF8D1E51B40F031812378002B73
:10C7500000F04B814FF0000300258DF83330671C4B
:10C76000637801954FF0FF3B2B240137A3F12002A2
:10C770005A2A00F26181DFE812F0AB025F015F012B
:10C78000A7025F015F015F016A005F015F0149026B
:10C790007E025F015402B9025F01B5025B005B00DB
:10C7A0005B005B005B005B005B005B005B005F01AC
:10C7B0005F015F015F015F015F015F015F015F0179
:10C7C000360284005F015F015F015F015F015F016D
:10C7D0005F015F015F015F01E5005F015F015F01D4
:10C7E0001A025F016C025F015F014C055F015F018E
:10C7F0005F015F015F015F015F015F015F015F0139
:10C80000360286005F015F015F01620286008000E0
:10C810005F0158025F019402E700820280005F011D
:10C820001A027E006C055F015F016E055F017E00EC
:10C83000A3F13002002117F8013B01EB810102EB6B
:10C840004101A3F13002092AF5D901918EE718EED2
:10C85000900AFEF73FFC436808931846F4F770F817
:10C860000990064618EE900AFEF734FC8368079399
:10C87000002E40F0A9843B7877E73B7845F020050F
:10C8800073E745F01005AC06039E40F18281073640
:10C8900026F007063246736852F8086B03929846F2
:10C8A000002BC0F25984BBF1FF3F00F03E8556EAF1
:10C8B000080325F0800A00F034840A2E78F1000382
:10C8C00080F0EB84303601238DF8E7605546009305
:10C8D0000DF1E704009A9DF833305A45B8BF5A4627
:10C8E0009046002B00F0B78002F10108B3E018EE8B
:10C8F000101A18EE900A18EE105A00F023FE0028C5
:10C9000040F0AC85AA8902F01A030A2B7FF402AF2B
:10C9100018EE101AB1F90E30002BFFF6FBAE4B6E7D
:10C92000DE0702D4950540F1778518EE101A18EE4F
:10C93000900A23463A463BB0BDEC028BBDE8F04F6F
:10C9400000F0B2BD45F0100515F0200800F012818E
:10C95000039E073626F007063346D6F8048053F8C0
:10C96000086B039325F4806A00234FF000028DF8D2
:10C970003320BBF1FF3F00F0D38156EA08022AF0D2
:10C98000800540F0CC81BBF1000F40F0D184002B3A
:10C9900040F0CC831AF00103009300F0FC833023B5
:10C9A0008DF8E7300DF1E70494E7E51B1DD00F9BF0
:10C9B000109A01332A44072BC9E9007510920F938E
:10C9C00005DC09F10809029B2B440293BEE6002A0C
:10C9D00000F0A38318EE101A18EE900A0EAAFFF7C3
:10C9E00029FE40B90DF14409EDE7109B002B40F002
:10C9F000248500230F9318EE102A536ED90740F1B7
:10CA0000AE8093895B0600F1328502983BB0BDECA5
:10CA1000028BBDE8F08FB2F90C108D0518EE103ABC
:10CA20008AB23FF55DAE18EE105A986DFEF75AFBCC
:10CA3000B5F90C108AB253E6002BD6D08DF88430AD
:10CA40004FF001084FF000038DF83330CDF800802F
:10CA500021AC4FF0000B15F00203049318BF08F14E
:10CA6000020815F08403059305D1019BA3EB08068A
:10CA7000002E00F37F82DDE90F21501C9DF833600A
:10CA80008EB10DF133020131C9F8002007284FF0B3
:10CA90000102CDE90F01C9F8042000F34C820246DF
:10CAA00009F108090130049BEBB10DAB0231C9F863
:10CAB000003007284FF00203CDE90F01C9F8043018
:10CAC00040F35382002900F0238318EE101A18EE69
:10CAD000900A0EAAFFF7AEFD00288CD1DDE90F21E8
:10CAE0000DF14409501C059B802B00F05A81009BDE
:10CAF000ABEB0306002E00F3BD81009BC9F800409C
:10CB000019440728CDE90F01C9F8043040F34681E4
:10CB1000002900F0898218EE101A18EE900A0EAA69
:10CB2000FFF788FD00287FF466AF10990DF14409E6
:10CB3000680705D5019BA3EB0804002C00F37E8257
:10CB4000DDE901234245ACBF9B1843440293002911
:10CB500040F0E08100230F930DF14409E6E593894D
:10CB60009A053FF54FAF18EE104AA06DFEF7BCFADC
:10CB7000A38947E715F0100340F03E8315F040020B
:10CB800000F0FD83039A52F8046B03929846B6B204
:10CB9000E8E656F8043B0396E80600F108836906C8
:10CBA00040F1028343F3C0381EB2434678E6039E49
:10CBB00056F8044B4FF000038DF83330002C00F092
:10CBC000C583BBF1FF3F00F049835A460021204650
:10CBD000F3F726FF002800F02484031B009303963C
:10CBE0004FF0000B76E6039E4FF000038DF83330D4
:10CBF0004FF0010856F8043B8DF884300396CDF8C9
:10CC0000008021AC25E700F0DBFD60E5039B53F8D5
:10CC1000042B0192002A80F2BA82019A03935242B5
:10CC200001923B7845F004059FE53B786C2B03BFF0
:10CC30007B7845F02005013745F0100595E53B78F8
:10CC4000682B03BF7B7845F40075013745F040053C
:10CC50008BE545F0100A1AF0200800F06E82039E62
:10CC6000073626F007063346D6F8048053F8086BDB
:10CC70000393012379E63B788DF8334075E5039BF8
:10CC800053F8046B039330238DF8343078238DF8F8
:10CC90003530C24B069345F0020A4FF000080223DC
:10CCA00063E6AE0600F19E82EC0600F1478368065B
:10CCB00000F1A483A90540F14183039E029A56F82E
:10CCC000043B03961A7031E53B7845F001054CE5CD
:10CCD0009DF83330002B7FF4CEAD20238DF8333018
:10CCE0003B7842E53B7845F080053EE5394611F852
:10CCF000013B2A2B00F0C483A3F13002092A0F461E
:10CD00004FF0000B3FF632AD17F8013B0BEB8B0BEE
:10CD100002EB4B0BA3F13002092AF5D926E5AA460E
:10CD2000012B3FF4CAAD022B3AAC12D1069A06F0A1
:10CD30000F033609D35C04F8013D46EA08764FEA52
:10CD4000181856EA0803F2D13AAB1B1B554600935C
:10CD5000C0E506F00703F60846EA48764FEAD80829
:10CD6000303356EA0801224604F8013DF1D11AF0A9
:10CD7000010FE9D0302BE7D03023023A04F8013C10
:10CD80003AAB9B1A554600931446A3E500991194BB
:10CD90000123129110910F930DF1440909F1080933
:10CDA000C6E6019BA3EB0806002E7FF7A0AE102E6F
:10CDB00040F36283DFF8E8A15346CDE90445BA4663
:10CDC00018EE904A18EE105A084696461F4607E09D
:10CDD0000EF1020C09F108099646103E102E1FDDD7
:10CDE0000EF1010210301023072ACDE90F20C9F8F7
:10CDF0000070C9F80430EBDD0EAA002800F0958021
:10CE0000294620460DF14409FFF714FC00287FF461
:10CE1000F2ADDDE90FE0103E102E0EF1010CDFDC6B
:10CE2000DDE904453B46014657469A463144BCF18C
:10CE3000070FCDE90FC1C9F800A0C9F8046040F39D
:10CE4000AD81002900F0CA8218EE101A18EE900A7F
:10CE50000EAAFFF7EFFB00287FF4CDAD009BDDE9C4
:10CE60000F21ABEB0306002E02F101000DF1440986
:10CE70007FF743AE102EDFF828A137DD5346CDE90A
:10CE80000445BA4618EE904A18EE105A4FF0100BAF
:10CE9000084694461F4607E00CF1020E09F1080906
:10CEA0009446103E102E1ADD0CF101021030072AB4
:10CEB000C9E9007BCDE90F20EEDD0EAA20B329469B
:10CEC00020460DF14409FFF7B5FB00287FF493AD30
:10CED000DDE90FC0103E102E0CF1010EE4DCDDE99F
:10CEE00004453B460146574670469A46314407285A
:10CEF000CDE90F01C9F800A0C9F8046000F3F28081
:10CF000009F108090130F8E54FF0010E84460DF1F2
:10CF10004409C6E718EE101A18EE900A0EAAFFF799
:10CF200089FB00283FF416AE65E54FF0010C8646FC
:10CF30000DF1440951E7002900F0E78018EE101ABE
:10CF400018EE900A0EAAFFF775FB00287FF453AD88
:10CF5000DDE90F210DF14409501CA4E502210DABC0
:10CF60001291119301200DF14409024609F10809BB
:10CF7000501CB8E5102E40F35A82DDE90FC1DFF8EE
:10CF800024A0CDF828B00B95A34618EE105A5446AD
:10CF9000102318EE90AA08460EE000BF54E90008DE
:10CFA0002CEC00081CEC00080CF1020E09F1080939
:10CFB0009446103E102E1CDD0CF101021030072AA1
:10CFC000C9E90043CDE90F20EEDD0EAA30B32946B2
:10CFD00050460DF14409FFF72DFB00287FF40BADFF
:10CFE000DDE90FC0103E102E0CF1010E4FF01003C2
:10CFF000E2DCA2460B9D5C46DDF828B00146724695
:10D000003144072ACDE90F21C9F800A0C9F804600E
:10D0100000F3AB8009F10809501C2FE584464FF05E
:10D02000010E0DF14409C4E76C070F9152D5019B25
:10D03000A3EB0804002C4DDD0DF14409102C40F346
:10D040000882DFF85CA40F9A0B46BB464946574658
:10D0500018EE109A18EE90AA102505E0901C0831E1
:10D060003246103C102C18DD561C1033072EC1E937
:10D070000075CDE90F63F1DD0EAA3BB3494650467A
:10D08000FFF7D8FA00287FF4B6ACDDE90F23103C97
:10D09000102C02F1010011A9E6DC8946BA461946B6
:10D0A0005F4621440728C9E900A4CDE90F017FF7B5
:10D0B00047AD79B118EE101A18EE900A0EAAFFF7D4
:10D0C000B9FA00287FF497AC109939E501201A4687
:10D0D00011A9C6E7DDE901234245ACBF9B184344D3
:10D0E000029337E500293FF451AE18EE101A18EEFE
:10D0F000900A0EAAFFF79EFA00287FF47CAC0F98E6
:10D10000109901300DF14409F7E4049B002B79D10B
:10D1100001200A460DF14409E5E40F920DF144099E
:10D1200051E4BBF1000F7FF4CDAB55464FF0000B3F
:10D13000CDF800B03AACFFF7CDBB1AF010033CD1EC
:10D140001AF0400200F00C81039A52F8046B03922B
:10D150009846B6B2012308E42D2376428DF8333089
:10D1600068EB4808AA46012303E400297FD018EEA3
:10D17000101A18EE900A0EAAFFF75CFA00287FF446
:10D180003AACDDE90F210DF14409501C76E403931C
:10D190003B78FFF7EABA3AACFFF79CBB09F1080904
:10D1A0000CF101006246A2E4AA0500F12F814FEACA
:10D1B000E3781E464346FFF773BB039B53F8046BAB
:10D1C00003930123FFF7D1BB079B002B3FF453AB25
:10D1D000079B1B78002B3FF44EAB3B7845F48065F2
:10D1E000FFF7C3BADDE9021656F8042B0396CB17F6
:10D1F000C2E90013FFF79ABA039B53F8046B039339
:10D20000FFF7B0BB02210DAB129111930DF1440950
:10D21000ACE6A04A069215F0200836D0039E0736E9
:10D2200026F007063246D6F8048052F8086B0392BF
:10D23000EA0709D556EA080206D08DF835303023C2
:10D2400045F002058DF8343025F4806A0223FFF79B
:10D250008CBBAA46FFE4904A0692DCE72046039680
:10D26000F3F76EFB4FF0000B0090FFF733BB9DF818
:10D270003320002A00F0B88001200DF13302129013
:10D2800011920DF14409014609E415F0100242D053
:10D29000039A52F8046B0392CAE70AF48063CDF84C
:10D2A00000B0CDF81090BB46DDF81C9000253AACDC
:10D2B0001F4609E030464146F2F7A2FF0A2E78F1F8
:10D2C00000031BD306468846304641460A22002307
:10D2D000F2F796FF1146303104F8011C0A220023B0
:10D2E000013C0135002FE5D099F80010A942E1D1A9
:10D2F000FF2DDFD00A2E78F100035BD23AAB1B1B67
:10D30000CDF81C905F46DDF81090DDF800B000937A
:10D310005546FFF7DFBA15F040013ED0039951F8AA
:10D32000046B03919046B6B282E7AA46FFF7C5BAEE
:10D33000012BAA467FF4F7ACFFF7C4BA039E029A0A
:10D3400056F8043B1A600396FFF7F0B95B46062BCC
:10D3500028BF0623514C009303969846FFF779BBEC
:10D36000039B1AF4007814BF53F8046B53F8046B52
:10D3700003931CBF9046F6B20123FFF7F6BA039B56
:10D3800015F4007814BF53F8046B53F8046B03933F
:10D390001CBF9046F6B2FFF7E5BA039A15F4007881
:10D3A00014BF52F8046B52F8046B03921CBF8846FA
:10D3B000F6B23DE7099B0899E41A1A462046FEF7A3
:10D3C00051FD99F801300BB109F101093046414690
:10D3D0000A2200230025F2F713FF73E701200A4613
:10D3E0000DF14409FFF783BB049B002B7FF4B6AD1E
:10D3F0000A4601200DF14409FFF779BB039E029A0A
:10D4000056F8043B03961A80FFF790B943F3C0180F
:10D410005EB24346FFF744BA886DFDF765FEFFF73D
:10D4200084BACDF800B003968346FFF753BA0F9A3B
:10D430001099DFF86CA00132E2E518EE101A18EE30
:10D44000900A0EAAFFF7F6F800283FF4D2AAFFF7D9
:10D45000D2BA0F98DFF848A0013022E66B6EDB07E6
:10D4600005D4AB899F0502D4A86DFDF73DFE4FF0B2
:10D47000FF330293FFF7C9BADFF828A08446D5E44A
:10D48000039A7B780F4652F8041B039241EAE17B32
:10D49000FFF76BB968E9000854E900087CE9000867
:10D4A0001CEC00082CEC000870B50C468989ADF521
:10D4B0008E6D21F00201ADF81410616E1B91E189AF
:10D4C000ADF81610E1690991616A0B911CA90291EE
:10D4D00006914FF4806106460491079118A8002137
:10D4E000CDE900320891FDF7F9FDDDE9003202A92E
:10D4F0003046FFF7DBF8051E07DB02A9304600F0D7
:10D500002BF9002818BF4FF0FF35BDF814305B062B
:10D5100003D5A38943F04003A3811898FDF7E0FDEC
:10D5200028460DF58E6D70BD49B1FF2A02D80A70EC
:10D53000012070478A2303604FF0FF307047084690
:10D54000704700BF38B5334B1B6805460C460BB11E
:10D550009A6B12B3B4F90C3018079AB225D5216929
:10D5600000292DD012F0010007D00020A0606069D2
:10D570004042A06139B1002038BD950758BF6069AD
:10D58000A0600029F7D1120658BF0846F4D543F031
:10D590004003A3814FF0FF3038BD184600F010F96A
:10D5A000B4F90C3018079AB2D9D4D1062AD552074B
:10D5B00014D4216943F00803A3819AB20029D1D180
:10D5C00002F42070B0F5007FCCD02146284600F050
:10D5D000ADFBB4F90C3021699AB2C3E7216B51B1AC
:10D5E00004F14002914204D02846FDF76DFCB4F9E5
:10D5F0000C300022226321690022C4E9001223F0CA
:10D600002403D7E7092243F040032A604FF0FF309C
:10D61000A38138BD800A002008B5062000F0F6FB83
:10D620000120F7F7EDF900BFB1F90C202DE9F04129
:10D630000C461107804647D4636842F40062002B11
:10D64000A2815EDDA56A002D58D00023D8F80060C5
:10D65000C8F8003093B212F4805256D10123E16928
:10D660004046A847431C67D0A389A56A5F0705D534
:10D670006368C01A236B0BB1E36BC01AE169024601
:10D6800000234046A847411C41D1D8F80030002B68
:10D690003DD01D2B01D0162B56D1A38922692260C3
:10D6A00023F4006300216160A381216BC8F800604E
:10D6B00021B304F14003994202D04046FDF704FC37
:10D6C00000202063BDE8F0812669BEB193B22568D1
:10D6D00026609A070CBF63690023AD1BA3600BE0B3
:10D6E0002B463246E169676A4046B847B0F1000C04
:10D6F000A5EB0C05664417DD002DF1DC0020BDE82C
:10D70000F081E36B002B9DDCF8E7206DAEE7B4F908
:10D710000C302269226023F40063A3810022DB0421
:10D720006260C2D52065C0E7A38943F040034FF093
:10D73000FF30A381BDE8F081D8F80030002B93D0F2
:10D740001D2B06D0162B04D0A38943F04003A381E0
:10D75000D5E7C8F80060D1E738B50C46054608B1F2
:10D76000836BA3B1B4F90C00B8B1636EDB0701D4CD
:10D77000810515D528462146FFF756FF636EDA0767
:10D78000054602D4A3899B050ED5284638BD00F076
:10D7900017F8B4F90C000028E7D10546284638BD33
:10D7A000A06DFDF79FFCE5E7A06DFDF79DFC284609
:10D7B00038BD00BF014900F095BA00BF61E0000824
:10D7C0002DE9F04782463948FDF78CFCDAF83840FD
:10D7D000002C66D1DAF80450354ACAF83C200323FD
:10D7E000CAE9B843DFF8DC90DFF8DC80314F324E15
:10D7F00004230AF53B72CAF8E8222146C5E9024330
:10D80000C5E90044C5E904446C660822AC6105F131
:10D810005C00FAF725FBC5E90759C5E90987EE62FF
:10D8200005F15800FDF75AFCDAF80850234BEB607D
:10D830002146C5E90044C5E904446C66AC60AC61AE
:10D84000082205F15C00FAF70BFBC5E90759C5E9A9
:10D850000987EE6205F15800FDF740FCDAF80C503C
:10D86000174BEB602146C5E90044C5E904446C66EA
:10D87000AC60AC61082205F15C00FAF7F1FA05F141
:10D880005800C5E90759C5E90A76C5F82480FDF7AF
:10D8900025FC0123CAF838300448BDE8F047FDF7FD
:10D8A00023BCBDE8F0470148FDF71EBCCC89002031
:10D8B000B5D70008FDDE00081DDF000809000100E3
:10D8C0001200020099DE0008BDDE00080148FDF7E5
:10D8D00009BC00BFC88900200148FDF705BC00BF96
:10D8E000C88900202DE9F04782B082468846144658
:10D8F000FEF71CFC012803D108F1FF33FE2B36D9BB
:10D90000424604F15C0301A9504600F063FB421C4F
:10D91000064632D030B39DF804C00DF1050900254C
:10D9200009E023685A1C226083F800C00135B54223
:10D9300018D219F801CBA368013B002BA360F0DAE1
:10D94000A769BB4261462246504602DBBCF10A0F82
:10D95000E7D100F0E7FA431CE8D10646304602B0B2
:10D96000BDE8F0874646304602B0BDE8F0875FFA72
:10D9700088FC8DF804C00646CFE7A389304643F003
:10D980004003A38102B0BDE8F08700BF30B5536EFD
:10D9900013F0010FB2F90C30144683B005469AB269
:10D9A00001D198051CD5900406D4626E43F400534F
:10D9B00042F40052A381626622462846FFF792FF96
:10D9C000636EDA07054602D4A3899B0502D5284673
:10D9D00003B030BDA06DFDF787FB284603B030BD16
:10D9E000A06D0191FDF77EFBB4F90C3001999AB25C
:10D9F000D9E700BF9368002B00F085802DE9F04F38
:10DA0000B1F90C300C461907804683B0174698B21E
:10DA100025D523691BB310F002033D682DD04FF0CC
:10DA2000000ADFF8BCB25646B9465E453346524658
:10DA300028BF5B464046002E52D0E169676AB8476E
:10DA4000002856DDD9F808301B1A8244361AC9F866
:10DA50000830002BE9D1002003B0BDE8F08F21464B
:10DA60004046FFF76FFD002840F03681B4F90C30D6
:10DA70003D6898B210F00203D1D110F0010944D1F1
:10DA80004E46009746B38205D4F808B040F1838033
:10DA9000B3455A4600F2B28010F4906F40F0BF8058
:10DAA000206801924946FEF75DFBA368019AA3EB4B
:10DAB0000B012368A1601344B24623600026009B3B
:10DAC0009868A0EB0A00D14498600028C3D0B4F94C
:10DAD0000C0080B2002ED6D1D5E900960835D1E7EA
:10DAE000D5E900A60835A0E721464046FFF734FEF9
:10DAF00080B3B4F90C3043F040034FF0FF30A38102
:10DB000003B0BDE8F08F002070471E46AA46994634
:10DB100018461D46009756B388B34A46D4E9041305
:10DB20002068B24228BF3246884205D9A16803EB7B
:10DB3000010B5A4500F3A680934263DCE169676AF2
:10DB40002A464046B847B0F1000BD2DDB9EB0B09CD
:10DB5000CAD00120009A9368A3EB0B035D44A6EBA7
:10DB60000B069360002B3FF476AF002ED4D10AF160
:10DB7000080353E902569A460833002EF9D032467C
:10DB80000A212846F2F74CFF002800F09C80013063
:10DB9000A0EB0509C1E720682369984216D863699C
:10DBA000B34213D86FF00042B24228BF3246E16957
:10DBB00092FBF3F2676A02FB03F340464A46B8471A
:10DBC000B0F1000A95DDA6EB0A0678E7B345DA4620
:10DBD00028BFB24652464946FEF7C4FAA3682268F7
:10DBE000A3EB0A035244A3602260002BEBD1214631
:10DBF0004046FFF7B1FD0028E5D07AE72068B3463C
:10DC000032464EE729460192FEF7ACFA019AA36824
:10DC10009B1AA360236813442360934696E7236806
:10DC20002169A3EB010B636903EB430A0AEBDA7A80
:10DC30000BF101034FEA6A0A33445345524684BF4D
:10DC40009A46524643052CD511464046FDF74EFAFA
:10DC500000283BD05A4621690190F2F753FCA28973
:10DC6000019B22F4906242F08002A28103EB0B0040
:10DC70002361AAEB0B03C4F814A0A3602060B34691
:10DC800032460EE729465A46FEF76CFA23685B4493
:10DC9000236021464046FFF75FFD00283FF456AF62
:10DCA00027E74046FEF7DAFA03460028DED121696D
:10DCB0004046FDF709F9B4F90C300C2223F080033B
:10DCC000C8F8002017E7721C914627E70C22B4F928
:10DCD0000C30C8F800200EE74FF0FF30BCE600BF64
:10DCE00000FCFF7F2DE9F8430746884600F53876AB
:10DCF0004FF00009D6E90154013D11D4A389012B4D
:10DD000005F1FF3508D9B4F90E300133214603D0AF
:10DD10003846C04749EA00096B1C04F16804EDD19C
:10DD20003668002EE6D14846BDE8F8832DE9F0417B
:10DD30008B890C46990796B008D504F1430301225C
:10DD4000C4E90432236016B0BDE8F081B4F90E10C6
:10DD50000029064627DB6A4600F0E8F9002821DBA7
:10DD6000019D05F47045A5F50055B5FA85F54FF40C
:10DD700080686D094FF4006741463046FDF7B6F9FB
:10DD8000B4F90C30F0B1204AF26343F08003C4F8D8
:10DD90001480A3812060206135BB3B43A38116B072
:10DDA000BDE8F081A38913F0800519D04FF0400839
:10DDB00041463046FDF79AF90025B4F90C302F465C
:10DDC0000028E0D19A05BED423F0030304F14302F6
:10DDD00043F002030121C4E90421A3812260B2E7D8
:10DDE0004FF480682F46C7E7B4F90E10304600F0B4
:10DDF000B3F910B9B4F90C30CFE7A38923F00303CA
:10DE000043F001031BB2C8E7B5D7000838B5154B7E
:10DE10001F281D6820D8D5F8DC22044662B152F8CC
:10DE200020304BB1012B15D0591C0FD0002542F8E2
:10DE300020509847284638BD284600F02BF8224647
:10DE400001462846BDE8384000F00EB816232B6086
:10DE5000012038BD002038BD16232B604FF0FF3065
:10DE600038BD00BF800A002070B50C46084D03463F
:10DE70000026204611461C462E60F6F7B9FD431CCD
:10DE800000D070BD2B68002BFBD0236070BD00BF9D
:10DE9000048A0020F6F7AABD10B50C46B1F90E10A1
:10DEA00000F082F9002803DB236D0344236510BDD5
:10DEB000A38923F48053A38110BD00BF2DE9F04155
:10DEC0000C46B1F90C101F46CB05054616460BD47F
:10DED00021F48051A1813B46B4F90E103246284608
:10DEE000BDE8F04100F094B8B4F90E10022300220E
:10DEF00000F044F9B4F90C10EAE700BF10B50C4685
:10DF0000B1F90E1000F03AF9A389421C0EBF23F4B8
:10DF1000805343F480532065A38110BDB1F90E10E6
:10DF200000F08CB8F8B50D461446064610B1836B68
:10DF3000002B43D0B4F90C20A369A360170790B25B
:10DF40001BD52369CBB1EDB281042F4622D52268BF
:10DF50006169D31A994229DD0133A1680139A160B1
:10DF6000511C2160157062699A422AD0A389DB078F
:10DF700001D50A2D25D03846F8BD21463046FFF799
:10DF8000E1FA20BBB4F90C20236990B2EDB2810410
:10DF90002F46DCD442F40052A281626E616922F401
:10DFA000005262662268D31A9942D5DC2146304677
:10DFB000FFF7D2FB58B922680123CEE7FFF700FC38
:10DFC000B8E721463046FFF7C7FB0028D3D04FF013
:10DFD000FF37D0E770B5054684B01C4639B10B4E0B
:10DFE000D6F8E060B047431C09D004B070BD0A46C3
:10DFF0000649D1F8E06001A9B047431CF5D10022E1
:10E000008A2322602B6004B070BD00BFC4120020C0
:10E0100038B50C46084D8446114620461A46002362
:10E020002B606446F6F700FD431C00D038BD2B681A
:10E03000002BFBD0236038BD048A002038B5074D83
:10E040000022044608462A60F6F7FCFC431C00D078
:10E0500038BD2B68002BFBD0236038BD048A00201C
:10E0600070B500294BD006460C4610B1836B002BCF
:10E0700048D0636ED80734D5B4F90C30002B3ED0AD
:10E0800021463046FFF7D0FAE36A054633B1E1692D
:10E09000304698470028B8BF4FF0FF35A3891A06CD
:10E0A0003BD4216B41B104F14003994202D0304688
:10E0B000FCF70AFF00232363616C21B13046FCF7B3
:10E0C00003FF00236364FFF701FC636E0022DB079C
:10E0D000A28127D5A06DFDF703F8FFF7FDFB2846C9
:10E0E00070BDA3899905CBD4A06DFCF7FBFFB4F9F3
:10E0F0000C30002BC4D1656E15F0010508D0002549
:10E10000284670BDFFF75CFB636ED807B4D4E8E720
:10E11000A06DFCF7E9FF284670BD21693046FCF789
:10E12000D3FEBEE7A06DFCF7DFFFD3E770B50C466A
:10E13000084D03460026204611461C462E60F6F781
:10E1400085FC431C00D070BD2B68002BFBD02360E6
:10E1500070BD00BF048A002038B5074D0022044678
:10E1600008462A60F6F778FC431C00D038BD2B68BF
:10E17000002BFBD0236038BD048A002038B50C4644
:10E18000084D8446114620461A4600232B606446FB
:10E19000F6F764FC431C00D038BD2B68002BFBD085
:10E1A000236038BD048A002038B50C46084D8446EB
:10E1B000114620461A4600232B606446F6F726FCDB
:10E1C000431C00D038BD2B68002BFBD0236038BD2A
:10E1D000048A0020F8B500BFF8BC08BC9E46704712
:0CE1E000F8B500BFF8BC08BC9E467047B4
:10E1F00049444C4500000000485A0000494458007A
:10E200004E4F0000594553004641494C0000000064
:10E2100052554E004F4B00004F4E4C494E450000AA
:10E220004F46464C494E45004D55544500000000B0
:10E23000535441545553204D4F44453D257320417F
:10E2400055544F3D257520414D503D257520465272
:10E2500045513D256C752052414D505F55533D252C
:10E260006C75204652414D455F55533D256C7520D8
:10E270004C4F434B3D2575204144433D25752C258E
:10E2800075204F54523D2575204F55545055543DDF
:10E29000257520434F4D4D3D257520464F55543D26
:10E2A00025752043414C3D257520435449434B532C
:10E2B0003D256C75205645523D25750D0A00000020
:10E2C0004F4B2049444C450D0A0000004F4B205451
:10E2D0005241434B20444941470D0A004F4B2054C3
:10E2E0005241434B0D0A00004F4B204155544F0DF6
:10E2F0000A00000045525220414D500D0A00000016
:10E300004F4B20414D500D0A000000004F4B20465E
:10E310005245510D0A0000004552522046524551C7
:10E320000D0A00004F4B2050484153450D0A000094
:10E330004F4B205048415345510D0A004552522041
:10E340005048415345510D0A000000004F4B2054E6
:10E3500052494D510D0A0000455252205452494D28
:10E36000510D0A004F4B2043414C0D0A00000000A4
:10E370004552522043414C0D0A0000004F4B2050A3
:10E38000524F42450D0A00004552522050524F4212
:10E39000450D0A004F4B20535445500D0A00000014
:10E3A00045525220535445500D0A00004F4B205304
:10E3B000574545500D0A00004F4B20524553554CD0
:10E3C000540D0A0045525220524553554C540D0AE3
:10E3D000000000004F4B20545241434B444F4E45E8
:10E3E0000D0A000045525220545241434B444F4EB7
:10E3F000450D0A004F4B205441534B444F4E450DA1
:10E400000A000000455252205441534B444F4E45A0
:10E410000D0A000045525220434F4D4D414E440DD0
:10E420000A0000004632303236204C495353414AEC
:10E430004F5553004D4F4445000000004155544F87
:10E44000000000005920444956000000434F444555
:10E450000000000046524551000000004C4F434B65
:10E46000000000004F5452005143414C0000000096
:10E4700043414C0054000000414443002D00000083
:10E480004650474100000000513A31323341205498
:10E490003A34353620303A5320443A5800000000D0
:10E4A000504900006632303236000000444941478E
:10E4B00000000000434952434C450000444F554280
:10E4C0004C45000050524F4245000000535745450F
:10E4D000500000005441424C45000000ACE40008EC
:10E4E000B4E40008BCE40008C4E40008CCE400087C
:10E4F000D4E4000802040608463230323620524581
:10E500004144592055310D0A000000004632303296
:10E51000362052454144592055330D0A0000000071
:10E52000200900004F464600535441545553000003
:10E530004259504153530000545241434B00000094
:10E54000414D50005452494D510000005048415334
:10E550004500000050484153455100005354455078
:10E5600000000000524553554C54000054524143A2
:10E570004B444F4E450000005441534B444F4E45D1
:10E5800000000000455252204C454E4754480D0AA9
:10E5900000000000545241434B43414C20310D0ACE
:10E5A00000000000545241434B43414C20320D0ABD
:10E5B00000000000545241434B43414C20330D0AAC
:10E5C000000000004D45415355524520310D0A00D1
:10E5D0004D45415355524520320D0A004D4541539A
:10E5E00055524520330D0A0094E50008A4E50008C3
:10E5F000B4E50008C4E50008D0E50008DCE5000843
:10E600000010024020000000001002401000000036
:10E61000001002400800000000100240040000004A
:10E62000000802400400000000080240080000004A
:10E63000100020004000800044434241233936331B
:10E64000303835322A373431010002000400080026
:10E65000000000000000005F000000070007001439
:10E660007F147F14242A7F2A1223130864623649F8
:10E670005522500005030000001C224100004122E9
:10E680001C0014083E081408083E0808005030001A
:10E690000008080808080060600000201008040254
:10E6A0003E5149453E00427F40004261514946216A
:10E6B00041454B311814127F1027454545393C4AD6
:10E6C0004949300171090503364949493606494926
:10E6D000291E00363600000056360000081422417C
:10E6E00000141414141400412214080201510906E4
:10E6F000324979413E7E1111117E7F494949363EAA
:10E70000414141227F4141221C7F494949417F09C2
:10E710000909013E4149497A7F0808087F00417F85
:10E7200041002040413F017F081422417F4040408A
:10E73000407F020C027F7F0408107F3E4141413E32
:10E740007F090909063E4151215E7F091929464684
:10E750004949493101017F01013F4040403F1F20AD
:10E7600040201F3F4038403F63140814630708707F
:10E770000807615149454300020000000000000005
:10E780000000000000000000040000000000000085
:10E790000000000000000000080000000000000071
:10E7A0000000000000000000100000000000000059
:10E7B0000000000000000000200000000000000039
:10E7C0000000000000000000400000000000000009
:10E7D00000000000000000008000000000000000B9
:10E7E0000000000000000000000100000000000028
:10E7F00008000000100000001800000020000000C9
:10E80000280000003000000038000000000610164C
:10E8100000061016000000000000000001020304C2
:10E82000060708090000000001020304546D72513C
:10E8300000000000546D72205376630000202020F9
:10E8400020202020202028282828282020202020A0
:10E850002020202020202020202020202088101070
:10E8600010101010101010101010101010040404CC
:10E87000040404040404041010101010101041418A
:10E880004141414101010101010101010101010178
:10E89000010101010101010110101010101042428C
:10E8A0004242424202020202020202020202020248
:10E8B00002020202020202021010101020000000E8
:10E8C0000000000000000000000000000000000048
:10E8D0000000000000000000000000000000000038
:10E8E0000000000000000000000000000000000028
:10E8F0000000000000000000000000000000000018
:10E900000000000000000000000000000000000007
:10E9100000000000000000000000000000000000F7
:10E9200000000000000000000000000000000000E7
:10E9300000000000000000000000000000000000D7
:10E94000880A0020494E4600696E66004E414E001E
:10E950006E616E00303132333435363738396162AA
:10E960006364656600000000303132333435363779
:10E97000383941424344454600000000286E756C1A
:10E980006C290000300000002020202020202020C2
:10E9900020202020202020203030303030303030F7
:10E9A00030303030303030304E614E00496E666964
:10E9B0006E6974790000000042616C6C6F632073B3
:10E9C0007563636565646564000000002F6D6E7497
:10E9D0002F776F726B73706163652F776F726B73D4
:10E9E000706163652F4743432D31302D7069706529
:10E9F0006C696E652F6A656E6B696E732D47434354
:10EA00002D31302D706970656C696E652D3333382A
:10EA10005F32303231313031385F31363334353175
:10EA2000363230332F7372632F6E65776C69622FC5
:10EA30006E65776C69622F6C6962632F7374646CA6
:10EA400069622F64746F612E630000002F6D6E7415
:10EA50002F776F726B73706163652F776F726B7353
:10EA6000706163652F4743432D31302D70697065A8
:10EA70006C696E652F6A656E6B696E732D474343D3
:10EA80002D31302D706970656C696E652D333338AA
:10EA90005F32303231313031385F313633343531F5
:10EAA000363230332F7372632F6E65776C69622F45
:10EAB0006E65776C69622F6C6962632F7374646C26
:10EAC00069622F6D707265632E63000000000000A4
:10EAD0000080E03779C34143176E05B5B5B893465A
:10EAE000F5F93FE9034F384D321D30F94877825A26
:10EAF0003CBF737FDD4F1575000000000000F03F44
:10EB00000000000000002440000000000000594008
:10EB10000000000000408F40000000000088C3405B
:10EB200000000000006AF8400000000080842E41D0
:10EB300000000000D01263410000000084D797411C
:10EB40000000000065CDCD41000000205FA0024222
:10EB5000000000E876483742000000A2941A6D4297
:10EB6000000040E59C30A2420000901EC4BCD6428A
:10EB700000003426F56B0C430080E03779C3414335
:10EB800000A0D8855734764300C84E676DC1AB43AB
:10EB9000003D9160E458E143408CB5781DAF1544C9
:10EBA00050EFE2D6E41A4B4492D54D06CFF08044A4
:10EBB000F64AE1C7022DB544B49DD9794378EA44B9
:10EBC00005000000190000007D0000002C20667583
:10EBD0006E6374696F6E3A200000000061737365A4
:10EBE0007274696F6E2022257322206661696C65DC
:10EBF000643A2066696C6520222573222C206C699A
:10EC00006E65202564257325730A0000430000000B
:10EC1000504F5349580000002E00000020202020B3
:10EC200020202020202020202020202030303030A4
:0CEC300030303030303030303030303098
:08EC3C00F415FF7F0100000048
:08EC4400759D0008E5010008C0
:04EC4C00C1010008FA
:10EC50000000030D1A263300E80300000000000046
:10EC60003200000010270000499FF4090000000056
:10EC70000000000000000000000000000000000094
:10EC80000000000000000000000000000000000084
:10EC90000000000000000000000000000000000074
:10ECA0000000000000000000000000000000000064
:10ECB0000000000000000000000000000000000153
:10ECC0000000000006787D01000000000000000048
:10ECD00000000000000000005C17002000000000A1
:10ECE0000000000000000000000000000000000024
:10ECF0000000000000000000000000000000000014
:10ED00000000000000000000000000000000000003
:10ED100000000000000000000000000000000000F3
:10ED200000000000000000000000000000000000E3
:10ED3000EC170020000000000000000000000000B0
:10ED400000000000000000000000000000000000C3
:10ED500000000000000000000000000000000000B3
:10ED600000000000000000000000000000000000A3
:10ED70000000000000000000000000000000000093
:10ED800000000000000000005C170020FFFF0000F2
:10ED90005C170020000000000000000000000000E0
:10EDA0000000000000000000000000000000000063
:10EDB0000000000000000000000000000000000053
:10EDC0000000000000000000000000000000000043
:10EDD0000000000000000000000000000000000033
:10EDE0000000000000000000000000000000000023
:10EDF0000000000000000000000000000000000013
:10EE00000000000000000000000000000000000002
:10EE100000000000000000000000000000000000F2
:10EE200000000000000000000000000000000000E2
:10EE300000000000000000000000000000000000D2
:10EE400000000000000000000000000000000000C2
:10EE500000000000000000000000000000000000B2
:10EE600000000000000000000000000000000000A2
:10EE70000000000000000000000000000000000092
:10EE80000000000000000000000000000000000082
:10EE90000000000000000000000000000000000072
:10EEA0000000000000000000000000000000000062
:10EEB0000000000000000000000000000000000052
:10EEC0000000000000000000000000000000000042
:10EED0000000000000000000000000000000000032
:10EEE0000000000000000000000000000000000022
:10EEF0000000000000000000000000000000000012
:10EF00000000000000000000000000000000000001
:10EF100000000000000000000000000000000000F1
:10EF200000000000000000000000000000000000E1
:10EF300000000000000000000000000000000000D1
:10EF400000000000000000000000000000000000C1
:10EF500000000000000000000000000000000000B1
:10EF600000000000000000000000000000000000A1
:10EF70000000000000000000000000000000000091
:10EF80000000000000000000000000000000000081
:10EF90000000000000000000000000000000000071
:10EFA0000000000000000000000000000000000061
:10EFB0000000000000000000000000000000000051
:10EFC0000000000000000000000000000000000041
:10EFD0000000000000000000000000000000000031
:10EFE0000000000000000000000000000000000021
:10EFF0000000000000000000000000000000000011
:10F000000000000000000000000000000000000000
:10F0100000000000000000000000000000000000F0
:10F0200000000000000000000000000000000000E0
:10F0300000000000000000000000000000000000D0
:10F0400000000000000000000000000000000000C0
:10F0500000000000000000000000000000000000B0
:10F0600000000000000000000000000000000000A0
:10F070000000000000000000000000000000000090
:10F080000000000000000000000000000000000080
:10F090000000000000000000000000000C00000064
:10F0A000A417002000000000000000000000000085
:10F0B0000000000000000000000000000000000050
:10F0C0000000000000000000000000000000000040
:10F0D0000000000000000000000000000000000030
:10F0E0000000000000000000000000000000000020
:10F0F0000000000000000000000000000000000010
:10F1000000000000000000000000000000000000FF
:10F1100000000000000000000000000000000000EF
:10F1200000000000000000000000000000000000DF
:10F1300000000000000000000000000000000000CF
:10F1400000000000000000000000000000000000BF
:10F1500000000000000000000000000000000000AF
:10F16000000000000000000000000000000000009F
:10F17000000000000000000000000000000000008F
:10F18000000000000000000000000000000000007F
:10F19000000000000000000000000000000000006F
:10F1A000000000000000000000000000000000005F
:10F1B000000000000000000000000000000000004F
:10F1C000000000000000000000000000000000003F
:10F1D000000000000000000000000000000000002F
:10F1E000000000000000000000000000000000001F
:10F1F000000000000000000000000000000000000F
:10F2000000000000000000000000000000000000FE
:10F2100000000000000000000000000000000000EE
:10F2200000000000000000000000000000000000DE
:10F2300000000000000000000000000000000000CE
:10F2400000000000000000000000000000000000BE
:10F2500000000000000000000000000000000000AE
:10F26000000000000000000000000000000000009E
:10F27000000000000000000000000000000000008E
:10F28000000000000000000000000000000000007E
:10F29000000000000000000000000000000000006E
:10F2A000000000000000000000000000000000005E
:10F2B000000000000000000000000000000000004E
:10F2C000000000000000000000000000000000003E
:10F2D000000000000000000000000000000000002E
:10F2E000000000000000000000000000000000001E
:10F2F000000000000000000000000000000000000E
:10F3000000000000000000000000000000000000FD
:10F3100000000000000000000000000000000000ED
:10F3200000000000000000000000000000000000DD
:10F3300000000000000000000000000000000000CD
:10F3400000000000000000000000000000000000BD
:10F3500000000000000000000000000000000000AD
:10F36000000000000000000000000000000000009D
:10F37000000000000000000000000000000000008D
:10F38000000000000000000000000000000000007D
:10F39000000000000000000000000000000000006D
:10F3A000000000000000000000000000EC1700203A
:10F3B000000000000000000000000000000000004D
:10F3C000000000000000000000000000000000003D
:10F3D000000000000000000000000000000000002D
:10F3E000000000000000000000000000000000001D
:10F3F000000000000000000000000000000000000D
:10F4000000000000000000000000000000000000FC
:10F4100000000000000000000000000000000000EC
:10F4200000000000000000000000000000000000DC
:10F4300000000000000000000000000000000000CC
:10F4400000000000000000000000000000000000BC
:10F4500000000000000000000000000000000000AC
:10F46000000000000000000000000000000000009C
:10F47000000000000000000000000000000000008C
:10F48000000000000000000000000000000000007C
:10F49000000000000000000000000000000000006C
:10F4A000000000000000000000000000000000005C
:10F4B000000000000000000000000000000000004C
:10F4C000000000000000000000000000000000003C
:10F4D000000000000000000000000000000000002C
:10F4E000000000000000000000000000000000001C
:10F4F000000000000000000000000000000000000C
:10F5000000000000000000000000000000000000FB
:10F5100000000000000000000000000000000000EB
:10F5200000000000000000000000000000000000DB
:10F5300000000000000000000000000000000000CB
:10F5400000000000000000000000000000000000BB
:10F5500000000000000000000000000000000000AB
:10F56000000000000000000000000000000000009B
:10F57000000000000000000000000000000000008B
:10F58000000000000000000000000000000000007B
:10F59000000000000000000000000000000000006B
:10F5A000000000000000000000000000000000005B
:10F5B000000000000000000000000000000000004B
:10F5C000000000000000000000000000000000003B
:10F5D000000000000000000000000000000000002B
:10F5E000000000000000000000000000000000001B
:10F5F000000000000000000000000000000000000B
:10F6000000000000000000000000000000000000FA
:10F6100000000000000000000000000000000000EA
:10F6200000000000000000000000000000000000DA
:10F6300000000000000000000000000000000000CA
:10F6400000000000000000000000000000000000BA
:10F6500000000000000000000000000000000000AA
:10F66000000000000000000000000000000000009A
:10F67000000000000000000000000000000000008A
:10F68000000000000000000000000000000000007A
:10F69000000000000000000000000000000000006A
:10F6A000000000000000000000000000000000005A
:10F6B00000000000000000000C000000010000003D
:10F6C000100000000024F40004000000AAAAAAAA66
:10F6D000880A00200000000000000000740D0020D7
:10F6E000DC0D0020440E002000000000000000009F
:10F6F000000000000000000000000000000000000A
:10F7000000000000000000000000000000000000F9
:10F7100000000000000000000000000000000000E9
:10F7200000000000000000000000000000000000D9
:10F7300000000000000000000000000000000000C9
:10F7400000000000000000000000000000000000B9
:10F7500000000000000000000000000000000000A9
:10F760000000000000000000000000000000000099
:10F770000000000000000000000000000000000089
:10F7800001000000000000000E33CDAB34126DE626
:10F79000ECDE05000B00000000000000000000008F
:10F7A0000000000000000000000000000000000059
:10F7B0000000000000000000000000000000000049
:10F7C0000000000000000000000000000000000039
:10F7D0000000000000000000000000000000000029
:10F7E0000000000000000000000000000000000019
:10F7F0000000000000000000000000000000000009
:10F8000000000000000000000000000000000000F8
:10F8100000000000000000000000000000000000E8
:10F8200000000000000000000000000000000000D8
:10F8300000000000000000000000000000000000C8
:10F8400000000000000000000000000000000000B8
:10F8500000000000000000000000000000000000A8
:10F860000000000000000000000000000000000098
:10F870000000000000000000000000000000000088
:10F880000000000000000000000000000000000078
:10F890000000000000000000000000000000000068
:10F8A0000000000000000000000000000000000058
:10F8B0000000000000000000000000000000000048
:10F8C0000000000000000000000000000000000038
:10F8D0000000000000000000000000000000000028
:10F8E0000000000000000000000000000000000018
:10F8F0000000000000000000000000000000000008
:10F9000000000000000000000000000000000000F7
:10F9100000000000000000000000000000000000E7
:10F9200000000000000000000000000000000000D7
:10F9300000000000000000000000000000000000C7
:10F9400000000000000000000000000000000000B7
:10F9500000000000000000000000000000000000A7
:10F960000000000000000000000000000000000097
:10F970000000000000000000000000000000000087
:10F980000000000000000000000000000000000077
:10F990000000000000000000000000000000000067
:10F9A0000000000000000000000000000000000057
:10F9B0000000000000000000000000000000000047
:10F9C0000000000000000000000000000000000037
:10F9D0000000000000000000000000000000000027
:10F9E0000000000000000000000000000000000017
:10F9F0000000000000000000000000000000000007
:10FA000000000000000000000000000000000000F6
:10FA100000000000000000000000000000000000E6
:10FA200000000000000000000000000000000000D6
:10FA300000000000000000000000000000000000C6
:10FA400000000000000000000000000000000000B6
:10FA500000000000000000000000000000000000A6
:10FA60000000000000000000000000000000000096
:10FA70000000000000000000000000000000000086
:10FA80000000000000000000000000000000000076
:10FA90000000000000000000000000000000000066
:10FAA0000000000000000000000000000000000056
:10FAB0000000000000000000000000000000000046
:10FAC0000000000000000000000000000000000036
:10FAD0000000000000000000000000000000000026
:10FAE0000000000000000000000000000000000016
:10FAF0000000000000000000000000000000000006
:10FB0000C08900200000000000000000B40E0020AA
:10FB1000B40E0020BC0E0020BC0E0020C40E00203D
:10FB2000C40E0020CC0E0020CC0E0020D40E0020ED
:10FB3000D40E0020DC0E0020DC0E0020E40E00209D
:10FB4000E40E0020EC0E0020EC0E0020F40E00204D
:10FB5000F40E0020FC0E0020FC0E0020040F0020FC
:10FB6000040F00200C0F00200C0F0020140F0020A9
:10FB7000140F00201C0F00201C0F0020240F002059
:10FB8000240F00202C0F00202C0F0020340F002009
:10FB9000340F00203C0F00203C0F0020440F0020B9
:10FBA000440F00204C0F00204C0F0020540F002069
:10FBB000540F00205C0F00205C0F0020640F002019
:10FBC000640F00206C0F00206C0F0020740F0020C9
:10FBD000740F00207C0F00207C0F0020840F002079
:10FBE000840F00208C0F00208C0F0020940F002029
:10FBF000940F00209C0F00209C0F0020A40F0020D9
:10FC0000A40F0020AC0F0020AC0F0020B40F002088
:10FC1000B40F0020BC0F0020BC0F0020C40F002038
:10FC2000C40F0020CC0F0020CC0F0020D40F0020E8
:10FC3000D40F0020DC0F0020DC0F0020E40F002098
:10FC4000E40F0020EC0F0020EC0F0020F40F002048
:10FC5000F40F0020FC0F0020FC0F002004100020F7
:10FC6000041000200C1000200C10002014100020A4
:10FC7000141000201C1000201C1000202410002054
:10FC8000241000202C1000202C1000203410002004
:10FC9000341000203C1000203C10002044100020B4
:10FCA000441000204C1000204C1000205410002064
:10FCB000541000205C1000205C1000206410002014
:10FCC000641000206C1000206C10002074100020C4
:10FCD000741000207C1000207C1000208410002074
:10FCE000841000208C1000208C1000209410002024
:10FCF000941000209C1000209C100020A4100020D4
:10FD0000A4100020AC100020AC100020B410002083
:10FD1000B4100020BC100020BC100020C410002033
:10FD2000C4100020CC100020CC100020D4100020E3
:10FD3000D4100020DC100020DC100020E410002093
:10FD4000E4100020EC100020EC100020F410002043
:10FD5000F4100020FC100020FC10002004110020F2
:10FD6000041100200C1100200C110020141100209F
:10FD7000141100201C1100201C110020241100204F
:10FD8000241100202C1100202C11002034110020FF
:10FD9000341100203C1100203C11002044110020AF
:10FDA000441100204C1100204C110020541100205F
:10FDB000541100205C1100205C110020641100200F
:10FDC000641100206C1100206C11002074110020BF
:10FDD000741100207C1100207C110020841100206F
:10FDE000841100208C1100208C110020941100201F
:10FDF000941100209C1100209C110020A4110020CF
:10FE0000A4110020AC110020AC110020B41100207E
:10FE1000B4110020BC110020BC110020C41100202E
:10FE2000C4110020CC110020CC110020D4110020DE
:10FE3000D4110020DC110020DC110020E41100208E
:10FE4000E4110020EC110020EC110020F41100203E
:10FE5000F4110020FC110020FC11002004120020ED
:10FE6000041200200C1200200C120020141200209A
:10FE7000141200201C1200201C120020241200204A
:10FE8000241200202C1200202C12002034120020FA
:10FE9000341200203C1200203C12002044120020AA
:10FEA000441200204C1200204C120020541200205A
:10FEB000541200205C1200205C120020641200200A
:10FEC000641200206C1200206C12002074120020BA
:10FED000741200207C1200207C120020841200206A
:10FEE000841200208C1200208C120020941200201A
:10FEF000941200209C1200209C120020A4120020CA
:10FF0000A4120020AC120020AC120020FFFFFFFF63
:10FF1000000002004300000000000000000000009C
:10FF200000000000000000000000000000000000D1
:10FF3000000000004300000000000000000000007E
:10FF400000000000000000000000000000000000B1
:10FF5000000000004300000000000000000000005E
:10FF60000000000000000000000000000000000091
:10FF7000000000004300000000000000000000003E
:10FF80000000000000000000000000000000000071
:10FF9000000000004300000000000000000000001E
:10FFA0000000000000000000000000000000000051
:10FFB00000000000430000000000000000000000FE
:10FFC0000000000000000000000000000000000031
:10FFD00000000000430000000000000000000000DE
:10FFE0000000000000000000000000000000000011
:10FFF0000000000029D5000839C1000800000000F9
:020000040801F1
:100000003CE8000818EC0008A0E50008A0E500089E
:10001000A0E50008A0E50008A0E50008A0E50008AC
:10002000A0E50008A0E50008A0E50008FFFFFFFF2D
:10003000FFFFFFFFFFFFFFFFFFFF00000100415335
:1000400043494900000000000000000000000000DB
:10005000000000000000000000000000000041530C
:1000600043494900000000000000000000000000BB
:100070000000000000000000000000000000000080
:0400000508004AA500
:00000001FF
