:020000040800F2
:1000000000000220153C0008B53A0008BD3A00087F
:10001000C13A0008C53A0008C93A000800000000CB
:10002000000000000000000000000000B96A0008A5
:10003000B93A000800000000296B0008CD3A00081A
:10004000653C0008653C0008653C0008653C00080C
:1000500000000000653C0008653C0008653C0008A5
:10006000653C0008653C0008653C0008653C0008EC
:10007000E53A0008653C0008F13A0008653C0008D4
:10008000FD3A0008093B0008653C0008653C000893
:10009000653C0008653C0008653C0008653C0008BC
:1000A000653C0008653C0008653C0008653C0008AC
:1000B000653C0008653C0008653C0008653C00089C
:1000C000653C0008653C0008653C0008653C00088C
:1000D000653C0008393B0008453B0008513B0008DF
:1000E000653C0008653C0008653C0008653C00086C
:1000F000653C0008653C0008653C0008653C00085C
:10010000653C0008653C0008653C0008653C00084B
:10011000653C0008653C0008653C0008653C00083B
:10012000153B0008653C0008213B0008653C0008C1
:10013000653C0008653C0008653C0008653C00081B
:10014000653C0008653C0008653C0008653C00080B
:10015000653C0008653C00082D3B0008653C000834
:10016000653C0008653C0008653C0008653C0008EB
:10017000653C0008653C0008653C0008653C0008DB
:08018000653C0008653C000825
:1001C00010B5054C237833B9044B13B10448AFF391
:1001D00000800123237010BD2813002000000000C0
:1001E00094D1000808B5034B1BB103490348AFF392
:1001F000008008BD000000002C13002094D10008EE
:1002000053B94AB9002908BF00281CBF4FF0FF317D
:100210004FF0FF3000F074B9ADF1080C6DE904CE79
:1002200000F006F8DDF804E0DDE9022304B07047D1
:100230002DE9F047089D04468E46002B4DD18A4299
:10024000944669D9B2FA82F252B101FA02F3C2F1CC
:10025000200120FA01F10CFA02FC41EA030E94405D
:100260004FEA1C48210CBEFBF8F61FFA8CF708FB7E
:1002700016E341EA034306FB07F199420AD91CEB56
:10028000030306F1FF3080F01F81994240F21C8188
:10029000023E63445B1AA4B2B3FBF8F008FB1033D0
:1002A00044EA034400FB07F7A7420AD91CEB040405
:1002B00000F1FF3380F00A81A74240F207816444D5
:1002C000023840EA0640E41B00261DB1D44000235A
:1002D000C5E900433146BDE8F0878B4209D9002DBE
:1002E00000F0EF800026C5E9000130463146BDE848
:1002F000F087B3FA83F6002E4AD18B4202D38242B2
:1003000000F2F980841A61EB030301209E46002D60
:10031000E0D0C5E9004EDDE702B9FFDEB2FA82F2B5
:10032000002A40F09280A1EB0C014FEA1C471FFA13
:100330008CFE0126200CB1FBF7F307FB131140EAFA
:1003400001410EFB03F0884208D91CEB010103F1C7
:10035000FF3802D2884200F2CB804346091AA4B289
:10036000B1FBF7F007FB101144EA01440EFB00FE5D
:10037000A64508D91CEB040400F1FF3102D2A645C2
:1003800000F2BB800846A4EB0E0440EA03409CE761
:10039000C6F12007B34022FA07FC4CEA030C20FA0E
:1003A00007F401FA06F31C43F9404FEA1C4900FA2E
:1003B00006F3B1FBF9F8200C1FFA8CFE09FB1811AB
:1003C00040EA014108FB0EF0884202FA06F20BD91E
:1003D0001CEB010108F1FF3A80F08880884240F26E
:1003E0008580A8F102086144091AA4B2B1FBF9F0B2
:1003F00009FB101144EA014100FB0EFE8E4508D9AD
:100400001CEB010100F1FF346CD28E456AD9023831
:10041000614440EA0840A0FB0294A1EB0E01A14216
:10042000C846A64656D353D05DB1B3EB080261EB84
:100430000E0101FA07F722FA06F3F1401F43C5E95E
:10044000007100263146BDE8F087C2F12003D84094
:100450000CFA02FC21FA03F3914001434FEA1C47D6
:100460001FFA8CFEB3FBF7F007FB10360B0C43EAC8
:10047000064300FB0EF69E4204FA02F408D91CEB78
:10048000030300F1FF382FD29E422DD90238634476
:100490009B1B89B2B3FBF7F607FB163341EA034116
:1004A00006FB0EF38B4208D91CEB010106F1FF3865
:1004B00016D28B4214D9023E6144C91A46EA00465C
:1004C00038E72E46284605E70646E3E61846F8E6EE
:1004D0004B45A9D2B9EB020864EB0C0E0138A3E737
:1004E0004646EAE7204694E74046D1E7D0467BE718
:1004F000023B614432E7304609E76444023842E790
:10050000704700BF844641EA000313F003036DD136
:10051000403A41D351F8043B40F8043B51F8043BC6
:1005200040F8043B51F8043B40F8043B51F8043BCD
:1005300040F8043B51F8043B40F8043B51F8043BBD
:1005400040F8043B51F8043B40F8043B51F8043BAD
:1005500040F8043B51F8043B40F8043B51F8043B9D
:1005600040F8043B51F8043B40F8043B51F8043B8D
:1005700040F8043B51F8043B40F8043B51F8043B7D
:1005800040F8043B51F8043B40F8043B51F8043B6D
:1005900040F8043B403ABDD2303211D351F8043B0D
:1005A00040F8043B51F8043B40F8043B51F8043B4D
:1005B00040F8043B51F8043B40F8043B103AEDD2BC
:1005C0000C3205D351F8043B40F8043B043AF9D20D
:1005D000043208D0D2071CBF11F8013B00F8013BE0
:1005E00001D30B8803806046704700BF082A13D3ED
:1005F0008B078DD010F003038AD0C3F10403D21A05
:10060000DB071CBF11F8013B00F8013B80D331F838
:10061000023B20F8023B7BE7043AD9D3013A11F8B8
:10062000013B00F8013BF9D20B7803704B78437023
:100630008B78837060467047000000000000000067
:10064000A2EB0300704700BF02780B78012A28BF95
:100650009A42F5D16DE9044540EA0104CDE902670B
:100660006FF0000C4FEA447212B380EA010414F0F8
:10067000070F6AD100F0070420F0070004F003051B
:1006800021F007014FEAC505F0E8042314F0040F38
:10069000F1E804670CFA05F462EA040266EA04066B
:1006A0000AD063EA0403624667EA0407664603E089
:1006B000F0E80423F1E8046782FA4CF582EA0604C4
:1006C000A4FA8CF46CBB83FA4CF583EA0705A5FA0F
:1006D0008CF595B950E9022351E9026782FA4CF58D
:1006E00082EA0604A4FA8CF483FA4CF583EA07053F
:1006F000A5FA8CF52543DBD09CB92DBAB5FA85F463
:1007000024F0070427FA04F1DDE9026723FA04F371
:1007100003F0FF0001F0FF01FDE80445A0EB01003C
:10072000704724BAB4FA84F424F0070426FA04F1DA
:10073000DDE9026722FA04F202F0FF0001F0FF0196
:10074000FDE80445A0EB0100704714F0030F3CD115
:1007500010F0030428D150F8082B51F8083B82FA16
:100760004CF582EA0305A5FA8CF55DB950F8042C26
:1007700051F8043C82FA4CF582EA0305A5FA8CF59F
:10078000002DE8D02DBAB5FA85F424F0070423FA39
:1007900004F122FA04F202F0FF0001F0FF01FDE88B
:1007A0000445A0EB010070474FEAC40420F00300A9
:1007B00050F8082B21F0030151F8083B0CFA04F41F
:1007C00062EA040263EA0403C9E710F003041AD0E2
:1007D000A1EB040120F00300E40750F8042B06D03D
:1007E0000FD28B785FFAA2F4E41A06D12BB1CB7842
:1007F0005FFAB2F4E41A00D11BB920465DF8104B41
:10080000704701F1040150F8042BCC0721F00301DB
:1008100051F8043B48D824D222F07F4482FA4CF5A8
:1008200094EA1325A5FA8CF50AD165B951F8043B71
:1008300084EA0204B4EB036F0ED150F8042BEBE70B
:100840004FEA132355E035F07F454DD10878FDE898
:100850000445C0F1000070474FEA126203F0FF0345
:1008600047E002EA1C4482FA4CF594EA1345A5FAE3
:100870008CF50AD165B951F8043B84EA0204B4EB63
:10088000034F0CD150F8042BEBE74FEA134330E051
:1008900015EA1C4528D10B884FEA124229E04FEA9D
:1008A000124203EA1C4324E002F0FF0482FA4CF5F2
:1008B00094EA1365A5FA8CF50AD165B951F8043BA1
:1008C00084EA0204B4EB032F09D150F8042BEBE7C0
:1008D0004FEA13630DE015F0FF0F05D10B684FEAE7
:1008E000122223F07F4304E04FF00000FDE80445AE
:1008F000704712BA1BBA82FA4CF482EA0304A4FAD3
:100900008CF5B5FA85F402FA04F203FA04F34FEA1F
:100910001260FDE80445A0EB136070470000000082
:1009200000000000000000000000000000000000C7
:1009300000000000000000000000000000000000B7
:1009400090F800F06DE9024520F007016FF0000C0F
:1009500010F0070491F820F040F049804FF00004B7
:100960006FF00700D1E9002391F840F000F1080092
:1009700082FA4CF2A4FA8CF283FA4CF3A2FA8CF3CA
:100980004BBBD1E9022382FA4CF200F10800A4FA31
:100990008CF283FA4CF3A2FA8CF3E3B9D1E9042385
:1009A00082FA4CF200F10800A4FA8CF283FA4CF3BC
:1009B000A2FA8CF37BB9D1E9062301F1200182FA76
:1009C0004CF200F10800A4FA8CF283FA4CF3A2FA7C
:1009D0008CF3002BC6D0002A04BF04301A4612BA8A
:1009E000B2FA82F2FDE8024500EBD2007047D1E98D
:1009F000002304F00305C4F100004FEAC50514F01C
:100A0000040F91F840F00CFA05F562EA05021CBFEC
:100A100063EA050362464FF00004A9E70000000006
:100A200001F0FF01102A2BDB10F0070F08D010F89F
:100A3000013B013A8B422DD010F0070F42B3F6D1A3
:100A4000F0B441EA012141EA014122F007047FF0BC
:100A500000070023F0E80256083C85EA010586EA13
:100A6000010685FA47F5A3FA87F586FA47F6A5FA4F
:100A700087F68EB9EED1F0BC01F0FF0102F007025B
:100A800032B110F8013B013A83EA010313B1F8D106
:100A90000020704701387047002D06BF35460338E7
:100AA000073815F0010F07D1013015F4807F02BF20
:100AB000013015F4C03F0130F0BC0138704700BF71
:100AC00081F0004102E000BF83F0004330B54FEAFF
:100AD00041044FEA430594EA050F08BF90EA020F6C
:100AE0001FBF54EA000C55EA020C7FEA645C7FEAFF
:100AF000655C00F0E2804FEA5454D4EB5555B8BF22
:100B00006D420CDD2C4480EA020281EA030382EA92
:100B1000000083EA010180EA020281EA0303362D24
:100B200088BF30BD11F0004F4FEA01314FF4801CF7
:100B30004CEA113102D0404261EB410113F0004F09
:100B40004FEA03334CEA133302D0524263EB4303C0
:100B500094EA050F00F0A780A4F10104D5F1200E5E
:100B60000DDB02FA0EFC22FA05F2801841F10001B9
:100B700003FA0EF2801843FA05F359410EE0A5F18D
:100B800020050EF1200E012A03FA0EFC28BF4CF0BE
:100B9000020C43FA05F3C01851EBE37101F0004574
:100BA00007D54FF0000EDCF1000C7EEB00006EEB81
:100BB0000101B1F5801F1BD3B1F5001F0CD349080B
:100BC0005FEA30004FEA3C0C04F101044FEA445262
:100BD00012F5800F80F09A80BCF1004F08BF5FEAE9
:100BE000500C50F1000041EB045141EA050130BDC9
:100BF0005FEA4C0C404141EB0101013C28BFB1F5DB
:100C0000801FE9D291F0000F04BF01460020B1FA25
:100C100081F308BF2033A3F10B03B3F120020CDAF8
:100C20000C3208DD02F1140CC2F10C0201FA0CF0D6
:100C300021FA02F10CE002F11402D8BFC2F1200C3B
:100C400001FA02F120FA0CFCDCBF41EA0C019040F1
:100C5000E41AA2BF01EB0451294330BD6FEA04043A
:100C60001F3C1CDA0C340EDC04F11404C4F1200225
:100C700020FA04F001FA02F340EA030021FA04F337
:100C800045EA030130BDC4F10C04C4F1200220FA8E
:100C900002F001FA04F340EA0300294630BD21FACC
:100CA00004F0294630BD94F0000F83F4801306BF92
:100CB00081F480110134013D4EE77FEA645C18BF86
:100CC0007FEA655C29D094EA050F08BF90EA020F1D
:100CD00005D054EA000C04BF1946104630BD91EA15
:100CE000030F1EBF0021002030BD5FEA545C05D118
:100CF0004000494128BF41F0004130BD14F5800457
:100D00003CBF01F5801130BD01F0004545F0FE41CA
:100D100041F470014FF0000030BD7FEA645C1ABFFF
:100D2000194610467FEA655C1CBF0B46024650EA36
:100D3000013406BF52EA033591EA030F41F4002162
:100D400030BD00BF90F0000F04BF0021704730B5E8
:100D50004FF4806404F132044FF000054FF00001BD
:100D600050E700BF90F0000F04BF0021704730B57E
:100D70004FF4806404F1320410F0004548BF404253
:100D80004FF000013EE700BF42004FEAE2014FEAA8
:100D900031014FEA02701FBF12F07F4393F07F4F83
:100DA00081F06051704732F07F4208BF704793F086
:100DB0007F4F04BF41F40021704730B54FF4607499
:100DC00001F0004521F000411CE700BF50EA01029C
:100DD00008BF704730B54FF000050AE050EA010245
:100DE00008BF704730B511F0004502D5404261EBB5
:100DF00041014FF4806404F132045FEA915C3FF4F6
:100E0000D8AE4FF003025FEADC0C18BF03325FEA92
:100E1000DC0C18BF033202EBDC02C2F1200300FA43
:100E200003FC20FA02F001FA03FE40EA0E0021FA68
:100E300002F11444BDE600BF70B54FF0FF0C4CF456
:100E4000E06C1CEA11541DBF1CEA135594EA0C0F08
:100E500095EA0C0F00F0DEF82C4481EA030621EA43
:100E60004C5123EA4C5350EA013518BF52EA03357E
:100E700041F4801143F4801338D0A0FB02CE4FF030
:100E80000005E1FB02E506F00042E0FB03E54FF060
:100E90000006E1FB03569CF0000F18BF4EF0010E58
:100EA000A4F1FF04B6F5007F64F5407404D25FEA54
:100EB0004E0E6D4146EB060642EAC62141EA555107
:100EC0004FEAC52040EA5E504FEACE2EB4F1FD0C49
:100ED00088BFBCF5E06F1ED8BEF1004F08BF5FEAC7
:100EE000500E50F1000041EB045170BD06F0004679
:100EF00046EA010140EA020081EA0301B4EB5C0426
:100F0000C2BFD4EB0C0541EA045170BD41F480111D
:100F10004FF0000E013C00F3AB8014F1360FDEBF42
:100F2000002001F0004170BDC4F10004203C35DA1E
:100F30000C341BDC04F11404C4F1200500FA05F3A1
:100F400020FA04F001FA05F240EA020001F0004242
:100F500021F0004110EBD37021FA04F642EB0601B8
:100F60005EEA430E08BF20EAD37070BDC4F10C04E2
:100F7000C4F1200500FA04F320FA05F001FA04F2A6
:100F800040EA020001F0004110EBD37041F1000192
:100F90005EEA430E08BF20EAD37070BDC4F120059D
:100FA00000FA05F24EEA020E20FA04F301FA05F205
:100FB00043EA020321FA04F001F0004121FA04F2AD
:100FC00020EA020000EBD3705EEA430E08BF20EA7D
:100FD000D37070BD94F0000F0FD101F000464000B7
:100FE00041EB010111F4801F08BF013CF7D041EA39
:100FF000060195F0000F18BF704703F0004652003D
:1010000043EB030313F4801F08BF013DF7D043EA0D
:101010000603704794EA0C0F0CEA135518BF95EAC3
:101020000C0F0CD050EA410618BF52EA4306D1D14A
:1010300081EA030101F000414FF0000070BD50EA69
:10104000410606BF1046194652EA430619D094EAF3
:101050000C0F02D150EA013613D195EA0C0F05D1DD
:1010600052EA03361CBF104619460AD181EA030131
:1010700001F0004141F0FE4141F470014FF00000E9
:1010800070BD41F0FE4141F4780170BD70B54FF084
:10109000FF0C4CF4E06C1CEA11541DBF1CEA135504
:1010A00094EA0C0F95EA0C0F00F0A7F8A4EB0504E6
:1010B00081EA030E52EA03354FEA013100F08880DD
:1010C0004FEA03334FF0805545EA131343EA1263A6
:1010D0004FEA022245EA111545EA10654FEA00265B
:1010E0000EF000419D4208BF964244F1FD0404F514
:1010F000407402D25B084FEA3202B61A65EB030570
:101100005B084FEA32024FF480104FF4002CB6EB2C
:10111000020E75EB030E22BFB61A754640EA0C00AC
:101120005B084FEA3202B6EB020E75EB030E22BFEC
:10113000B61A754640EA5C005B084FEA3202B6EB2D
:10114000020E75EB030E22BFB61A754640EA9C00EC
:101150005B084FEA3202B6EB020E75EB030E22BFBC
:10116000B61A754640EADC0055EA060E18D04FEA7A
:10117000051545EA16754FEA06164FEAC30343EA1A
:1011800052734FEAC2025FEA1C1CC0D111F4801FE7
:101190000BD141EA00014FF000004FF0004CB6E7E0
:1011A00011F4801F04BF01430020B4F1FD0C88BF7F
:1011B000BCF5E06F3FF6AFAEB5EB030C04BFB6EB8A
:1011C000020C5FEA500C50F1000041EB045170BD7D
:1011D0000EF0004E4EEA113114EB5C04C2BFD4EBAA
:1011E0000C0541EA045170BD41F480114FF0000E2E
:1011F000013C90E645EA060E8DE60CEA135594EAAA
:101200000C0F08BF95EA0C0F3FF43BAF94EA0C0FAC
:101210000AD150EA01347FF434AF95EA0C0F7FF421
:1012200025AF104619462CE795EA0C0F06D152EA75
:1012300003353FF4FDAE1046194622E750EA410659
:1012400018BF52EA43067FF4C5AE50EA41047FF46A
:101250000DAF52EA43057FF4EBAE12E74FF0FF3CCF
:1012600006E000BF4FF0010C02E000BF4FF0010CA0
:101270004DF804CD4FEA410C7FEA6C5C4FEA430C19
:1012800018BF7FEA6C5C1BD001B050EA410C0CBF68
:1012900052EA430C91EA030F02BF90EA020F0020CA
:1012A000704710F1000F91EA030F58BF994208BF31
:1012B00090422CBFD8176FEAE37040F001007047EE
:1012C0004FEA410C7FEA6C5C02D150EA013C07D145
:1012D0004FEA430C7FEA6C5CD6D152EA033CD3D090
:1012E0005DF8040B704700BF8446104662468C468A
:1012F0001946634600E000BF01B5FFF7B7FF0028BD
:1013000048BF10F1000F01BD4DF808EDFFF7F4FFE5
:101310000CBF012000205DF808FB00BF4DF808ED70
:10132000FFF7EAFF34BF012000205DF808FB00BF93
:101330004DF808EDFFF7E0FF94BF012000205DF8B5
:1013400008FB00BF4DF808EDFFF7CEFF94BF01206A
:1013500000205DF808FB00BF4DF808EDFFF7C4FF63
:1013600034BF012000205DF808FB00BF4FEA410CAC
:101370007FEA6C5C02D150EA013C0AD14FEA430C8F
:101380007FEA6C5C02D152EA033C02D14FF00000CC
:1013900070474FF0010070474FEA410212F500120A
:1013A00015D211D56FF47873B3EB625212D94FEAAC
:1013B000C12343F0004343EA505311F0004F23FA96
:1013C00002F018BF404270474FF00000704750EAEB
:1013D000013005D111F0004008BF6FF000407047A8
:1013E0004FF00000704700BF08B500F0EDFAFEE7CF
:1013F00070B5274CA278217884B06D462244002332
:101400000093D2786B60EB60E3688DF80120029363
:1014100062788DF800104FF460738DF80320ADF8FA
:101420000C3019B152BB01238DF8023094F83430DE
:101430001BB1009A636A9A4213D0284600F088FBD9
:1014400028B984F8350084F8360004B070BD95E8FA
:101450000F00104E86E80F00012384F8343004B0EA
:1014600070BD019AA36A9A42E7D1029AE36A9A424E
:10147000E3D1039A236B9A42DFD1E6E7A06800F03C
:10148000B7FB031E18BF012301908DF80230CDE792
:1014900000000020240000202DE9F04FC7B004F028
:1014A0000BFE0D90FFF7A4FFBA4CDFF83CA3DFF86A
:1014B0003C83DFF83CB3002511A800F0FBFA20B113
:1014C0009DF84430022B00F02C82002384F8353044
:1014D00084F8363000F0ACFDC30744BF01232380FD
:1014E000860744BF02232380410740F1F481032390
:1014F0000207238004D5A378013303F00303A3700C
:10150000012000F063FD0F2004F050FD002000F0EA
:101510005DFD002384F834300EA89F4E00F0C4FB1C
:1015200048B39DF83830013B072B00F22D82DFE8ED
:1015300013F098019201890180016F016301280174
:1015400008000F9B022B00F0BA81042B00F00B82E5
:10155000062B00F00C82082B08BF032100F0B0819D
:10156000304600F0CDFC00230EA884F8343000F0A3
:101570009BFB0028D5D10135EDB2FFF739FF092DCE
:1015800040F2FA8094F835206378002A14BF4FF4B3
:10159000FC674FF47847002B00F0B381A668002069
:1015A00001F012FD1F25002108460E230095A02200
:1015B00001F016FD794A00954FF6FF7302210420D1
:1015C00001F01EFD0020764A009040F2FF731421C6
:1015D00001F016FD2378013BDBB2022B4FF0000532
:1015E00094BF5AF823206F4A00954FF6FF731421D9
:1015F000302001F005FD6378002B40F08981002543
:10160000694A009540F2FF732421284601F0F8FC56
:10161000A378009518F80320DFF8D8914FF6FF73F0
:101620002421302001F0FEFC604A009540F2FF7357
:101630002421502001F0E4FCA378009523442421C8
:10164000DA7878204FF6FF7301F0ECFC584A0095E9
:1016500040F2FF733421284601F0D2FC32464FF6A7
:10166000FF7334213020009501F0DCFC514A0095D5
:1016700048F210433421782001F0C2FC4E4A009514
:1016800040F2FF734421284601F0BAFC637C4B4EC4
:101690000095AB4215BF4FF4FC634FF478433246DC
:1016A0004A464421302001F0ABFC454A009540F207
:1016B000FF734421582001F0A3FCA37C0095AB42AA
:1016C0000BBF4A4632464FF4FC634FF47843442143
:1016D000782001F095FC3B4A009540F2FF735421BD
:1016E000284601F08DFC94F8202000954FF6FF73FA
:1016F0005421282001F096FC334A009548F210430B
:101700005421482001F07CFC94F8212000954FF6EC
:10171000FF735421582001F085FC2C4A009540F2BB
:10172000FF736421284601F06BFC94F835002849CA
:10173000284A0095A84208BF0A463B46642130204B
:1017400001F05EFC94F836302349244A0095AB4200
:1017500008BF0A464FF6E0734FF0640118BF4FF41C
:10176000FC63702001F04CFC1D4A009548F21043C8
:101770007421284601F044FC14210DA804F0D4FB88
:101780009AE60F9800F04CFA03461648E36000F022
:10179000B7FBE8E600000020B0D20008CCD2000879
:1017A000DCD20008B0D10008ECD20008F4D2000866
:1017B000FCD2000804D3000808D30008B8D1000800
:1017C00010D3000814D3000818D300081CD3000855
:1017D000C8D10008C0D10008D0D10008D8D1000875
:1017E00024D3000898D2000858D3000864D3000816
:1017F00080F0FA02BCD100080F9B654AA3F57A710C
:10180000914296BF63486448A36000F079FBAAE662
:101810000F9B022B00F0A180042B00F0A680062B6A
:1018200000F0A780082B00F0A6805C4800F068FB61
:1018300099E69DF839205A4822700123637000F020
:101840005FFB90E69DF839205648227000236370B4
:1018500000F056FB87E601235348238000F050FB3D
:1018600081E66278002A40D02378A168013BDBB290
:10187000022B37D94D4B01220291A178009218F822
:1018800001100191217C0A91E17C099194F83510B5
:10189000089194F836100791A17C069194F82110D4
:1018A000059194F820100491617C0391404AC02175
:1018B00016A805F0ADFB16A800F022FB53E60021A8
:1018C000109B5A1E7E2A3FF64BAE21443948CB70FE
:1018D00000F016FB47E603073FF50DAE00283FF486
:1018E0001BAE0DE65AF82330C6E7A16909B1BBFB70
:1018F000F1F12378013BDBB2022BF3D92B4B002211
:10190000BAE7A669002E3FF44AAEBBFBF6F646E600
:10191000294A00954FF6E0731421782001F070FBFE
:101920006DE69DF8473084F8363011AF012384F816
:1019300035300FCF214E94F834C00FC63B6833606A
:10194000BCF1000F3FF4C6ADBDF85620A38C9A42FF
:1019500013D0002384F83430BCE500231848A3706A
:1019600000F0CEFAFFE50121AAE70123F6E7022104
:10197000A6E70223F2E70323F0E79DF8482094F856
:1019800027309A42E5D1A5E50E4800F0B9FAEAE51C
:10199000B882010080D200088CD2000868D200080A
:1019A0005CD2000850D2000840D20008B0D1000834
:1019B000DCD10008A4D20008E4D200081000002006
:1019C00074D20008BCD2000800B583B002F070F9F0
:1019D00000F074FB00F022FB00F0C0FB00F030F8D8
:1019E00000F050F900F04CFF0A2002F08DF90120C0
:1019F00000F058F8142002F087F9002001F0E4FA12
:101A000000230222CDE90023084909484FF440721F
:101A100004F086F9012801D000F0F4FB04F0ECFAA0
:101A200003B05DF804EB00F0EDBB00BF38D3000855
:101A30009914000800F0E6BB00F0E4BB704700BF5B
:101A400070B586B00024144B009405941A6B1348AB
:101A500042F002021A631B6B03F002030225012607
:101A6000009301A9009BCDE90156CDE9036502F081
:101A7000F9FB01A909480196CDE90245049402F059
:101A8000F1FB22462946054802F012FD0449204692
:101A900001F03AFB06B070BD00380240000402407D
:101AA000404B4C0002460221014802F001BD00BF3C
:101AB00000040240F0B5002489B0CDE90044CDE92E
:101AC0000244CDE90444CDE9064400283CD0012677
:101AD000054630468DF8006001F00EFB10221423FD
:101AE0000DEB0201684601F061FB0746204601F05C
:101AF00003FB4FBB9DF81130F62B25D19DF8133019
:101B00009DF81210297003EA06016970C3F34001C1
:101B1000A970C3F38001E970C3F3C00305999DF870
:101B20001E202B71A9609DF81C300699E9602B746A
:101B30009DF81D109DF81F30697402F007023046B1
:101B4000AA74EB7409B0F0BD002009B0F0BD00BF6D
:101B500010B588B00023CDE90333CDE905330793F1
:101B600000283DD0C378047842788DF801401021D8
:101B70008DF800108DF8022081789BBBD0E90123FD
:101B800090F80CC08DF80310140A417B8DF80420E6
:101B9000100C120E8DF807201A0A8DF806008DF829
:101BA000083001208DF809201A0C1B0E8DF80CC08E
:101BB0008DF805408DF80A208DF80B308DF80D104A
:101BC00001F09AFA102214230DEB0201684601F08D
:101BD000EDFA0446002001F08FFAB4FA84F04009CF
:101BE00008B010BD41F00201C8E700BF00000000CE
:101BF00008B5094B421E9A4207D805A3D3E9002332
:101C000001460648FEF7FCFA08BD002008BD00BFEB
:101C100080F0FA02000000003F0D030040787D01D3
:101C200008B50849C308A1FB03239B084FF4B4710E
:101C300001FB13014FF4B47200230020FEF7E0FA19
:101C400008BD00BF176CC11610B50B490446FEF75E
:101C5000FBFC68B109492046FEF7F6FC50B1084983
:101C60002046FEF7F1FC002814BF0020032010BD21
:101C7000012010BD022010BD40D3000848D3000849
:101C800050D3000808B5064B00200121187001F060
:101C900065FB01F003FCBDE80840024801F06CBCA4
:101CA0009413002068D30008002800F0DE802DE99E
:101CB000F047844E844C854F82B0054601220DF1D9
:101CC0000701304601F014FC012840F088809DF89F
:101CD00007300D2B08D00A2B06D022784E2A61D867
:101CE000511CBB542170E9E72378002BE6D0774ADA
:101CF0004FF0000C07F803C0511C581EDFF8FCC160
:101D000051FA80F012F8013B1CF8031001F00301B6
:101D1000022904BF203BDBB2824202F8013CF1D130
:101D20004FF00008C5E901886949A5F800803846E8
:101D300084F8008005F0B0F9814678B364494046E4
:101D400005F0AAF9624903464046984605F0A4F911
:101D5000604982464846FEF777FC48BB01232B705A
:101D6000012002B0BDE8F0875B494846FEF76CFCF5
:101D700000283BD059494846FEF766FC002876D13A
:101D8000B8F1000F49D0052301462B7040460A22C6
:101D900005F05AFA68602B78002BE1D1504801F029
:101DA000EBFB8BE700234F48237001F0E5FB85E751
:101DB0004D494846FEF748FCA8B14C494846FEF755
:101DC00043FC0028D0D1B8F1000F1BD04046FFF7EC
:101DD0003BFF68700028DED003232B70C0E7002093
:101DE00002B0BDE8F08702232B70B9E7B8F1000F0D
:101DF0000ED04046FFF728FF68700028CBD00423A0
:101E00002B70ADE734494846FEF71EFC002852D13E
:101E100032494846FEF718FC48BB35494846FEF7AC
:101E200013FC002834D133494846FEF70DFC002846
:101E3000B1D048463049FEF707FC81460028AAD1B8
:101E4000B8F1000FA7D0BAF1000FA4D008232B706F
:101E50000A224946404605F0F7F9494668600A22D9
:101E6000504605F0F1F9A86095E700207047204939
:101E70004846FEF7E9FB58B9B8F1000FD3D0062366
:101E800001462B7040460A2205F0DEF9686082E7C1
:101E900018494846FEF7D8FB0028CAD1B8F1000F10
:101EA0003FF479AF072301462B7040460A2205F024
:101EB000CBF968606FE709494846FEF7C5FB002883
:101EC000ABD0B0E7A01600209413002044130020EC
:101ED00078D300087CD30008E4D2000894D300082B
:101EE000BCD20008A4D3000884D300088CD3000817
:101EF000FCD2000898D30008A0D30008D1D5000870
:101F000008B101F039BB704710B5002486B0CDE9A7
:101F10000344114B009405941A6B104842F00402DC
:101F20001A631B6B03F0040300930C23019301233A
:101F300001A9029302230493009A02F093F9224626
:101F40000648042102F0B4FA04482246082102F0AF
:101F5000AFFA06B010BD00BF0038024000080240D2
:101F6000012800D97047044B03EBC00253F830003E
:101F7000918802F0A1BA00BFD4D3000830B5002484
:101F800087B0CDE903440F4B009405941A6B0E48BB
:101F900042F008021A631B6B03F0080300930099D8
:101FA00002234FF40045012201A9CDE90152049317
:101FB00002F058F904482246294602F079FA07B09F
:101FC00030BD00BF00380240000C024002464FF412
:101FD0000041014802F06CBA000C024010B5002329
:101FE00086B0CDE90233CDE904330A4A0093136B7E
:101FF000094843F010031363136B03F0100301222D
:1020000000933C2401A9009B0194039202F02AF959
:1020100006B010BD003802400010024008B5FFF7BE
:1020200073FFFFF7ABFFBDE80840FFF7D7BF00BF66
:102030002DE9F0471D481E4E1E4F1F4D0024202144
:10204000A146A0464FF0010A02F02CFA98B92B786D
:10205000022B03F101031CD82B700134042C07F16F
:10206000010705F1010511D0B068B189083602F009
:1020700019FA0028EBD00134042C85F8008087F889
:10208000008005F1010507F10107EDD14846BDE8E3
:10209000F0873B78002BE0D10AFA04F349EA030900
:1020A00087F800A01FFA89F9D7E700BF00100240A7
:1020B000B4D300089C1300209813002030B50023EF
:1020C00093B0CDE90833CDE90A33CDE90133CDE949
:1020D0000333204A00930593136C43F08053136439
:1020E000136C03F08053012200934FF48033CDE949
:1020F000062302214FF480001923CDE90C104FF480
:10210000A8720E9306A80723CDE90F21009C119316
:1021100002F0DCF9B8B9104A1368022143F4804395
:102120000F2513600024CDE901514FF4A0524FF464
:10213000805301A80521CDE90342059302F0DEFB9F
:1021400020B913B030BD00F05DF8E4E700F05AF8B4
:1021500013B030BD003802400070004000B583B0BD
:10216000274B00220092186B40F400101863186B84
:1021700000F40010009000980192186B40F4800069
:1021800018631B6B03F48003062101931020019B4D
:1021900001F0DEFD102001F019FE002206211120C1
:1021A00001F0D6FD112001F011FE002206210C20C5
:1021B00001F0CEFD0C2001F009FE002206210E20C8
:1021C00001F0C6FD0E2001F001FE0022062138209C
:1021D00001F0BEFD382001F0F9FD002206213A2071
:1021E00001F0B6FD3A2001F0F1FD00224620062163
:1021F00001F0AEFD462003B05DF804EB01F0E6BD52
:102200000038024000B583B072B6084C00250120AA
:10221000FFF7A6FE0195019BA342F8D8019B01336D
:102220000193019BA342F9D9F1E700BF3F0D0300E1
:102230002DE9F041C04DC14C4FF48036AE614FF4F2
:102240008006A6614FF0080E2A244FF080474FF019
:10225000005C4FF400584FF4804614F0800F0EF1EC
:10226000FF3EAF614FEA440414BFC5F81880C5F8BB
:1022700018C01EF0FF0EAE61E4B2EED10126AE61D1
:10228000AE4C4FF48036AE614025A5610824AA4DBE
:1022900020FA04FE4FF080474FF0005C4FF40058E6
:1022A0004FF480461EF0800F04F1FF34AF614FEA17
:1022B0004E0E14BFC5F81880C5F818C014F0FF04FE
:1022C000AE615FFA8EFEEDD10124AC615FFA80FC55
:1022D0004FF480349948AC6140248461964C0820C6
:1022E0004FF080464FF000574FF4005E4FF48045AA
:1022F0001CF0800F00F1FF30A6614FEA4C0C14BFB8
:10230000C4F818E0A76110F0FF00A5615FFA8CFC2B
:10231000EED10120A0614FF480358848A5614024AA
:102320008461854C4FEA122C08204FF080464FF014
:1023300000574FF4005E4FF480451CF0800F00F111
:10234000FF30A6614FEA4C0C14BFC4F818E0A76137
:1023500010F0FF00A5615FFA8CFCEED10120A061B6
:102360004FF48030A06100F1804000F588304024B7
:102370008461714CD2B208204FF080464FF0005774
:102380004FF4005C4FF4804512F0800F00F1FF30F5
:10239000A6614FEA420214BFC4F818C0A76110F04A
:1023A000FF00A561D2B2EFD10120A061634A4FF4D2
:1023B0008030A0614FF480005F4C90614FF0804608
:1023C00008202B224FF000574FF4005C4FF480455B
:1023D00012F0800F00F1FF30A6614FEA420214BFF5
:1023E000C4F818C0A76110F0FF00A561D2B2EFD108
:1023F00001204FF48032A061A26102F1804202F517
:102400008832402494614C4C080A08224FF08046E0
:102410004FF000574FF4005C4FF4804510F0800FF0
:1024200002F1FF32A6614FEA400014BFC4F818C0A1
:10243000A76112F0FF02A561C0B2EFD10120A06137
:102440003E4A4FF48030A061402400F18040946106
:1024500000F58430C9B208224FF080454FF0005695
:102460004FF400574FF4804411F0800F02F1FF3217
:1024700085614FEA410114BF8761866112F0FF0256
:102480008461C9B2F0D12D4A01214FF480348161B9
:102490008461402428489461190A08224FF080453D
:1024A0004FF000564FF400574FF4804411F0800F66
:1024B00002F1FF3285614FEA410114BF87618661F5
:1024C00012F0FF028461C9B2F0D11C4A01244FF41A
:1024D000803184618161402001F180419061DBB2F3
:1024E00001F5843108224FF080444FF000554FF43D
:1024F00000564FF480401F0602F1FF328C614FEA14
:1025000043034CBF8E618D6112F0FF028861DBB224
:10251000F1D10A4B01244FF480308C614FF48002DA
:10252000886105499A614FF0804408222C234FF0BE
:1025300000554FF4005603E000080240001002402E
:102540004FF480401F0602F1FF328C614FEA4303D3
:102550004CBF8E618D6112F0FF028861DBB2F1D158
:1025600001238B61BDE8F0812DE9F0431C4683B067
:102570008318A02BBDF828600746884600F38180A9
:102580001546013A024492B208EB0403802B73DC37
:10259000631E43449BB2CDE9002301F0AFFB4FF033
:1025A000E02105FB04F44D69896915F1010CDDE9B1
:1025B00000236BD04FF47A75ACEB010105FB01F100
:1025C000B1FBFCF105FB001938464146FFF730FE30
:1025D00033494FF480338B6103F1804303F5883333
:1025E0004022370A5FFA86FE2E4E9A614FF0000CA9
:1025F0004FF480403A46082312F0800F03F1FF3376
:1026000014BF35464FF0C045520013F0FF038D61F3
:10261000D2B28861F0D17246082312F0800F03F124
:10262000FF3314BF35464FF0C045520013F0FF038F
:102630008D61D2B28861F0D10CF1010C6445D9D121
:1026400001238B6101F05AFB4FF0E0235A699B692B
:10265000013220D04FF47A71D31A01FB03F3B3FB9C
:10266000F2F301FB00331049104AA3EB09050D609A
:10267000146003B0BDE8F083C8F18004A4B27F23E6
:1026800089E7C0F1A005ADB29F227DE74FF47A75CE
:1026900005FB00F998E74FF47A7300FB03F3E2E7D8
:1026A0000008024000200040401600204416002090
:1026B0002DE9F04F1F4683B01378BDF83060002B32
:1026C0007BD000F10803A02B77D800230124944687
:1026D00001E0A02D08D89E46A3B25C1C1CF8032084
:1026E00000EBC405002AF4D1002B66D00CF1FF32B8
:1026F0000192421E0CEB0E0402EBC30201F109032E
:10270000009492B29BB22E4CDFF8BC80FFF790FD94
:102710004FF480322B4BA26140229A6100254FF08A
:102720000109DDF804A009FA05F91AF8010F00F013
:10273000C1FC002286464FF4804032E0042A32D8A1
:102740001EF8023013EA090F0CBF33463B464FEA2E
:10275000132C08211CF0800F01F1FF3114BFC34678
:102760004FF0C04B4FEA4C0C11F0FF01C4F818B009
:102770005FFA8CFCA061EDD1DBB2082113F0800F71
:1027800001F1FF3114BFC4464FF0C04C5B0011F0A3
:10279000FF01C4F818C0DBB2A061EFD10132082AF2
:1027A00003D0062DCAD93346D1E7009B9A45BCD148
:1027B00001350A2DB3D10123A36103B0BDE8F08F29
:1027C00000080240001002400020004070B50024C4
:1027D00088B0CDE90344CDE90544264B0194079424
:1027E0001A6B254D254E42F004021A631A6B02F053
:1027F00004020192019A02941A6B42F010021A63C9
:102800001B6B012203F01003029311462846029B22
:1028100001F04EFE28460122022101F049FE284621
:1028200001224FF4005101F043FE284601224FF4EB
:10283000804101F03DFE284601224FF4004101F0A5
:1028400037FE01223046402101F032FE012304937D
:102850000323CDE90543284603A94EF2030303935E
:1028600001F000FD402303A93046039301F0FAFC78
:1028700008B070BD0038024000080240001002405D
:10288000F0B5B04C83B0FFF7A1FF01224FF4004137
:10289000204601F00DFE0A2001F036FA00224FF426
:1028A0000041204601F004FE0A2001F02DFA012229
:1028B0004FF40041204601F0FBFD782001F024FA9E
:1028C000A14B4FF480324FF48001A2614FF0804061
:1028D00099610822B4234FF000554FF400564FF48D
:1028E00080411F0602F1FF32A0614FEA43034CBF53
:1028F000A661A56112F0FF02A161DBB2F1D1924B9A
:1029000001204FF48031A0614022A16101F180419A
:102910009A6101F58431082207234FF080444FF07B
:1029200000554FF400564FF480401F0602F1FF326D
:102930008C614FEA43034CBF8E618D6112F0FF0240
:102940008861DBB2F1D1804B01244FF480308C617F
:102950004FF4800288617B499A614FF080440822DD
:10296000B1234FF000554FF400564FF480401F063E
:1029700002F1FF328C614FEA43034CBF8E618D61DF
:1029800012F0FF028861DBB2F1D16F4B01244FF4EA
:1029900080308C61402288616A499A614FF080449E
:1029A000082214234FF000554FF400564FF4804096
:1029B0001F0602F1FF328C614FEA43034CBF8E6168
:1029C0008D6112F0FF028861DBB2F1D15E4B012410
:1029D0004FF480308C614FF48002886159499A61CC
:1029E0004FF080440822FF234FF000554FF400566B
:1029F0004FF480401F0602F1FF328C614FEA43031F
:102A00004CBF8E618D6112F0FF028861DBB2F1D1A3
:102A10004D4B01244FF480308C614022886149493C
:102A20009A614FF080440822A5234FF000554FF4DF
:102A300000564FF480401F0602F1FF328C614FEACE
:102A400043034CBF8E618D6112F0FF028861DBB2DF
:102A5000F1D13D4B01244FF480308C614FF4800262
:102A6000886138499A614FF080440822EC234FF086
:102A700000554FF400564FF480401F0602F1FF321C
:102A80008C614FEA43034CBF8E618D6112F0FF02EF
:102A90008861DBB2F1D12C4B01244FF480308C6182
:102AA0004022886127499A614FF080440822892397
:102AB0004FF000554FF400564FF480401F0602F1CE
:102AC000FF328C614FEA43034CBF8E618D6112F07F
:102AD000FF028861DBB2F1D11B4B01244FF480303F
:102AE0008C614FF48002886116499A614FF08044EE
:102AF0000822ED234FF000554FF400564FF480406C
:102B00001F0602F1FF328C614FEA43034CBF8E6116
:102B10008D6112F0FF028861DBB2F1D10A4B012412
:102B20004FF480308C614022886106499A614FF0F1
:102B30008044082225234FF000554FF400564FF4EF
:102B4000804003E000080240001002401F0602F12E
:102B5000FF328C614FEA43034CBF8E618D6112F0EE
:102B6000FF028861DBB2F1D1AF4B01244FF480301A
:102B70008C614FF480028861AC499A614FF08044C7
:102B80000822EE234FF000554FF400564FF48040DA
:102B90001F0602F1FF328C614FEA43034CBF8E6186
:102BA0008D6112F0FF028861DBB2F1D19E4B0124EE
:102BB0004FF480308C61402288619C499A614FF0CB
:102BC0008044082222234FF000554FF400564FF462
:102BD00080401F0602F1FF328C614FEA43034CBF75
:102BE0008E618D6112F0FF028861DBB2F1D18E4BF4
:102BF00001244FF480308C614FF4800288618B494E
:102C00009A614FF080440822F6234FF000554FF4AC
:102C100000564FF480401F0602F1FF328C614FEAEC
:102C200043034CBF8E618D6112F0FF028861DBB2FD
:102C3000F1D17D4B01244FF480308C6140228861BA
:102C40007A499A614FF08044082210234FF00055D2
:102C50004FF400564FF480401F0602F1FF328C61A2
:102C60004FEA43034CBF8E618D6112F0FF02886111
:102C7000DBB2F1D16C4B01244FF480308C614FF406
:102C80008002886169499A614FF080440822C42318
:102C90004FF000554FF400564FF480401F0602F1EC
:102CA000FF328C614FEA43034CBF8E618D6112F09D
:102CB000FF028861DBB2F1D15B4B01244FF480301D
:102CC0008C614022886159499A614FF08044082202
:102CD0000D234FF000554FF400564FF480401F066F
:102CE00002F1FF328C614FEA43034CBF8E618D616C
:102CF00012F0FF028861DBB2F1D14B4B01244FF49B
:102D000080308C614FF48002886148499A614FF0AD
:102D100080440822C5234FF000554FF400564FF46D
:102D200080401F0602F1FF328C614FEA43034CBF23
:102D30008E618D6112F0FF028861DBB2F1D13A4BF6
:102D400001244FF480328C6140208A6102F180427C
:102D5000986102F5843208234FF080444FF0005010
:102D60004FF48041013B13F0FF0394619061916146
:102D7000F8D12D4B01244FF4803194614FF4800041
:102D8000916101F18041986101F584310822C623E7
:102D90004FF080444FF000554FF400564FF4804000
:102DA0001F0602F1FF328C614FEA43034CBF8E6174
:102DB0008D6112F0FF028861DBB2F1D11A4B012460
:102DC0004FF480308C614022886118499A614FF03D
:102DD000804408220E234FF000554FF400564FF464
:102DE00080401F0602F1FF328C614FEA43034CBF63
:102DF0008E618D6112F0FF028861DBB2F1D10A4B66
:102E000001248C614FF480304FF48002074C8861BC
:102E10004FF000559A614FF08040082211234FF483
:102E200000564FF4804103E00010024000080240C9
:102E30001F0602F1FF32A0614FEA43034CBFA661B7
:102E4000A56112F0FF02A161DBB2F1D10123A36100
:102E50000A2000F059FF5A4B5A494FF480324FF480
:102E60008000A2614FF00055986108223A234FF08C
:102E700080444FF400564FF480401F0602F1FF32A9
:102E80008C614FEA43034CBF8E618D6112F0FF02EB
:102E90008861DBB2F1D14A4B01244FF480308C6160
:102EA0004022886147499A614FF0804408220523F7
:102EB0004FF000554FF400564FF480401F0602F1CA
:102EC000FF328C614FEA43034CBF8E618D6112F07B
:102ED000FF028861DBB2F1D1394B01244FF480301D
:102EE0008C614FF48002886136499A614FF08044CA
:102EF000082236234FF000554FF400564FF480401F
:102F00001F0602F1FF328C614FEA43034CBF8E6112
:102F10008D6112F0FF028861DBB2F1D1284B0124F0
:102F20004FF480308C614022886126499A614FF0CD
:102F30008044082220234FF000554FF400564FF4F0
:102F400080401F0602F1FF328C614FEA43034CBF01
:102F50008E618D6112F0FF028861DBB2F1D1184BF6
:102F600001248C614FF480304FF48002154C88614D
:102F700008259A614FF0804029234FF000564FF406
:102F800000574FF48042190605F1FF31A0614FEA66
:102F900043034CBFA761A66111F0FF05A261DBB23C
:102FA000F1D10122A2610748022101F081FA0095C6
:102FB0008023A02229462846FFF7D6FA03B0F0BDA9
:102FC000001002400008024000B583B000210090CC
:102FD0008023A0220846FFF7C7FA03B05DF804FB80
:102FE00070B49F28BDF80C6007D87F2905D822B19E
:102FF0001BB1039670BCFFF7B7BA70BC704700BF37
:1030000010B5BDF8084062B19F28864609D801F185
:103010000A0CBCF1800F04D80294BDE81040FFF701
:1030200047BB10BD2DE9F04389B0214FBDF840608A
:103030000024A7FB025E4FEADE0E0EEB8E0C254647
:10304000A2EB4C0C20340DEB040990460CF1300C33
:103050006C1C5FFA8CFCB8F1090F09F818CCE4B2CB
:103060007246E6D805AA04B3AE46144601E017F846
:1030700018CC04F801CB0EF1FF3E5FFA8EFE0EF184
:103080002007BEF1FF0F6F44F1D101351544002434
:103090009F282C7006D801F10A04802C02D80096D3
:1030A000FFF706FB09B0BDE8F0831546EFE700BF68
:1030B000CDCCCCCCA0F16103192B08D8A0F1200312
:1030C000DBB20848203B03EB8303184470472038E9
:1030D000C3B23A2B9DBF034B00EB8000C0180148E0
:1030E000704700BFE4D3000802464FF40061014876
:1030F00001F0DEB90000024080F001021021014819
:1031000001F0D6B90000024070B50E46054601F048
:10311000A3FC214B214C224A002E08BF1E464FF42F
:103120008273012DC4E9002331D0022D4FF000033A
:103130000CBF4FF400421A46A2604FF40072C4E97B
:103140000532C4E90333174B174903F11C0C002265
:1031500001E053F8042B382A06D831F812501DB17B
:10316000B0FBF5F5B54202D99C45F2D138220023D7
:1031700007210A48E162C4E90723C4E9093301F0E1
:1031800023FD00B970BDBDE87040FFF73BB80023D8
:103190004FF48062D0E700BF40420F004816002085
:1031A0000030014084D500080CD5000800B583B07C
:1031B00084460093044813460A46614601F066FDC2
:1031C00003B05DF804FB00BF48160020B1F5807F16
:1031D000B0F8042300F28C8030B592B233D0914223
:1031E00030D040F28680441D8B1A02F1040C144446
:1031F0005A1E844414FA82F201250DE0B0F806E369
:103200009CF8004010FA8EFE0CF1010C62458EF81D
:103210000441A0F8063313D0B0F80633B0F808E341
:1032200001339BB2B3F5007F28BF00231FFA8EFE47
:103230009E45E3D10CF1010C624580F80A53EBD1B5
:10324000A0F8041330BD002AFCD0FF2A98BF00214B
:1032500052D801240EE0B0F806C39EF804E0013213
:1032600010FA8CFC92B2B2F5807F8CF804E1A0F8E1
:10327000063316D0B0F80633B0F808C301339BB25A
:10328000B3F5007F28BF00231FFA8CFC9C4500EBA0
:10329000020EE0D1013292B2B2F5807F80F80A438B
:1032A000E8D149B34B1E441D00F1040C14FA83F419
:1032B00001250DE0B0F806239CF800E010FA82F238
:1032C00082F804E1A0F806330CF1010C6445B7D094
:1032D000B0F80633B0F8082301339BB2B3F5007F92
:1032E00028BF002392B29A42E4D180F80A53EBE758
:1032F0007047FF2AADD9D4E70021A1E70E4B9842D1
:1033000014D090B103680D4A93420FD00C4A9042FA
:103310000ED00C4A93420BD00B4A90420AD00B4A73
:103320000B48934218BF0020704770470948704708
:103330000948704706487047A01600200010014059
:10334000E8160020004400403017002000480040EC
:10335000540600203800002048030020012838B51A
:103360002FD002281E4B14BF0C22042201291A6000
:103370002CD0022914BF0C2104211A481A4C1B4DD1
:1033800005600023C0E90233C0E9063303614FF44E
:10339000E13342612160436001F01EFEE0B9144850
:1033A0002268144C00234FF4E131C0E90041C0E928
:1033B0000233C0E90432C0E9063301F00DFE38B92A
:1033C00038BD074B082201291A60D2D10821D4E761
:1033D000BDE83840FEF716BFFEF714FFDFE700BF79
:1033E00044030020A01600206009002000100140C6
:1033F000301700200048004038B51F4B9842044663
:1034000012D078B103681D4A93420DD01C4A9042F5
:103410002FD01C4A93422CD01B4A944227D01B4ADF
:10342000934224D0012038BD194D95F80B3303F099
:10343000FF00D3B9A5F804034FF48072A5F8060382
:10344000291DA5F8080385F80A03204602F0C2F9F1
:103450000028E8D1012385F80B33E36B2BB11A6800
:10346000136823F00803136038BD002038BD094DF0
:10347000DBE7094DD9E700BFA0160020001001408E
:10348000E8160020004400403017002000480040AB
:1034900038000020540600204803002038B5124CA4
:1034A00094F80B330BB1002038BD104D03F0FF0032
:1034B000A4F804034FF48072A4F80603211DA4F8B5
:1034C000080384F80A03284602F084F90028EBD1A7
:1034D000EB6B012284F80B23002BE4D01A681368ED
:1034E00023F00803136038BD38000020A016002028
:1034F00070B51546FFF702FF00283AD00E460029A6
:1035000037D090F80B3304461BBB95B306F1FF3C54
:103510000020B4F80813B4F8063389B29BB299427C
:1035200000F1010214D0B4F8083314FA83F390B216
:1035300093F804310CF8013FB4F8083301339BB21F
:10354000B3F5007F28BF00238542A4F80833E0D1FB
:1035500070BD0368DB6B002BD7D01B685968C1F5C1
:10356000807189B2B1F5807F28BF0021FFF72EFE60
:10357000CBE7002070BD00BF38B50446FDF7E0F989
:1035800082B20AB9002038BD0B48214601F056FD31
:103590000028F8D100F0B2FB074D044695F8413001
:1035A000202BEFD000F0AAFB001B6328F6D90248BD
:1035B00001F08CFD032038BDA01600200E4B984270
:1035C00011D078B103680D4A93420CD00C4A904256
:1035D0000FD00C4A93420CD00B4A904206D00B4AB3
:1035E000934203D070470A48FFF7F0BD0948FFF740
:1035F000EDBD0948FFF7EABDA0160020001001400C
:10360000E816002000440040301700200048004029
:10361000380000205406002048030020054B0268B3
:103620009A4200D0704713685B06FCD50020FFF774
:103630005BBD00BF00480040154B984210B50446E2
:1036400011D078B10368134A93420CD0124A9042C9
:103650001BD0124A934218D0114A944213D0114AF7
:10366000934210D010BD104B93F80B23002AF9D0D1
:103670000022204683F80B2301F05EFD2046BDE8C2
:103680001040FFF7B9BE094BEEE7094BECE700BF6E
:10369000A016002000100140E81600200044004061
:1036A0003017002000480040380000205406002059
:1036B0004803002082B00C4B002100915A6C42F468
:1036C00080425A645A6C02F480420092009A01913E
:1036D0001A6C42F080521A641B6C03F08053019301
:1036E000019B02B0704700BF0038024070B503680C
:1036F000AA4A8EB000249342CDE90944CDE90B4497
:1037000005460D9408D0A64A934277D0A54A934225
:1037100000F0C6800EB070BDA34B00945A6CA34855
:10372000A34E42F010025A645A6C02F0100200924A
:10373000009A01941A6B42F001021A631A6B02F0AC
:1037400001020192019A02941A6B42F480021A63F8
:103750001B6B03F4800302934FF4C06302220993AE
:10376000029B0123CDE90A234FF0030C072309A98B
:10377000CDE90CC300F076FD8E4A4FF00063C6E938
:1037800000234FF48073C6E906434FF480624FF480
:1037900000333046C6E90244C6E90424C6E90834C9
:1037A00000F03CFB002840F0EC80834CDFF82CE27A
:1037B0004FF00062C4E900E240220023A2604FF40F
:1037C0008062C4E9033220464FF48032C4E90533F5
:1037D000C4E90732636200F021FB002840F0CE808C
:1037E000B5630022C5E90E4606212520A56300F039
:1037F000AFFA252000F0EAFA0EB070BD6A4B0394D0
:103800001A6C6E486E4E42F400321A641A6C02F45E
:1038100000320392039A04941A6B42F008021A636E
:103820001A6B02F008020492049A05941A6B42F48F
:1038300000121A631B6B03F400130593602302222A
:103840000993059B0123CDE90A234FF0030C0723BD
:1038500009A9CDE90CC300F005FD5A4A74624FF086
:103860000063C6E900234FF4806340223361304691
:103870004FF48033C6E90224C6E90544C6E907438C
:1038800000F0CCFA00287FD1AE630022062126206A
:10389000B56300F05DFA262000F098FA0EB070BD16
:1038A000414B06941A6C4848484E42F480221A64F0
:1038B0001A6C02F480220692069A07941A6B42F060
:1038C00002021A631A6B02F002020792079A089426
:1038D0001A6B42F400121A631B6B03F40013089373
:1038E0004FF4406309934FF0020C089B0123CDE98C
:1038F0000AC34FF0030E072309A9CDE90CE300F03A
:10390000B1FC334A4FF00063C6E900234FF48073E3
:10391000C6E906434FF480624FF400333046C6E9EF
:103920000244C6E90424C6E9083400F077FA88BBEB
:10393000284C29494FF00062C4E9001240220023BC
:10394000A2604FF48062C4E9033220464FF4803213
:10395000C4E90533C4E90732636200F05FFAB0B925
:10396000B5630022C5E90E4606212720A56300F0B5
:10397000EFF9272000F02AFA0EB070BDFEF742FCE6
:103980002EE7FEF73FFC10E7FEF73CFC7CE7FEF776
:1039900039FCE5E7FEF736FCCAE700BF001001403E
:1039A000004400400048004000380240000002404F
:1039B0006014002040640240C0140020000C02404B
:1039C00020150020A0600240000402408015002065
:1039D00028600240E015002058600240B8640240B0
:1039E00030B502682E498BB000238A42CDE90533F9
:1039F000CDE90733099304D02A498A422DD00BB070
:103A000030BD294A0193516C284841F480515164DA
:103A1000516C01F48051019101990293136B43F0B1
:103A200001031363136B03F0010302932022029B33
:103A3000059205A9032205230224CDE90823CDE937
:103A4000064400F00FFCC02201231848059205A986
:103A5000079300F007FC0BB030BD134A0393116CC1
:103A600041F480411164106C00F48040039003988D
:103A70000493136B0E48022423431363136B0694C1
:103A800023400493032205234FF4204505A90595FF
:103A9000CDE90823049D00F0E5FB0BB030BD00BF6D
:103AA0000030014000380040003802400000024071
:103AB00000040240704700BF704700BFFEE700BF30
:103AC000FEE700BFFEE700BFFEE700BF08B500F05D
:103AD00009F902F007FC012800D108BDBDE8084043
:103AE00003F052B8014800F0CBBA00BF80150020A7
:103AF000014800F0C5BA00BFE0150020014800F001
:103B0000BFBA00BF00140020014800F0B9BA00BFDE
:103B100020150020014800F0B3BA00BFA013002018
:103B2000014800F0ADBA00BF60140020014800F069
:103B3000A7BA00BFC0140020014801F081BC00BF3B
:103B4000A0160020014801F07BBC00BFE816002051
:103B5000014801F075BC00BF3017002001207047FC
:103B600008B503F0D9F9162303604FF0FF3008BD04
:103B700008B503F0D1F916230360FEE770B5161EF1
:103B800007DD0C468D19AFF3008004F8010BA54248
:103B9000F9D1304670BD00BF70B5161E07DD0C466A
:103BA0008D1914F8010BAFF30080A542F9D130460E
:103BB00070BD00BF4FF0FF30704700BF4FF400539F
:103BC0004B600020704700BF012070470020704705
:103BD00010B50C4C0C4B0D492268591A2AB11044EF
:103BE000884207D82060104610BD094A2260104460
:103BF0008842F7D903F090F90C234FF0FF320360AD
:103C0000104610BD781700200000022000040000BC
:103C1000508900200D48854601F00AFE0C480D49E8
:103C20000D4A002302E0D458C4500433C4188C4217
:103C3000F9D30A4A0A4C002301E013600432A2427D
:103C4000FBD303F06FF9FDF7CFFBFEE70000022086
:103C50000000002028130020E0D9000828130020CD
:103C60004C890020FEE7000038B50E4A0E4B127852
:103C70001B6805464FF47A70B0FBF2F0B3FBF0F02E
:103C800000F0B2F808B90F2D01D9012038BD044663
:103C9000024629464FF0FF3000F05AF8034B204609
:103CA0001D6038BD640900206C09002068090020EF
:103CB00008B50B4B1A6842F400721A601A6842F495
:103CC00080621A601A6842F480721A60032000F061
:103CD0002DF80F20FFF7C8FFFFF7ECFC002008BD10
:103CE000003C0240034A044B11681B780B441360EC
:103CF000704700BF7C17002064090020014B186842
:103D0000704700BF7C17002038B50446FFF7F6FF68
:103D1000631C054602D0044B1B781C44FFF7EEFFE2
:103D2000431BA342FAD338BD640900200749CA687F
:103D300003024FF6FF0003F4E0630240134343F035
:103D4000BF6343F40033CB60704700BF00ED00E079
:103D50001C4BDB68C3F3022300B5C3F1070EBEF1B1
:103D6000040F03F1040C28BF4FF0040EBCF1060F42
:103D70001BD9033B4FF0FF3C0CFA03FC22EA0C0278
:103D80004FF0FF3C0CFA0EFC21EA0C019940002890
:103D900041EA02010CDB00F16040090100F56140DD
:103DA000C9B280F800135DF804FB00221346E7E770
:103DB000054B00F00F0009010344C9B219765DF804
:103DC00004FB00BF00ED00E0FCEC00E0002808DB95
:103DD000044A4109012300F01F0003FA00F042F8F1
:103DE0002100704700E100E00138B0F1807F10D27F
:103DF00010B44FF0E023084C58614FF0F00C84F8F9
:103E000023C00022072110469A615DF8044B196116
:103E100070470120704700BF00ED00E038B5044650
:103E2000FFF76CFF002C67D023680022022184F882
:103E3000351084F834201A6822F0010205461A6011
:103E400005E0FFF75BFF431B052B39D823681A6891
:103E5000D107F6D4D4E90120E16802430A43D4E94A
:103E60000451A0692A430A43E1691D6802430A43D9
:103E700033492940256A2A430A43616A042926D026
:103E80001A605A6922F007021143D8B22D4A5961CB
:103E90001038A2FB005212092B4923F47F73895C6E
:103EA000E16523F003035F2888BF04333F228A4083
:103EB000A36500209A600123606584F8353038BD21
:103EC00003232022626584F83530184638BDD4E9D2
:103ED0000B5129430A431A605969A26A21F007016C
:103EE000114341F00401002DCFD038B9012A23D06D
:103EF00032F00202C9D108E0012038BDB0F5005F00
:103F00000CD0022A03D9032ABFD1EA01BDD501236F
:103F10004022626584F83530184638BD032AB4D88B
:103F200001A050F822F000BF0F3F00080B3F00082F
:103F30000F3F0008393F0008B5F1C07FA5D1E6E783
:103F40003F8010F0ABAAAAAAA0D5000870B490F8E0
:103F50003440856D012C35D090F835404FF0010C80
:103F6000644580F834C005D0002380F8343070BC3C
:103F700002207047022680F83560046800264665F6
:103F8000266826F48026266063608368402B0EBF77
:103F9000A260A160E260C26D08BFE1603F23934070
:103FA000AB602368026C43F0160323601AB12368E8
:103FB00043F008032360236843F0010300202360DB
:103FC00070BC7047022070BC704700BF70B50446DB
:103FD000866DFFF793FE94F83530022B06D0002350
:103FE000802284F834306265012070BD23681A682D
:103FF00022F016021A605A6922F080025A61226C7D
:10400000054632B31A6822F008021A601A6822F0D4
:1040100001021A6005E0FFF771FE431B052B0FD864
:1040200023681B6813F00103F5D1E16D3F228A403C
:104030000121B26084F8351084F83430184670BD20
:10404000032020220023626584F8343084F8350090
:1040500070BDA26C002AD5D1D8E700BF90F83530EA
:10406000022B03D08023436501207047026805239B
:1040700080F83530136823F0010300201360704787
:104080002DE9F04182B0744A866D156800230193D2
:10409000C36D346808229A402242804604D00168E9
:1040A0000F68780700F18A8001229A40224204D0EA
:1040B000D8F800104969090678D404229A402242AF
:1040C00004D0D8F8001009688F0767D410229A40EE
:1040D000224204D0D8F800100F68380749D42022B3
:1040E0009A40224217D0D8F800100C68E00612D58A
:1040F000B26098F83520052A73D00B6813F4802F2E
:104100000B6800F09080190340F19B80D8F83C3098
:104110000BB140469847D8F854303BB3D8F85430E8
:10412000DA071BD5D8F800204C49052388F835302C
:104130001368A1FB051523F00103AD0A136002E02B
:104140001368DB0704D5019B0133AB420193F7D918
:104150000122002388F8352088F83430D8F84C3014
:1041600023B1404602B0BDE8F041184702B0BDE8B7
:10417000F081B2600A6812F4802F0A682AD1D7054C
:1041800003D40A6822F008020A60D8F84020002A06
:10419000A5D040469047D8F85C30A0E7B260D8F888
:1041A000542042F00402C8F854208FE7B260D8F8D7
:1041B000542042F00202C8F854207EE70F6827F02E
:1041C00004070F60B260D8F8542042F00102C8F82A
:1041D000542069E71203D8D5D8F84820002AD8D14E
:1041E0007DE70A6822F016020A604A6922F080021E
:1041F0004A61D8F8402052B30A6822F008020A60E7
:104200003F2202FA03F3D8F85010B36001220023D2
:1042100088F8352088F834300029A7D0404602B00D
:10422000BDE8F041084713F480737FF46FAF0A686C
:1042300022F010020A60012288F8352088F8343014
:1042400064E7D8F84430002B7FF463AF63E7D8F815
:104250004820002AD0D1D3E76C090020B5814E1B3D
:10426000406D70472DE9F04F00220C68DFF82CA25A
:10427000834E85B01346894605E00133102B02F1C9
:10428000020200F089800121994001EA040BA14358
:10429000F3D1D9F804C00CF003014D1E012D7ED9D5
:1042A000032940F0BE809140CD4307683D4029433B
:1042B0001CF4403F0160E0D000210391DAF8441083
:1042C00041F48041CAF84410DAF8441001F4804106
:1042D0000391039923F0030101F1804101F59C3121
:1042E00003F00307D1F808E0BF000F25BD402EEA18
:1042F0000508644DA84224D005F58065A84200F069
:104300009480614DA84200F09780604DA84200F073
:104310009A805F4DA84200F09D805E4DA84200F05B
:10432000A0805D4DA84200F0A380DFF874E17045E5
:104330000CBF4FF0070E4FF0080E0EFA07F748EAD1
:104340000708C1F80880B1686FEA0B071CF4801FEA
:104350000CBF39404BEA0101B160F5681CF4001F45
:104360000CBF3D404BEA0505F56075681CF4003F45
:104370000CBF3D404BEA0505756031681CF4803F79
:1043800003F101030CBF39404BEA0101102B3160EE
:1043900002F102027FF477AF05B0BDE8F08FD9F8E3
:1043A0000C50876805FA02F8032505FA02FE27EA91
:1043B0000E0748EA0707876047686FEA0E0527EA95
:1043C0000B0ECCF300179F4047EA0E074760C76803
:1043D00007EA050ED9F80870974047EA0E07022948
:1043E000C76001FA02F17FF460AF4FEAD30E00EB31
:1043F0008E0E03F00708DEF820700097D9F81070D1
:104400004FEA880807FA08F701970F2707FA08F814
:10441000009F27EA0808019F47EA0807CEF82070A6
:1044200043E703259540ED43D1E74FF0010E0EFA27
:1044300007F748EA070884E74FF0020E0EFA07F77D
:1044400048EA07087DE74FF0030E0EFA07F748EA3F
:10445000070876E74FF0040E0EFA07F748EA070858
:104460006FE74FF0050E0EFA07F748EA070868E70E
:104470004FF0060E0EFA07F748EA070861E700BF9B
:10448000003C01400000024000080240000C0240D5
:1044900000100240001402400018024000380240A0
:1044A000001C02400369194214BF0120002070471C
:1044B00002B9090481617047436901EA030221EAF4
:1044C000030141EA02418161704700BF002800F00A
:1044D000A2812DE9F0410368DD0782B004462FD5A3
:1044E0009E498A6802F00C02042A00F0ED808A6876
:1044F00002F00C02082A00F0E3806368B3F5803F05
:1045000000F0EC80B3F5A02F00F07581934D2A6880
:1045100022F480322A602A6822F480222A60002B4A
:1045200040F0E180FFF7EAFB064605E0FFF7E6FB17
:10453000801B642800F201812B689B03F6D423685A
:104540009F0728D5854A916811F00C0F00F09080E4
:10455000916801F00C01082900F08680E368002BC7
:1045600000F00E817E4B7D4E01221A60FFF7C6FBE4
:10457000054605E0FFF7C2FB401B022800F2DD8084
:1045800033689807F6D53368226923F0F80343EAC5
:10459000C203336023681A0751D458072FD56F4AD6
:1045A000136C13F080537FD000256E4E3368D9050D
:1045B00040F1B380A368012B00F0C380052B00F00D
:1045C0002C81664E326F22F001023267326F22F088
:1045D00004023267002B40F0B980FFF78FFB41F2F5
:1045E0008838074605E0FFF789FBC01B404500F20D
:1045F000A480336F9807F6D4002D40F00681A0699F
:10460000C8B1564DAB6803F00C03082B00F0C9800D
:10461000534B002202281A6600F00981FFF76EFB57
:10462000044605E0FFF76AFB001B022800F28580C4
:104630002B689B01F6D4002002B0BDE8F0816369CD
:104640000BB3474B454E0122C3F8802EFFF756FBB4
:10465000054604E0FFF752FB401B02286DD8736F3C
:104660009B07F7D5236898E7526856023FF576AF67
:104670003A4A1268950744D5E268012A41D00120E0
:1046800002B0BDE8F081364A344EC2F8803EFFF7F2
:1046900035FB054604E0FFF731FB401B02284CD8F0
:1046A000736F9F07F7D4DDE70193136C43F08053DA
:1046B0001364136C03F080530193019B012574E78D
:1046C0004A6850027FF519AF244A126891037FF5BA
:1046D00037AF6268002A7FF433AFD0E71F4A136810
:1046E00043F480331360FFF709FB1C4E054604E0DA
:1046F000FFF704FB401B64281FD833689A03F7D5E3
:104700001DE7164920690A6822F0F80242EAC00251
:104710000A601A077FF541AF91E7336843F480736D
:104720003360FFF7EBFA07463368DA053FF542AF2F
:10473000FFF7E4FAC01B0228F6D9032002B0BDE857
:10474000F081064A136F43F001031367FFF7D6FAAF
:10475000024F064641F288380BE000BF00380240A5
:104760000000474200700040FFF7C8FA801B404538
:10477000E3D83B6F9B07F7D5002D3FF440AF44E0F3
:10478000424A434E1360FFF7B9FA054604E0FFF7CB
:10479000B5FA401B0228D0D833689907F7D42368AC
:1047A000F9E601283FF448AF6B68E26903F4800141
:1047B00091427FF464AF226A03F03F0191427FF49B
:1047C0005EAF616A47F6C0721A40B2EB811F7FF498
:1047D00056AFA26A520803F44031013AB1EB024FDE
:1047E0007FF44DAFE26A03F07063B3EB026F14BF66
:1047F0000120002020E7264B1A6842F480221A602C
:104800001A6842F480321A606DE7214A136C23F073
:1048100080531364F3E6012070471D4B1A6F42F07A
:1048200004021A671A6F42F001021A678EE7FFF757
:1048300065FA064605E0FFF761FA801B02283FF69D
:104840007CAF2B689901F6D4D4E90731626A0B4337
:1048500043EA8213D4E90A21520843EA0163013A88
:104860000A4943EA024301226B600A66FFF746FAEF
:10487000074D044605E0FFF741FA001B02283FF60A
:104880005CAF2B689A01F6D5D5E600BF0000474221
:1048900000380240164908B58B6803F00C03042B5E
:1048A0001BD0082B17D14A684B68496813F4800362
:1048B00002F03F0213D10F48C1F38811A1FB0001A0
:1048C000FBF79EFC0A4B5B68C3F3014301335B00BB
:1048D000B0FBF3F008BD074808BD074808BD06480F
:1048E000C1F388110023A1FB0001FBF789FCE9E774
:1048F000003802400024F40040787D01002800F0D8
:104900008780484A136803F007038B422DE9F04182
:104910000D46044609D2CBB21370136803F00703A7
:104920008B4202D00120BDE8F0812368980714D59E
:10493000590704D53C498A6842F4E0528A601A0754
:1049400004D539498A6842F460428A603649A068D1
:104950008A6822F0F00202438A60DF0721D562688C
:10496000012A57D0931E012B2F4B1B684DD9990755
:10497000D8D52D4EB36823F003031343B360FFF77C
:10498000BDF941F28838074604E0FFF7B7F9C01BCC
:10499000404544D8B368626803F00C03B3EB820F60
:1049A000F3D1204A136803F00703AB4206D9EBB2F8
:1049B0001370136803F00703AB42B3D123685A079F
:1049C00006D51949E0688A6822F4E05202438A60F9
:1049D0001B0707D5144A2169936823F4604343EA0F
:1049E000C1039360FFF756FF0F4A104C92681049BD
:1049F000C2F303120346A25C0E48D34000680B606A
:104A0000FFF732F90020BDE8F0819801B1D489E7C1
:104A100001207047044B1B689E03AAD482E7032041
:104A200081E700BF003C024000380240A8D50008E2
:104A30006C09002068090020044B05499B68054A61
:104A40000868C3F38223D35CD84070470038024023
:104A50006C090020B8D50008044B05499B68054A3D
:104A60000868C3F34233D35CD84070470038024033
:104A70006C090020B8D500082DE9F04782B01D462A
:104A80000A9C0F4616468046FFF738F92C44A4EBE3
:104A90000009FFF733F92A4B1B68C3F3CB3309FB3B
:104AA00003F382460193D8F8003001E06A1C0DD16F
:104AB0009C6837EA04020CBF4FF0010C4FF0000C69
:104AC000B445F3D1002002B0BDE8F087FFF716F936
:104AD000A0EB0A00484503D2019BFBB99946E2E7E7
:104AE000D8E900315A68B1F5827F22F0E0025A60BD
:104AF00018D0D8F82820B2F5005F07D11A6822F440
:104B000000521A601A6842F400521A60012200230F
:104B100088F8512088F850300320D4E7019B013BEE
:104B20000193C0E7D8F80820B2F5004F02D0B2F5E3
:104B3000806FDED11A6822F040021A60D9E700BF08
:104B40006C0900202DE9F04184B088461746009298
:104B50000B46012202210446FFF78EFF38BB184A9C
:104B60001568184AA2FB05356D0D4FF47A7202FBE9
:104B700005F562680395B2F5827F064607D10DE020
:104B8000039B2168013B03938B681B0602D5039BA3
:104B9000002BF5D1304604B0BDE8F0810246009705
:104BA000434680212046FFF767FF0028F2D0636D5F
:104BB000032643F020033046636504B0BDE8F0816E
:104BC0006C090020819F5E1600285CD0416A70B598
:104BD0000446002947D00023C0E9043394F851204B
:104BE0000023A36202F0FF00002A42D09C46256801
:104BF000A268022384F851302B6823F040032B6015
:104C0000636802F4044203F482731343E26802F41B
:104C100000621343226902F002021343626902F048
:104C200001021A43E36901F0100003F03806A1699C
:104C3000236A03F0800E01F4007313433343090C1D
:104C400043EA0E0301F0040143EA0C0301432B6025
:104C50006960EB69002023F400630122EB61606569
:104C600084F8512070BD4368B3F5827FB6D0C1612E
:104C7000B4E784F850002046FEF7B2FED4E90913E9
:104C800003F4005CB3E70120704700BF2DE9F04357
:104C9000044683B091461F460A9D8846FFF72EF8CA
:104CA00094F851306268012B064608D0B2F5827F35
:104CB00079D1D9B2A368002B75D1042973D1B8F189
:104CC000000F74D0B9F1000F71D0002F6FD094F89D
:104CD0005030012B67D094F85130C4F83890042B31
:104CE0001CBF052384F85130002363650121C4E90A
:104CF00010332368E78784F85010E7861968A78780
:104D00004906C4F83080A78603D4196841F04001F1
:104D10001960E168B1F5006F4DD0002A00F089807C
:104D2000012F00F086800127E38E9BB223B9E38F29
:104D30009BB2002B00F08C802268936899070FD5F6
:104D4000E38E9BB263B15FB1236B1B781373E38E69
:104D5000226B013B01329BB222632268E38600276B
:104D6000936813F001030DD0E18F89B251B11F4652
:104D7000A36BD2681A70A36B0133A363E38F013B6B
:104D80009BB2E387FEF7BAFF801BA8425CD36B1C83
:104D9000CAD001220023032084F8512084F8503027
:104DA00003B0BDE8F083022003B0BDE8F08301202A
:104DB00003B0BDE8F083002A64D1414631F8022BEC
:104DC000DA60E38E2163013B9BB2E3860127E38E29
:104DD0009BB21BB9E38F9BB2002B39D0226893683A
:104DE0009B070DD5E38E9BB253B14FB1236B33F8C4
:104DF000021BD1602363E38E013B9BB20027E38655
:104E0000936813F001030CD0E18F89B249B11F46BA
:104E1000A36BD26823F8022BA363E38F013B9BB201
:104E2000E387FEF76BFF801BA842D0D3681CCED06F
:104E3000AFE798F800201A73E38E226B013B013232
:104E40009BB22263E3866EE7002D7FF46DAFA0E78F
:104E5000324629462046FFF775FEB0B9A36833B93C
:104E600022680193D368019393680193019B012306
:104E700084F85130606D0023C01A84F8503018BF98
:104E8000012091E7012FA1D197E72022002362653D
:104E900084F85030012087E7026802F10C0353E8E0
:104EA000003F23F4907302F10C0C4CE80031002910
:104EB000F3D102F1140353E8003F23F0010302F1A0
:104EC000140C4CE800310029F3D1036B012B05D001
:104ED0002022002380F842200363704702F10C0374
:104EE00053E8003F23F0100302F10C0C4CE80031B2
:104EF0000029F3D1ECE700BF0268116938B5044618
:104F0000C068A36821F44051014320691161034343
:104F10006069D1680343E06921F4164121F00C0176
:104F200003430B43D3605369A069284923F44073BA
:104F300003438A42536129D0254B9A4226D0FFF77A
:104F40007BFDE369B3F5004F26D16268214D9218CD
:104F50004FF019014FF000035B41A0FB0101FBF78B
:104F60004FF9A5FB00325109642303FB1103DB0059
:104F70003233A5FB0323C3F342121B09246802EB5F
:104F8000011203F4F8731344A36038BDFFF764FD06
:104F9000E369B3F5004FD8D0636819219A00A0FBEC
:104FA00001019B0FFBF72CF90A4AA2FB00135B09D6
:104FB0002168642404FB130000013230A2FB0020AE
:104FC0001B0103EB5010886038BD00BF001001408A
:104FD000001401401F85EB5170B310B590F84130BB
:104FE000044603F0FF0213B32268242384F84130FF
:104FF000D36823F400532046D360FFF77DFF236876
:10500000196921F490411961596921F02A01596106
:10501000D96800224FF0200C41F40051D96062643D
:1050200084F841C084F842C01046626310BD80F825
:105030004020FEF75BFBD7E7012070472DE9F041E8
:10504000044690F84100202830D101B112B9012066
:10505000BDE8F081E284A284DFF868E0DFF868C090
:10506000174F2162C5B21346A06B226800264FF08D
:1050700021086664043284F84180C0E90FECC0E97D
:105080001376FEF763FFA0B922686FF04003136048
:1050900002F1140353E8003F43F0800302F11404CB
:1050A00044E800310029F3D1BDE8F0810220BDE8D9
:1050B000F0811023636484F841500120BDE8F08141
:1050C00045520008E151000831520008026810B54D
:1050D000044602F10C0353E8003F23F0C00302F141
:1050E0000C0040E800310029F3D153691B0605D4B8
:1050F00000202023E08484F8413010BD02F1140325
:1051000053E8003F23F0800302F1140040E800312F
:105110000029F3D1A06B0028EAD00165FEF756FF05
:105120000028E5D0A06BFFF79BF82028E0D11023E2
:105130006364032010BD00BF036810B5044603F18B
:105140000C0252E8002F22F4907203F10C0040E8A8
:1051500000210029F3D103F1140252E8002F22F0BC
:10516000010203F1140040E800210029F3D1226B71
:10517000012A27D05A69520607D400232022E3854A
:1051800084F842201846236310BD03F1140252E84C
:10519000002F22F0400203F1140040E80021002912
:1051A000F3D1E06B0028E8D00165FEF70FFF00287F
:1051B000E3D0E06BFFF754F82028DED110236364BE
:1051C000032010BD03F10C0252E8002F22F0100260
:1051D00003F10C0040E800210029F3D1CAE700BF29
:1051E00008B50368806B1B6813F480731AD10268DA
:1051F000C38402F1140353E8003F23F0800302F15B
:10520000140040E800310029F3D102F10C0353E807
:10521000003F43F0400302F10C0040E80031002958
:10522000F3D108BDFEF7FAF908BD00BF704700BF13
:1052300008B5806BFFF7FAFF08BD00BF704700BFDD
:10524000704700BF08B5806B0268516990F8413023
:10525000212B0BD0526990F84230222B1ED0436C88
:1052600043F010034364FEF7E7F908BD0906F1D5E2
:105270000023C38402F10C0353E8003F23F0C00372
:1052800002F10C0C4CE800310029F3D1202380F806
:105290004130526990F84230222BE0D15306DED5DE
:1052A0000023C385FFF7F8FDD9E700BF08B5806B81
:1052B0000023C385FEF7C0F908BD00BF806B08B5A9
:1052C00001234363036B012B02D0FFF7B9FF08BD35
:1052D000818D4908FEF772F908BD00BF08B5036863
:1052E000806B1A6812F480722BD10368C28503F1B7
:1052F0000C0252E8002F22F4807203F10C0C4CE8EF
:1053000000210029F3D103F1140252E8002F22F00A
:10531000010203F1140C4CE800210029F3D103F140
:10532000140252E8002F22F0400203F1140C4CE862
:1053300000210029F3D1202280F84220026B012AAB
:1053400007D000234363036B012B0FD0FFF776FFD9
:1053500008BD03F10C0252E8002F22F0100203F105
:105360000C0C4CE800210029F3D1EAE7818DFEF70F
:1053700025F908BD8368B3F5805F45D0826A002BAC
:105380003AD003685B6803F07F031370836A0133CC
:105390008362C38D013B9BB2C385002B33D102686E
:1053A000D16821F0200100B5D160D16821F480716D
:1053B000D16051694FF0200C21F00101516180F85A
:1053C00042C04363016B012983B028D1036302F11A
:1053D0000C0353E8003F23F0100302F10C0C4CE8DF
:1053E00000310029F3D11368DB0622D4818DFEF74A
:1053F000E5F803B05DF804FB0369002BC1D1036835
:105400005B681370C2E7704703696BB90268836A0F
:105410005268C2F3080223F8022B8362B9E7FFF750
:105420000DFF03B05DF804FB0368826A5B681370CC
:10543000ACE701911368019353680193019BD5E791
:1054400070B503681A68D9685E6912F00F0F82B0F0
:1054500004461D4672D1930602D58E0600F1D8800F
:10546000236B012B0BD0160602D5080600F1A6808F
:10547000520602D54B0600F1C08002B070BDD606C0
:10548000F1D5C806EFD5002301932B6801936B6813
:105490000193019B6B695B0640F1E980E06B036857
:1054A0005968A38D89B2002900F026818B4240F211
:1054B0002381C269E185B2F5807F36D005F10C0306
:1054C00053E8003F23F4807305F10C0141E80032FA
:1054D000002AF3D105F1140353E8003F23F0010340
:1054E00005F1140141E80032002AF3D105F114035B
:1054F00053E8003F23F0400305F1140141E8003276
:10550000002AF3D1202384F84230226305F10C03F2
:1055100053E8003F23F0100305F10C0141E800328D
:10552000002AF3D1FEF752FDA38D02226263E28DC1
:105530009B1A204699B2FEF741F89EE706F0010655
:1055400001F4907030438BD0D00705D5CD0503D53D
:10555000606C40F001006064500726D52EB1606C8D
:10556000950740F00200606423D4150707D501F0C9
:105570002000304303D0606C40F008006064606C31
:1055800000283FF47AAF900602D58A0600F1AA807F
:105590005B69656C03F0400305F008051D43204678
:1055A00040D1FEF749F8656467E79007DDD5002E26
:1055B000DBD0606C40F004006064D6E794F84130C2
:1055C000212B7FF45AAFA368B3F5805F00F09D8074
:1055D000236A5A1C22621B786B60E38C013B9BB2EE
:1055E000E384002B7FF449AFEB6823F08003EB608A
:1055F000EB6843F04003EB603FE7EB68202223F0C9
:105600004003EB60204684F84120FEF707F834E7BA
:1056100090F84230222B7FF430AF02B0BDE87040EA
:10562000FFF7A8BEFFF738FC25686B695B061AD543
:1056300005F1140353E8003F23F0400305F1140182
:1056400041E80032002AF3D1E06B60B1354B0365CD
:10565000FEF704FD00283FF410AFE06B036D02B0CD
:10566000BDE8704018472046FDF7E6FF05E7E28DEC
:10567000E38D9BB292B2002B3FF4FFAEA18D8A1A4C
:1056800091B200293FF4F9AE05F10C0353E8003F55
:1056900023F4907305F10C0040E80032002AF3D1A6
:1056A00005F1140353E8003F23F0010305F1140052
:1056B00040E80032002AF3D1202384F842302263EC
:1056C00005F10C0353E8003F23F0100305F10C0033
:1056D00040E80032002AF3D1022363632046FDF73D
:1056E0006DFFCAE694F84220222A7FF451AF20468B
:1056F000FFF740FE23684BE799427FF4BEAEC369D3
:10570000B3F5807F7FF4B9AEE6E72369002B7FF421
:105710005FAF236A33F8022BC2F308026A60236288
:105720005BE700BFAD52000830B5044600232220DD
:105730006364256884F84200E06BA162A28503657A
:1057400013460A46291D204DC563204D0564204D92
:10575000C56483B0FEF7FAFB70BB236801901A683A
:10576000019259682269019101995AB103F10C0221
:1057700052E8002F42F4807203F10C0444E8002147
:105780000029F3D103F1140252E8002F42F0010284
:1057900003F1140444E800210029F3D103F11402B9
:1057A00052E8002F42F0400203F1140444E80021C3
:1057B0000029F3D103B030BD102220230120626400
:1057C00084F8423003B030BDDD520008BD520008FD
:1057D0004552000890F842C0BCF1200F06D129B311
:1057E00030B583B022B9012003B030BD022070472C
:1057F00001230446002503634563FFF795FF236BF0
:10580000012BF0D12268019513680193536801932D
:10581000019B02F10C0353E8003F43F0100302F137
:105820000C0444E800310029F3D1DDE70120704782
:10583000034AD2F8883043F47003C2F888307047C6
:1058400000ED00E02DE9F843244A254C254B264E77
:105850002468D2F80080D3F8009005463068043000
:105860000F4600F029FF48B933682049DA6A01235E
:1058700003FA02F20B6823EA02030B606B1C15D0DB
:105880003368316864195C600AD24046043100F024
:10589000FBFE174B1A68A24288BF1C60BDE8F88364
:1058A00048460431BDE8F84300F0EEBE002FE7D0D3
:1058B000104B30685A68316882609068C8603168FF
:1058C00090680431416030681968346804300131EF
:1058D000906019606361BDE8F88300BF8417002001
:1058E0007C18002088170020801700200018002056
:1058F0003018002054180020204B10B50022204CF6
:105900001A6021682268236812681B6B9A4204D9C6
:105910000B6B1A68B2F1A53F22D0216820683431A0
:10592000FCF78AF8174B1B68B3FA83F3DBB2C3F1B9
:105930001F0303EB8303144A990002EB83035058BF
:1059400008B972B6FEE758680831406858600A44E2
:10595000904204BFD8685860C3682360236810BDB4
:105960005A68B2F1A53FD8D19A68B2F1A53FD4D117
:10597000DB68B3F1A53FD0D1D4E700BF8018002089
:1059800080170020001800208C170020F8B50F4D5C
:105990002B68CBB10E4F0F4E01F09EF8FB68DC6810
:1059A000201D00F089FE3368013B33602B68013B0A
:1059B0002B6001F0ABF8206B01F044FA204601F0B7
:1059C00041FA2B68002BE7D1F8BD00BFF417002087
:1059D00068180020F017002008B5094C4FF0E026A9
:1059E0004FF08055FFF7D2FF2368012B05D9C6F889
:1059F000045DBFF34F8FBFF36F8FFCF71FF8F1E724
:105A00008C1700202DE9F04F5B4B1C68013483B0EC
:105A10001C60002C00F08780584B0193019B1B6891
:105A20009C4267D3DFF864E1DEF800301B68002B8E
:105A30007FD05348DFF860B1524D4FF0000CA246C2
:105A40004AE0D3E902285969C2F80880C8F804205E
:105A50004A68A2420A6808BFC1F804800026013AD9
:105A60005E610A60996A79B1D3E907824E68C8F825
:105A700008201A6ABE42C2F8048008BF4A600022A9
:105A80009A620A68013A0A60DA6AD5F8009002EB75
:105A90008207012100EB8708914041EA0901296052
:105AA000D8F8041099608E68DE6050F8276006F11F
:105AB00001098E6874608C60DBF80010C3F81480F4
:105AC00040F82790DEF80030C96A1B688A4288BF18
:105AD0004FF0010C002B30D0DEF80030DB68DB68C3
:105AE0005A68924503F1040403F11807A9D2019BF7
:105AF0001A6004E02248DFF8A0B04FF0000CDBF899
:105B00000030214ADB6A126803EB830350F823302C
:105B1000022B28BF4FF0010C002A0CBF6046012069
:105B200003B0BDE8F08F194B1A68126852B172B613
:105B3000FEE71348DFF860B09C46019A4FF0FF3350
:105B40001360DCE7124A1868116819601149106087
:105B50000A6801320A601A68126832B9074B019369
:105B60001A464FF0FF33136058E71B68034ADB689F
:105B700001921B68136051E77C1800203018002048
:105B80008C170020001800208018002084170020A7
:105B90008817002034180020801700202DE9F04FCE
:105BA000554F3B68013B3B60D7F8008083B0B8F1AC
:105BB000000F40F09180514B1B68002B00F08C804F
:105BC000DFF854C1DCF80030002B00F092804C4B21
:105BD000DFF848E14B4D01934FF0010BC246DCF872
:105BE0000C30DB68D3E907019A6A8160486050682D
:105BF00003F11804A04208BF51601168C3F828A03F
:105C000001391160D3E90221586991604A60426804
:105C1000DEF800401E1DB24208BF41600168DA6A2A
:105C20000139016002EB820005EB80080BFA02F1FA
:105C30000C43D8F80410CEF800408C68DC60324C7D
:105C400099602468D4F82C9055F8204001340094D1
:105C50008C684A4566608E60C3F81480009B45F8E6
:105C6000203084BF019BC3F800B0DCF80030002B6B
:105C7000B5D1264B1A681268002A35D01A68244B11
:105C8000D26812681A60234D2C68A4B1DDF8048034
:105C9000012606E0FFF7B6FE08B1C8F80060013C37
:105CA00008D03B68002BF5D02B68013C03F10103C1
:105CB0002B60F6D12C60019B1B686BB14FF0E02389
:105CC00011494FF080520968C3F8042DBFF34F8F7C
:105CD000BFF36F8F012000E00020009000F016FF5E
:105CE000009803B0BDE8F08F094B4FF0FF321A6007
:105CF000C9E7034B0193C6E7F8170020F01700200F
:105D0000801800208C1700208017002084170020A6
:105D100030180020381800203C18002000180020FF
:105D20002DE9F0474FEA82090746484616460D46D8
:105D3000984600F0D9FF30B382465C2000F0D4FFD3
:105D4000044620B35C22002101F010F94A46C4F851
:105D500030A05046A52101F009F9226B75B105F17B
:105D6000FF3C04F133030F351CF8011F03F8011F3A
:105D700009B1AC45F8D1002384F84330089B042BCB
:105D80000CD972B6FEE74FF0FF30BDE8F087504601
:105D900001F058F84FF0FF30BDE8F087089BE36250
:105DA000251DE3642846A9F10409914400F068FC2C
:105DB00004F1180000F064FC089B246129F0070935
:105DC000C3F105034846646242463946A36100F0C8
:105DD0005FFEA9EB0009B6EBA90F206001D872B6EF
:105DE000FEE7099B03B11C6000F076FE414A424E7B
:105DF0001368013313603368002B4DD03F4F3B686D
:105E0000002B40D0E36ADFF81081DFF81091DFF853
:105E100010C103EB830208EB820E9200DEF804103F
:105E2000A1608868E060D9F8000001306064C9F8BA
:105E30000000886845608D6058F80210DCF80000AA
:105E4000C4F814E00125013105FA03F3034348F8CF
:105E50000210CCF8003000F059FE3B6883B1326884
:105E6000E36AD26A9A420BD24FF0E0234FF080529D
:105E7000C3F8042DBFF34F8FBFF36F8F284684E71D
:105E80002846BDE8F0873368DFF88C80DA6AE36A79
:105E90009A4298BF3460B8E734601368012B04D08D
:105EA000E36ADFF87480154FAFE7DFF86C80474690
:105EB00008F164093846143700F0D6FBB945F9D12A
:105EC000DFF860900E4F484600F0CEFB384600F0F9
:105ED000CBFB0C4800F0C8FB0B4800F0C5FB0B489F
:105EE00000F0C2FB0A4BC3F800900A4B1F60E36A44
:105EF000024F8AE7F017002080170020501800207A
:105F0000181800203C1800206818002054180020A1
:105F100084170020881700208C170020FC17002011
:105F2000001800200418002070B159B170B51D4C44
:105F30002368013323601C4B1A682368012B05D0AA
:105F400072B6FEE772B6FEE772B6FEE70668731831
:105F50002CBF012500259642036018D915B19A423D
:105F600016D3002500F0B8FD23680BB972B6FEE722
:105F7000FFF714FE48B94FF0E0234FF08052C3F80A
:105F8000042DBFF34F8FBFF36F8F284670BD2DB127
:105F90000021981AFFF756FC0125E3E79A42E1D267
:105FA000F6E700BFF81700207C18002010B550B9A4
:105FB0004FF0E0234FF08052C3F8042DBFF34F8F12
:105FC000BFF36F8F10BD0B4C236801332360236830
:105FD000012B01D072B6FEE70021FFF733FC00F081
:105FE0007BFD23680BB972B6FEE7FFF7D7FD0028EB
:105FF000DED010BDF817002030B587B0002349214E
:106000001B4ACDE90233CDE904338DF808100DF1B8
:10601000090312F8014F03F8014B002CF9D1154B7D
:106020001548CDE900438022234602A9FFF778FEF8
:10603000012819D100F0D6FC012815D14FF05003EA
:1060400083F31188BFF36F8FBFF34F8F0B490C4A57
:106050000C4B4FF0FF350D6010601C6000F0B6FD7A
:10606000094B1B6807B030BD0130F9D172B6FEE7AD
:10607000B0D100082C180020D95900083018002091
:10608000501800207C18002070090020024A136874
:1060900001331360704700BFF817002008B500F007
:1060A0001BFD044B1B680BB972B6FEE7BDE8084048
:1060B000FFF774BDF8170020014B1868704700BF48
:1060C0007C180020054B1B680BB9FFF79BBC044AEA
:1060D0001368013300201360704700BFF8170020D9
:1060E00038180020044B1B681BB1044B01221A60B6
:1060F0007047FFF701BC00BFF81700208018002090
:1061000060B110B5064B0C461968183100F0BCFAA6
:1061100020460121BDE81040FFF794BB72B6FEE7B0
:106120008017002018B3F0B4124C45688C46002A42
:1061300011462268AE68D561226803461662266859
:106140002268276802F118041A6808BF604602F145
:10615000010CAA6806F11806566018BF4FF0FF3010
:10616000AC60BB62F0BCC3F800C0FFF76BBB72B69B
:10617000FEE700BF80170020C368DB68002B59D002
:10618000D3E907019A6A2DE9F041816048605068BF
:1061900003F11804A042284808BF51601168006844
:1061A000002501399D621160B8B124494A68DA615D
:1061B0009068186290684460086894600130DA6AF8
:1061C000996208601E4B1B68DB6A93423DBF1D4B02
:1061D000012018600020BDE8F0819A68D8685969EC
:1061E0009060D868184D42604A68DFF860E01F1D73
:1061F000BA4208BF48600868DA6ADEF800800138F1
:10620000086002EB820105EB810C8900DCF8044098
:106210009C60A068D8606858461C0120904040EA05
:106220000800CEF80000A0684760A760C3F814C05B
:106230006E50C7E772B6FEE7F81700203C18002042
:1062400080170020801800208C17002000180020E4
:10625000034A044B12681B68C0E90023704700BF63
:10626000341800207C18002000B3F0B50D4683B030
:10627000D1B1044600F030FC2B68154A581C116857
:1062800024D0DFF850C0D4E90060DCF80070BE42D2
:106290000ED088420CD800232B600120019000F022
:1062A00035FC019803B0F0BD72B6FEE772B6FEE7AA
:1062B000A1EB000E7345EED95B1ADCF800101268F2
:1062C00003442B600020C4E90012E7E70020E5E763
:1062D0007C18002034180020014B01221A607047FE
:1062E00080180020054B1B6833B1054B1B68002B41
:1062F0000CBF02200020704701207047501800207A
:10630000F817002070B5054600F0E6FB95F845301B
:106310005CB2002C14DD05F1240603E0631EDAB242
:106320005CB26AB16B6A304653B1FFF725FF0028B3
:10633000F4D0FFF7D1FF631EDAB25CB2002AF1D1CC
:10634000FF2385F8453000F0E1FB00F0C5FB95F830
:1063500044305CB2002C14DD05F1100603E0631E2E
:10636000DAB25CB26AB12B69304653B1FFF704FF71
:106370000028F4D0FFF7B0FF631EDAB25CB2002A47
:10638000F1D1FF2385F84430BDE8704000F0BEBB7A
:1063900020B3C36B70B50446F3B1056CA5FB0335A0
:1063A000D5B90E4600F098FBD4E90F232168A56308
:1063B00003FB02F2D31A0A44A2600B44FF2284F8C2
:1063C00044206160E36084F84520D6B923693BB975
:1063D00000F09CFB012070BD72B6FEE772B6FEE7CE
:1063E00004F11000FFF7C8FE0028F1D04FF0E023C1
:1063F0004FF08052C3F8042DBFF34F8FBFF36F8F60
:10640000E6E704F1100000F02FF904F1240000F099
:106410002BF9DDE768B170B51646A0FB012382B009
:10642000044623B901FB00F010F1510F03D972B6F5
:10643000FEE772B6FEE75030019100F055FC0546CC
:1064400060B1019969B100F15003C5E90F412B60BA
:1064500001212846FFF79CFF85F84C60284602B0D2
:1064600070BD0346F1E700BF2DE9F04385B001920E
:10647000002800F08F800D460446002944D0FFF725
:1064800031FF002845D000F027FBA66B002E56D127
:10649000019B9BB302A8FFF7DBFE374604F12408FB
:1064A0004FF0E02900F032FBFFF7F0FD00F014FBA5
:1064B00094F84430FF2B08BF84F8447094F84530BA
:1064C000FF2B08BF84F8457000F020FB01A902A84B
:1064D000FFF7CAFE10BB00F0FFFAA36B002B43D0FE
:1064E00000F014FB2046FFF70DFFFFF7D7FD00F08B
:1064F000F3FAA66B1EBB019B002BD3D100F006FB69
:10650000002005B0BDE8F083036C002BB7D072B655
:10651000FEE7019B002BB6D072B6FEE72046FFF7E0
:10652000F1FEFFF7BBFD00F0D7FAA36B002BE5D01F
:1065300000F0ECFA00F0D0FAA66B002EDBD0226C53
:1065400052B1E168A36811449942E16024BF216817
:10655000E1602846F9F7D6FF2369013EA663DBB95F
:1065600000F0D4FA0120CCE700F0D0FA01994046BF
:10657000FFF7C6FD2046FFF7C5FEFFF78FFD002899
:10658000D8D14FF08053C9F8043DBFF34F8FBFF30C
:106590006F8FCFE772B6FEE704F11000FFF7ECFD56
:1065A0000028DDD04FF0E0234FF08052C3F8042DD7
:1065B000BFF34F8FBFF36F8FD2E700BF20B311B38C
:1065C00030B40024134D234605EBC3024FEAC30C3D
:1065D0005268824214D034B10133042BF4D1C4E99F
:1065E000001030BC704755F833207AB10133042BCA
:1065F00005EBC3024FEAC30CF3D052689042F2D1CC
:1066000005EB0C04EBE7704772B6FEE705EB0C04F4
:10661000E2E700BF8418002070B504460E46154618
:1066200000F05AFA94F84430FF2B04BF002384F89A
:10663000443094F84530FF2B04BF002384F84530E4
:1066400000F064FAA36B23B12046BDE87040FFF769
:1066500059BE04F124002A463146FFF763FD204667
:10666000BDE87040FFF74EBE00F108034FF0FF3168
:106670000022C0E90131C0E903330260704700BF66
:1066800000230361704700BF30B40D686B1C10D04D
:1066900000F108031C465B681A68AA42FAD902682E
:1066A0004B60013299608C606160086130BC0260AF
:1066B000704704696368F2E7026910B4D0E9011316
:1066C00054688B608442596008BF536013685DF85A
:1066D000044B013B0021016118461360704700BF65
:1066E000F8B5104C00F0F8F925681DB1BDE8F84088
:1066F00000F00CBA0C4F0D4E3846FFF7B5FF304690
:10670000FFF7B2FF0A4B1F600A4B2A460C210820F4
:106710001E60FFF77FFE20600028E7D00649FFF7E4
:106720004DFFE3E7D8180020AC180020C018002067
:10673000A4180020A8180020C0D5000870B5044691
:10674000164605E0934219D8236A20469847294601
:10675000A36924615D182CBF01200020B542A6EB7F
:1067600001026560EED9B14201D90028ECD0074B97
:10677000211D1868BDE87040FFF786BF044B211D3E
:106780001868BDE87040FFF77FBF00BFA418002065
:10679000A8180020104B1B68DB6870B5DC68054644
:1067A000201D0E46FFF788FF94F828305A0708D4BA
:1067B00023F0010384F828302046236ABDE87040A6
:1067C0001847204632462946FFF7B8FF236A20467D
:1067D000BDE87040184700BFA41800202DE9F04F15
:1067E0007C4D7D4FDFF8F8817C4E85B04FF0E02A7C
:1067F0004FF000092B68D3F800B0BBF1000F00F098
:10680000C680DB68D3F800B0FFF740FCFFF754FC0C
:106810003B689842044679D35845386080F0D08070
:1068200000223068ABEB0401FFF7F6FEFFF736FC01
:1068300038B94FF08053CAF8043DBFF34F8FBFF310
:106840006F8FCDE90199CDF80C903068002201A935
:10685000FFF70AFE0028CDD0019B002BF5DBDDF809
:106860000CB0BBF1000FF0D0DBF814301BB10BF112
:106870000400FFF721FFFFF71FFC3B689842044626
:1068800011D3019B3C60013B082BDED8DFE803F00D
:106890001515644B6B1515644B00DB684FF0FF3129
:1068A0001868FFF777FF2B681A68002AF5D1D8F827
:1068B00000202A60C8F80030E3E79BF82820029BFC
:1068C000DBF81800CBF810B042F001018BF828106B
:1068D00019182CBF4FF0010C4FF0000CA142CBF85F
:1068E000041049D8E31A98422FD8500763D422F0F5
:1068F00001028BF82820DBF8203058469847A4E79F
:10690000DB684FF0FF311868FFF744FF2B681A6807
:10691000002AF5D1D8F800202A60C8F800303C6081
:10692000FFF7BCFB8DE79BF82820029BCBF81830C3
:1069300042F001028BF82820002B48D02344A342C8
:10694000CBF80430CBF810B01BD8D8F800000BF10E
:106950000401FFF799FE78E79BF8283023F0010344
:106960008BF8283071E79BF828309A071FD523F061
:1069700001038BF8283068E7A34202D9BCF1000F6D
:10698000B3D028680BF10401FFF77EFE5DE7FFF747
:106990007DFBFFF791FB3B6883420446B6D8D8F8ED
:1069A00000303C601A68B2FA82F2520939E7584660
:1069B00000F048FA49E722465846FFF7BFFE9AE73B
:1069C000FFF76CFB21465846FFF7E4FE39E772B645
:1069D000FEE700BFA4180020D4180020D81800201B
:1069E000A818002000B583B0FFF77AFE094B1B689A
:1069F00053B1094A09490A480423CDE9003200236A
:106A0000C022FFF78DF908B972B6FEE703B05DF852
:106A100004FB00BFD8180020DC180020C8D50008EF
:106A2000DD6700080A4B1B6882B000220133019227
:106A300001D072B6FEE74FF0500383F31188BFF325
:106A40006F8FBFF34F8F019B002BFCD002B07047BC
:106A50007409002008480068006880F308884FF037
:106A6000000080F3148862B661B6BFF34F8FBFF3A6
:106A70006F8F00DF00BF000008ED00E0DFF80C00C2
:106A8000016841F4700101607047000088ED00E08A
:106A900010B44FF08073074C40F8043C21F0010122
:106AA0006FF0020340E9034140E909325DF8044B0D
:106AB00044387047256A0008064B19680868B0E832
:106AC000F04F80F30988BFF36F8F4FF0000080F321
:106AD00011887047801700204FF0500383F311880E
:106AE000BFF36F8FBFF34F8F074A13680133012B3A
:106AF000136000D070474FF0E023D3F8043DDBB2C1
:106B0000002BF7D072B6FEE774090020054A13681F
:106B10000BB972B6FEE7013B13600BB983F3118822
:106B2000704700BF74090020EFF30980BFF36F8F37
:106B3000144B1A681EF0100F08BF20ED108A20E9D0
:106B4000F04F10602DE909004FF0500080F31188DC
:106B5000BFF34F8FBFF36F8FFFF7C4FA4FF0000002
:106B600080F3118809BC19680868B0E8F04F1EF07E
:106B7000100F08BFB0EC108A80F30988BFF36F8F45
:106B8000704700008017002008B54FF0500383F3D2
:106B90001188BFF36F8FBFF34F8FFFF793FA28B1C0
:106BA0004FF0E0234FF08052C3F8042D002383F30D
:106BB000118808BD4FF0E023002203481A61072125
:106BC0009A615861196170473F9002004FF0E023CD
:106BD0003F4AD3F8001D91421ED0D3F8002D3D4B03
:106BE0009A4217D070B584B03B4B002202921A78BB
:106BF000FF21D2B28DF8062019701B78374ADBB21C
:106C00008DF807309DF8073003F0500313702BB94F
:106C100072B6FEE772B6FEE772B6FEE79DF8073081
:106C2000DB4313F050020AD072B6FEE7029B013339
:106C300002939DF807305B00DBB28DF807309DF8BA
:106C400007301B06F2D4029B082B05D0029BC3F130
:106C500007031B0203F4E0629DF8063020481E493A
:106C600002604FF0E024DBB20B70D4F8203D1D4EE3
:106C700043F47F03C4F8203DD4F8203D002543F0C1
:106C80007F43C4F8203DC4F81C5DFFF793FF3560D7
:106C9000FFF7F4FED4F8343F43F04043C4F8343FE8
:106CA000FFF7D8FEFFF71EFA33680395013301D0D2
:106CB00072B6FEE74FF0500383F31188BFF36F8F76
:106CC000BFF34F8F039B002BFCD0002004B070BD9E
:106CD00071C20F4170C20F4100E400E0E0180020D3
:106CE000E418002074090020F8B5431E0A3339D88F
:106CF00000F1080410F0070040D14B4DFFF7C6F932
:106D00002B68002B68D02346002B30DB7CB3474F29
:106D10003E68A6422BD3464946480B68834236D389
:106D2000DFF81CE1734532D88C4607E01A6842B19F
:106D300082429C464ED372454CD813465968A142B4
:106D4000F4D32A689A4212D0DCF800500835854204
:106D50001BD3754519D81868CCF80000A1423DD264
:106D600072B6FEE7304DFFF791F92B688BB1FFF754
:106D700095F90025FAF75EFE2846F8BDC0F1080037
:106D8000C343A342EED30444B7E772B6FEE772B63C
:106D9000FEE71C462748460715D100F5E0420146AC
:106DA0000646083A22F007022348214F2A60511A6A
:106DB00001601E483E60016000207860C2E900006A
:106DC000C6E90021A0E7C11D21F0070100F5E0425E
:106DD0000E46E6E772B6FEE72346DBE7A1EB040EBC
:106DE000BEF1100F0AD91A19510701D072B6FEE789
:106DF000C2F804E021461851CCF800200E4804687F
:106E0000761AA64238BF06600C483E60026841F020
:106E1000004100241C60013259600260FFF73EF916
:106E20006B07A9D072B6FEE7E8180020EC880020B6
:106E3000FC880020EC180020F0880020F488002056
:106E4000EB88002088B1F8B52D4EA0F10805B542B9
:106E5000044608D32B4FBD4205D850F8043C002B04
:106E600004DB72B6FEE772B6FEE7704750F8081C06
:106E700009B172B6FEE723F00042134622F0070282
:106E800040F8043C42BBFFF701F91F4A54F8041CC8
:106E900013681E480B44136003461A461B689D4244
:106EA000FBD8824203D0B24214D3BA4212D85068FF
:106EB0001418A5421FD06818834212D02B60AA4232
:106EC00018BF1560124A136801331360BDE8F8401B
:106ED000FFF7E4B872B6FEE7A3F1080200F046F847
:106EE000D1E70C4800688342E8D0D3E90030014480
:106EF000C5E90031E3E7014451601546DBE700BF17
:106F0000EC180020EB880020EC880020FC88002092
:106F1000F8880020E8180020014B1868704700BF6F
:106F20007809002070B50D4E0D4D761BB61006D0B9
:106F3000002455F8043B01349847A642F9D1094E84
:106F4000094D761B06F026F9B61006D0002455F838
:106F5000043B01349847A642F9D170BDD4D900084A
:106F6000D4D90008DCD90008D4D90008830730B58B
:106F700048D0541E002A3FD0CAB2034601E0013C6B
:106F80003AD303F8012B9D07F9D1032C2DD9CDB2AB
:106F900045EA05250F2C45EA054536D9A4F110022E
:106FA00022F00F0C03F1200EE6444FEA121C03F10D
:106FB000100242E9045542E9025510327245F8D1F7
:106FC0000CF1010214F00C0F03EB021204F00F0C91
:106FD00013D0ACF1040323F003030433134442F849
:106FE000045B9342FBD10CF003042CB1CAB21C44E5
:106FF00003F8012B9C42FBD130BD64461346002CA4
:10700000F4D1F9E703461446BFE71A46A446E0E781
:107010000CB410B51F4B00291C689CB035DB4FF435
:107020000273ADF81430029006901FAB18D00139EE
:107030004FF6FF7204910791ADF8162002A91E9A2F
:107040000193204600F010F9421C01DA8B232360E3
:10705000029B00221A701CB0BDE8104002B07047BD
:107060004FF6FF7204910791ADF8162002A91E9AFF
:107070000193204600F0F8F8431C01DA8B232360CB
:107080001CB0BDE8104002B070478B2323604FF066
:10709000FF30F5E778090020024A126801235C32CC
:1070A00000F002B878090020F0B4074610B33E465D
:1070B0008C4616F8010B01E0A04216D01CF8014BDB
:1070C000002CF9D1D8B116F8015B0C4601E0002B79
:1070D000F9D014F8013B9D42F9D14DB1002306F8D7
:1070E000013C16603846F0BC70475BB13746DEE7BE
:1070F0002E46F6E71768002FD9D13846F3E7F0BCE3
:1071000010607047166038463B70ECE72DE9F04799
:1071100007464B480E46354616F801CB10F80C4092
:1071200014F00804F7D1BCF12D0FE64658D0BCF19D
:107130002B0F04BF96F800E0AE1C5BB1102B54D0AF
:107140004FF0FF38B8FBF3F803FB08FA6FEA0A0ABE
:10715000994608E0BEF1300F5AD00A23DFF8E480E8
:107160004FF0050A99460025284607E0404515D806
:1071700029D009FB00C0012516F801EBAEF1300C57
:10718000BCF1090F06D9AEF1410CBCF1190F08D8BA
:10719000AEF1370C63450DDD002DE7DA4FF0FF351A
:1071A000EAE7AEF1610CBCF1190F03D8AEF1570C50
:1071B0006345F1DC002D0BDB04B140420AB16DB92F
:1071C0001160BDE8F087D445D3DD4FF0FF35D3E73C
:1071D00022233B604FF0FF30002AF2D0711EEFE710
:1071E00096F800E00124AE1CA7E7BEF1300F21D1D4
:1071F000307800F0DF00582816D14FF0100996F8CB
:1072000001E04FF00F0A02366FF070484B46AAE7D4
:10721000337803F0DF03582BEFD008234FF0070A31
:107220006FF0604899469EE799466FF070484FF0BE
:107230000F0A98E74FF00F0A6FF07048994692E7EF
:10724000D1D500089999991910B4054C8446134674
:1072500020685DF8044B0A466146FFF757BF00BF40
:1072600078090020000000002DE9F04F2DED0A8B79
:10727000CFB00C4691460AEE101A09930AEE900A16
:1072800002F008FF036813931846F9F759FBA38926
:1072900012901A0603D52369002B00F0A0874D46F3
:1072A0009FEDA57B2B78002425AACDE92344CDE9C9
:1072B0001544CDE917448DED107B1AEE909A0E948B
:1072C0002292904614940594002B00F0EC81AB467A
:1072D00004E01BF8013F002B00F01A81252BF8D1A8
:1072E000BBEB050640F018819BF80030002B00F046
:1072F000DA8100234FF0FF329BF801708DF86B307C
:1073000006930BF1010B04929A462B2420210BF1DA
:10731000010BA7F120035A2B00F23C81DFE813F0A8
:10732000D5023A013A01D0023A013A013A016A0023
:107330003A013A016502FE023A017002E4023A01A2
:10734000DF025B005B005B005B005B005B005B00DF
:107350005B005B003A013A013A013A013A013A0115
:107360003A01D2013A0136028500D201D201D2019E
:107370003A013A013A013A01CB023A013A01C60018
:107380003A013A013A0140023A0175023A013A01E2
:107390004F073A013A013A013A013A013A013A01FA
:1073A0003A01D2013A0136028700D201D201D2015C
:1073B000BE02870080003A01B1023A019902C8007A
:1073C000870280003A0140027D002A073A013A0113
:1073D0002E073A017D00A7F1300300221BF8017B44
:1073E00002EB820203EB4202A7F13003092BF5D92D
:1073F00006928EE7484602F04DFE43681793184602
:10740000F9F79EFA18900646484602F043FE836854
:1074100015932021002E40F0C2859BF8007076E77E
:107420009BF800704AF0200A71E74AF0100A1AF03F
:10743000200F099B00F09A81073323F007031A46B7
:107440005B6852F8084B09921E46002BC0F26B8510
:10745000049B013301F03A802AF08003039354EA3D
:10746000060300F0E7840A2C76F1000380F0908791
:1074700030340123DDF80CA08DF8374107930DF26D
:107480003715049907989DF86B3081424FF0000240
:10749000B8BF0146089203910C920F920D92002BF7
:1074A00000F08980039A0132039284E04AF0100AC6
:1074B0001AF0200600F04B81099B073323F00703E5
:1074C0005E6853F8084B09932AF480630393002302
:1074D00000228DF86B20049A551C00F02682039937
:1074E00021F0800A54EA060140F01D82002A41F092
:1074F0002980002B40F0A484039B13F00103079321
:1075000000F0428530238DF837310DF23715B8E79A
:10751000BBEB050600F0C780249B33442493239BD8
:107520000133072BC8E90056239309DC08F108084A
:10753000059B33440593D7E60000000000000000DF
:107540001AEE101A22AA484603F09EFC90B90DF1DB
:107550009408EDE71AEE101A22AA484603F094FCAC
:10756000002800F09180089B23B108991AEE900A38
:1075700002F08AFC1AEE103A9B8913F0400F059B2B
:1075800018BF4FF0FF33059305984FB0BDEC0A8B41
:10759000BDE8F08F002F00F0868000238DF8D470B6
:1075A0008DF86B300122CDE90723039204930C93ED
:1075B0000F930D9335AD1AF002020A9202D0039A8E
:1075C000023203921AF084020B9205D1069A0399B3
:1075D000561A002E00F30D83249C8BB1239B0DF1D2
:1075E0006B0201330134C8F80020072B4FF0010271
:1075F00024942393C8F8042000F3338308F1080887
:107600000A9B83B1239B1BAA01330234C8F80020D4
:10761000072B4FF0020224942393C8F8042000F3B0
:107620002D8308F108080B9B802B00F00F82049B30
:10763000079A9E1A002E00F350821AF4807F40F0C1
:10764000AB81079BC8F804301C44239BC8F800504A
:107650000133072B2494239300F3BE8208F108081A
:107660001AF0040F05D0069B039A9D1A002D00F313
:107670001283DDE9053203998A42ACBF9B185B187F
:107680000593002C7FF466AF00232393089B1BB166
:107690000899484602F0F8FB0DF194085D462B78F6
:1076A000002B7FF414AE249B002B3FF463AF1AEE43
:1076B000104A1AEE101A1AEE900A22AA03F0E4FBFE
:1076C000A3895AE7099B073323F00703B3EC027B36
:1076D0008DED107BDDE91012099322F000430BEED3
:1076E000101A0BEE903A4FF0FF32B0EE4B9AF0EEDC
:1076F0006B9AA54B51EC190BF9F738FE002840F0B6
:107700006784A14B51EC190B4FF0FF32F9F710FED3
:10771000002840F05D84DDE9100100220023F9F724
:10772000FDFD002840F0A5879DF86B30974D984AE5
:107730002AF0800A0321472FC8BF1546002208926D
:107740000391079104920C920F920D92A7E61AF002
:10775000100340F033841AF0400200F05B87099A6E
:1077600052F8044B09921E46A4B2ADE653F8044BFE
:1077700009931AF0100F40F00E841AF0400F00F039
:10778000068444F3C036334624B25EE6099A0023E9
:1077900052F8041B8DF86B308DF8D410099201E774
:1077A000099C54F8045B00268DF86B60002D00F0F6
:1077B000D986049B5A1C00F046851A463146284655
:1077C000F9F72EF90890002801F07A80089B0496BA
:1077D000591B079121EAE1719DF86B3009940391DF
:1077E00008960C960F960D9659E6099B53F8042BB4
:1077F0000692002A80F2C383069A099352420692A7
:107800009BF800704AF0040A81E54AF010030393E4
:10781000039B13F0200600F07383099B073323F0CA
:1078200007035E6853F8084B0993012350E6099B50
:1078300053F8044B099330234AF0020278278DF85D
:107840006C30544B149303928DF86D700026022314
:107850003EE61AF0200F40F082841AF0100F40F03C
:1078600078861AF0400F40F04C871AF4007F00F041
:107870007086099B059953F8042B099311705D4696
:107880000DE79BF800706C2F03BF9BF801704AF066
:10789000200A0BF1010B4AF0100A38E59BF8007042
:1078A000682F03BF9BF801704AF4007A0BF1010BBB
:1078B0004AF0400A2BE59BF800704AF0080A26E5DA
:1078C0009BF800704AF0010A21E59DF86B30002B0F
:1078D0007FF4A3AD9BF800708DF86B1017E59BF853
:1078E00000704AF0800A12E55A4612F8017B2A2FEE
:1078F00001F0F381A7F13003092B934698BF0022D2
:1079000000F2F4871BF8017B02EB820203EB4202D8
:10791000A7F13003092BF5D90492FAE49BF8007023
:107920008DF86B40F3E4CDF80CA0012B3FF49BAD38
:10793000022B4EAD12D1149A04F00F032409D35C2C
:1079400005F8013D44EA0674360954EA0603F3D10A
:107950004EAB5B1BDDF80CA0079392E504F0070328
:10796000E40844EA4674F608303354EA06012A462D
:1079700005F8013DF2D10399C80700F14C824EABE6
:107980005B1B8A4607937CE5FFFFEF7FD8D6000894
:10799000DCD60008E8D60008652F40F3D780DDE983
:1079A000100100220023F9F7AFFC002800F0B48199
:1079B000239BBC4AC8F80020013301340122072B65
:1079C00024942393C8F8042000F3848508F1080860
:1079D0001C9B0E9A934280F2CD82129B139A1C44F8
:1079E000C8E90023239B24940133072B239300F33E
:1079F000E98308F108080E9B5D1E002D7FF730AE6D
:107A0000102D239B41F34781A74F0A97224610264A
:107A10001AEE104A05E008F10808103D102D40F359
:107A2000678501331032072BC8E90076CDE9233290
:107A3000F1DD22AA2146484603F026FA00287FF409
:107A400092ADDDE923320DF19408E6E7069B039A37
:107A50009E1A002E7FF7EBAD102E239B41F34F8033
:107A600091490B9522461AEE105A0A910C4604E0F1
:107A7000103E102E08F1080819DD013310321021D4
:107A8000072BCDE92332C8F80040C8F80410EFDD19
:107A900022AA294648460DF1940803F0F5F900287A
:107AA0007FF461AD103E102EDDE92332E5DC0B9D45
:107AB000144601330A9AC8F800203444072BCDE954
:107AC0002334C8F8046000F32F85049B079A9E1A9C
:107AD000002E08F108087FF7B0AD102E239B40F36D
:107AE000C48571480A90424621461AEE108A04461F
:107AF00004E0103E102E02F1080216DD01331031B1
:107B00001020072BCDE9233114605060F1DD22AA4B
:107B10004146484603F0B8F900287FF424AD103EF2
:107B2000102EDDE9233125AAE8DC90460C4601330E
:107B30000A9AC8F800203444072BCDE92334C8F84A
:107B4000046000F3CF8108F1080876E50E9B012B55
:107B500040F37C81239EC8F8005001360134012394
:107B6000072E24942396C8F8043000F3E78108F127
:107B70000808129B139A01361C44072EC8E90023FB
:107B8000CDE9236400F3E88108F10808DDE910017C
:107B900000220023F9F7B8FB002840F076810E9B05
:107BA0000136013B01351C44072EC8F800502396CE
:107BB000C8F80430249400F35A8108F10808169B91
:107BC000C8F8043001361C44072E1EABCDE92364EF
:107BD000C8F800307FF742AD1AEE101A22AA4846C4
:107BE00003F052F900287FF4BEAC249C0DF19408F8
:107BF00036E5102EDDE9233222DD199510241AEE28
:107C0000105A04E0103E102E08F1080817DD013369
:107C100026491032072BC8E90014CDE92332F1DDE3
:107C200022AA294648460DF1940803F02DF90028B0
:107C30007FF499AC103E102EDDE92332E7DC199D6C
:107C4000C8F804600133B418072B184AC8F800209C
:107C5000CDE9233400F3E1839DF86B3008F1080887
:107C6000BBE41AEE101A22AA484603F00DF90028C8
:107C70007FF479AC249C0DF19408C1E41AEE101A3B
:107C800022AA484603F000F900287FF46CAC249C3B
:107C90000DF19408C7E4102D239B26DD1AEE107A0F
:107CA00010260AE018D700082CD700081CD70008B7
:107CB000103D102D08F1080817DD0133C24A1034B9
:107CC000072BC8E90026CDE92334F1DD22AA394685
:107CD00048460DF1940803F0D7F800287FF443AC30
:107CE000103D102DDDE92334E7DC0133B64AC8F836
:107CF00004502C44072BCDE92334C8F800207FF72B
:107D0000B8AC1AEE101A22AA484603F0BDF80028B3
:107D10007FF429AC249CACE41C9A002A40F396839F
:107D2000DDE90D739F42A8BF1F46002F0BDD239B8B
:107D300001333C44072BC8E900572494239300F3F4
:107D40005C8508F108080D9E002FA8BFF61B002EC9
:107D500000F353820D9B1AF4806F2B44079340F07D
:107D600083821C9B0E9A934203DB1AF0010F00F0F2
:107D7000B884129A13991444C8E90012239A2494DF
:107D80000132072A239200F3768508F108080E9A3B
:107D90000799AE18761AD51AAE42A8BF2E46002E05
:107DA0000DDD239BC8F8001001333444072BC8F8BD
:107DB00004602494239300F39D8508F10808002EA5
:107DC000A8BFAD1B002D7FF74BAC102D239B40F3BC
:107DD00062877E4F0A97224610261AEE104A05E067
:107DE00008F10808103D102D40F382830133103252
:107DF000072BC8E90076CDE92332F1DD22AA21461E
:107E0000484603F041F800287FF4ADABDDE92332AA
:107E10000DF19408E6E7302B3FF49AAD3023023A97
:107E200005F8013C4EAB9B1ADDF80CA007931546F4
:107E3000FFF727BB049B002B7FF41AABDDF80CA0E7
:107E40000023049307934EADFFF71BBB1AF0010FFD
:107E50007FF480AE239EC8F8005001360134012320
:107E6000072E24942396C8F804307FF7A6AE1AEEA6
:107E7000101A22AA484603F007F800287FF473ABD3
:107E8000DDE923640DF1940899E60E9B5D1E002D3B
:107E90007FF795AE102D40F315874C4ACDF810A012
:107EA00023461AEE10AA0A921027144605E008F19C
:107EB0000808103D102D40F39D8301361033072E26
:107EC000C8E90047CDE92363F1DD22AA51464846BF
:107ED00002F0DAFF00287FF446ABDDE923630DF101
:107EE0009408E6E71AEE101A22AA484602F0CCFFE0
:107EF00000287FF438AB249C0DF19408FFF79DBB5C
:107F0000039B13F0100340F02381039A12F0400208
:107F100000F09B83099A52F8044B09921E46A4B2C2
:107F20000123FFF7D5BA2D2364428DF86B3066EB41
:107F30004606CDF80CA00123FFF7CDBA1AEE101AB1
:107F400022AA484602F0A0FF00287FF40CABDDE92E
:107F500023640DF194080CE61AEE101A22AA484682
:107F600002F092FF00287FF4FEAADDE923640DF100
:107F700094080BE61AF0010F3FF472AB2DE59BF865
:107F800000700993FFF7C3B94EADFFF77ABA1AF440
:107F9000007F40F0B083E6173346FFF756BA159BD3
:107FA000002B3FF43AAA159B1B78002B3FF435AA0F
:107FB0009BF800704AF4806AFFF7A9B9099B53F84F
:107FC000044B0993FFF780BA1CD700082CD7000890
:107FD000DDE9100102460B46F9F7C8F9002840F028
:107FE000C385612F00F08685412F00F09484049BA7
:107FF000013327F02003039300F0B083472B00F0F8
:108000008285DDE910014AF48072002907924FF061
:108010000003C0F2248541EC180B0A930893039BDC
:10802000462B00F0F883452B00F04E85B0EE480A51
:10803000F0EE680A20AB01931DAB0093049A1CABD1
:108040000221484600F01CFF039B472B054640F0E9
:1080500069861AF0010F5646DDF81CA040F00B852A
:10806000209B5B1B0E93039B472B00F08B83039B92
:10807000462B00F00F841C9B0D930D9B039A013B34
:10808000412A1C9300F0D785FAB20021002BB8BF1B
:108090000D9B8DF87820BABFC3F101032D222B224E
:1080A000092B8DF8792040F3B7850DF18704DFF8AF
:1080B00098C3224610468CFB0321DA17C2EBA102BB
:1080C00002EB8201A3EB4101303100F8011C19469B
:1080D0006329134600F1FF32ECDC3033D9B2831E42
:1080E0009C4202F8011C40F2048613460DF17A020C
:1080F00001E013F8011B02F8011B9C42F9D10DF1BC
:1081000089030DF17A021B1A13441EAA9B1A1693B7
:108110000E9B169A012B1A44079240F3B785079BD2
:10812000129A13440793079A002326F4806622EAE2
:10813000E27246F4807A0C9303920F930D930A9B9C
:10814000002B40F0458304939DF86B30FFF7A7B9EF
:10815000099B53F8044B09930123FFF7B9B9099B15
:10816000059853F8041B0993C217C1E900025D4644
:10817000FFF795BACDF80CA0FFF74ABBAF4B1493AD
:108180001AF0200600F0EF80099B073323F0070365
:108190005E6853F8084B09931AF0010F09D054EAAE
:1081A000060306D030238DF86D704AF0020A8DF870
:1081B0006C302AF4806303930223FFF789B9A04B44
:1081C0001493DDE71AEE101A22AA484602F05CFE6C
:1081D00000287FF4C8A9249C0DF194080BE41AEE42
:1081E000900A402101F062FF20602061002800F029
:1081F000848540236361FFF752B8102E239B40F320
:10820000698590480A90424621461AEE108A102746
:10821000044604E00832103E102E40F32F82013352
:108220001031072BC2E90047CDE92331F2DD22AA44
:108230004146484602F028FE00287FF494A9DDE973
:10824000233125AAE7E7284604960994F8F778FB36
:1082500020EAE0719DF86B300790039108960C9628
:108260000F960D96FFF71BB90E9BCDF828B0DDF8E1
:108270003CB0079E159FCDF81CA0EB180493424616
:10828000DDF860A00C9B0B951AEE108AA446BBF19A
:10829000000F30D093BB013F0BF1FF3B179BC2E9AE
:1082A000003A239B0133D444072BCDF890C023938D
:1082B00062DC0832049B38789B1B8342A8BF0346CC
:1082C000002B1C460CDD239801309C440728C2E992
:1082D0000063CDF890C0239000F3198138780832FC
:1082E000002CACBF051B0546002D0BDC06440C9B87
:1082F000BBF1000FCED1002B00F033820C9B013B71
:108300000C93CBE7102D23981FDD1024634604E067
:10831000103D102D02F1080216DD013049491033DD
:108320000728C2E90014CDE92303F1DD22AA414662
:10833000484602F0A9FD00287FF415A9103D102D34
:10834000DDE9230325AAE8DC9C4601303D4B55605E
:10835000AC440728CDE9230C136000F34082387841
:1083600008320644C3E71AF0100300F0A480099B0A
:1083700053F8044B09930FE722AA4146484602F0FE
:1083800083FD00287FF4EFA8DDF890C025AA91E7CF
:10839000039B079703F48063002209EE109ACDF83F
:1083A0002080DDF854900DF59C7A174698460CE035
:1083B0000023204631460A22F7F722FF0A2C76F1E5
:1083C00000031CD304460E46AA4620460A22002378
:1083D0003146F7F715FF30320AF1FF3501370AF859
:1083E000012CB8F1000FE3D099F800309F42DFD1A3
:1083F000FF2FDDD00A2C76F1000380F050814EABC8
:108400005B1BCDF854900E9719EE109ADDE90778B2
:10841000DDF80CA00793FFF734B81AEE101A22AA61
:10842000484602F031FD00287FF49DA89DF86B308E
:10843000249C0DF19408FFF7D0B800BFE8D60008DF
:10844000FCD600082CD7000867666666239BC049E7
:10845000C8F80010013301340121072B2494239321
:10846000C8F8041000F32F8108F10808002A40F032
:108470008A800E9A0AF0010313433FF4F1A8129B7D
:10848000139A1C44C8E90023239B24940133072B2F
:10849000239300F33F8108F108080E9AC8F80050B2
:1084A00001331444072BCDE92334C8F804207FF7A7
:1084B000D5A8FFF791BB1AF0400200F0B980099AE5
:1084C00052F8044B09921E46A4B265E6CDF80CA002
:1084D000FEF7C9BF1AEE101A22AA484602F0D4FCD1
:1084E00000287FF440A8249C0DF19408FFF770BA8F
:1084F000144601330A9AC8F800202C44072BC8F808
:108500000450CDE923347FF7A9A8FFF765BB22AA61
:108510004146484602F0B8FC00287FF424A8387889
:10852000DDF890C025AADBE61AEE101A22AA48460A
:1085300002F0AAFC00287FF416A8249C0DF19408F0
:10854000FFF775B8012BCDF80CA07FF4F1A9FEF769
:108550008FBF099B059953F8042B5D461160099361
:10856000FFF79DB8049A0895062A294628BF0622D7
:1085700004952B460392774D099407920C910F9125
:108580000D91FEF78CBF129B13991C44C8E9001390
:10859000239B24940133072B239300F3BB8008F122
:1085A0000808002ABFF679AF5642103280F2AE8337
:1085B00069480A902146424610271AEE108A04465E
:1085C00004E00832103E102E40F3AF820133103128
:1085D000072BC2E90047CDE92331F2DD22AA41464B
:1085E000484602F051FC00287EF4BDAFDDE923319E
:1085F00025AAE7E7DDF810A01C4601360A9BC8F85B
:1086000000302C44072ECDE92364C8F804507FF7CE
:10861000D4AA2CE4099B1AF4007614BF53F8044B37
:1086200053F8044B09931CBF1646E4B2FEF74CBF47
:10863000099B1AF4007614BF53F8044B53F8044B0B
:1086400009931CBF1646E4B2A6E5039B13F400761B
:10865000099B14BF53F8044B53F8044B09931CBFF8
:108660001646E4B20123FEF733BF3B4A0A92FFF7F6
:108670005EBA2D238DF86B30FFF758B890460C4644
:1086800001330A9AC8F800203444072BCDE923347B
:10869000C8F804604DDC08F10808FFF75BBB189BC5
:1086A0001799ED1A1A46284602F0BCFB99F80130DA
:1086B0000BB109F10109204631460A2200230027A7
:1086C000F7F79EFD7EE61AEE101A22AA484602F03F
:1086D000DBFB00287EF447AF1C9A249C0DF1940824
:1086E000C4E60E9A0799AE18761AD51AAE42A8BFFC
:1086F0002E46FFF764BB44F3C016334664B2FEF760
:10870000A4BE099B059953F8042B099311805D467B
:10871000FEF7C5BF1AEE101A22AA484602F0B4FBB3
:1087200000287EF420AFDDE923341C9A0DF1940873
:1087300037E71AEE101A22AA484602F0A5FB0028D5
:108740007EF411AF249C0DF19408FFF703BB00BF2A
:1087500018D7000810D700082CD700080623049368
:108760004FE40B9D0E9BDDF81CA0DDF828B015979B
:10877000EB189E429046324628BF1A46644607923E
:10878000FFF7EFBA1C9B0D93DA1C02DB049A9342AD
:1087900004DD023F27F0200303936EE4DDE90D3290
:1087A0009342C0F29980F00740F1DB81129A1344A2
:1087B0000793710503D50D9B002B00F3FF81079BE9
:1087C00023EAE3730393672700230C930F93B6E424
:1087D0002D2300228DF86B300492FEF763BE22AA8F
:1087E0004146484602F050FB00287EF4BCAE387883
:1087F000DDF890C025AA064479E51AEE101A22AADF
:10880000484602F041FB00287EF4ADAE249C0DF1F9
:108810009408FFF798BA20AB01931DAB0093049A1C
:10882000B0EE480AF0EE680A1CAB0321484600F09F
:1088300027FB0378302B054600F003821C9B049A2B
:1088400056461344DDF81CA0EC1851EC180B00221E
:108850000023F8F759FD08B1234602E4209BA34208
:10886000BFF4FFAB30215A1C20921970209B9C4210
:10887000F9D8FFF7F6BB1AEE101A22AA484602F002
:1088800003FB00287EF46FAE1C9B249C0DF1940822
:10889000FFF77DBA1C9A0D92002A40F3FF810499DC
:1088A00006F001030B4340F0B1810D9B079366274F
:1088B000730500F18481079B23EAE373039383E745
:1088C000049B0393079309949DF86B3004900C90DC
:1088D0000F900D90FEF7E3BD0E9B129A9A180D9B18
:1088E0000792002B40F3BB816727E1E70023049345
:1088F000FEF70FBD1AEE101A22AA484602F0C4FA7B
:1089000000287EF430AE1C9D0E9B249C5D1B0DF157
:108910009408FFF754BA30238DF86C3058238DF843
:108920006D30049B632B4AF0020400F3A780002300
:10893000089335ADDDE910124AF481730793002ADC
:1089400027F02003A2460393C0F28A80002342EC62
:10895000181B0A93612F00F01581412F7FF45FAB44
:10896000B0EE480AF0EE680A1CA802F013FA0022E2
:108970004FF07F5351EC100BF8F75EFA02460B46AE
:1089800043EC192B00220023F8F7BEFC08B10123A9
:108990001C93B74B0B93049B1995CDE90CB7CDE90C
:1089A0000EA80CEE109ADDF82CB059EC198B5E1E57
:1089B0002C4605E000220023013EF8F7A5FCE0B9B3
:1089C000AC4B002240464946F8F736FA89468046C5
:1089D000F8F7E2FC0546F8F7C5F90B4602464946AA
:1089E0004046F8F771F81BF80530A24604F8013B41
:1089F000731C374680468946DCD149EC198B9E4B67
:108A0000DDF830B0DDF83C80CDF830A051EC190B2A
:108A100000223E46DDF838A00D9F0D951CEE109A01
:108A2000199DF8F799FC98BB51EC190B924B002259
:108A3000F8F76AFC10B10D9BD90729D4002E3346F4
:108A400006DB01332344302204F8012BA342FBD17F
:108A5000631B56460E93DDF81CA0FFF704BB08937A
:108A6000DDE9103408EE103A04F1004308EE903AC4
:108A70002D230A936EE7049BEC18E6E6591C484642
:108A800001F014FB0546002800F04381089051E7EF
:108A90000C9B20930B9B14F8012CD97B8A42234614
:108AA00009D1302003F8010C209B5A1E209213F8A4
:108AB000012C9142F6D0392A0BBF0B9A0132927ADF
:108AC000D2B203F8012CC3E7049BB0EE480AF0EEE3
:108AD000680A5C1C20AB01931DAB009322461CABC3
:108AE0000221484600F0CCF9054656462C44DDF8F4
:108AF0001CA0AAE630238DF86C3078230FE75F4A7C
:108B00000A92FEF7D6BF049B002B08BF01230493F3
:108B1000119B4AF48072002B0792C0F2D9809DED20
:108B2000108B08900A90FFF781BA0C4690460133EB
:108B30000A9AC8F800203444072BCDE92334C8F83A
:108B400004607FF7A8AC1AEE101A22AA484602F079
:108B50009BF900287EF407ADDDE923340DF194087C
:108B60009BE40D9B079324E6119B454D454A002B42
:108B7000B6BF2D239DF86B308DF86B302AF0800A3C
:108B8000FEF7D8BD1CA8B0EE480AF0EE680A02F065
:108B900001F900224FF07F5351EC100BF8F74CF91C
:108BA00002460B4643EC192B00220023F8F7ACFBDE
:108BB00008B101231C93344B0B93ECE667271599FE
:108BC0000B78FF2B00F0B08000240D9A204603E0C4
:108BD00001300131FF2B08D0934206DAD21A4B78CC
:108BE000002BF5D10B780134F4E715910D920F901D
:108BF0000C940C9A0F9B18991344079A01FB0323BA
:108C0000079323EAE3730393FFF799BA129BD318F0
:108C10001944079166274BE6002956D130228DF87A
:108C20007A200DF17B02303302F8013B1EABD31AE0
:108C30001693FFF76DBA07F10F02D2B20121FFF7C9
:108C400025BA51EC180B00220023F8F75DFB002831
:108C50007FF4F4AD049BC3F101031C93EFE5C3F172
:108C600001031A4422EAE273079203936727ABE5F4
:108C7000FCD60008000030400000E03F2CD7000880
:108C8000E0D60008E4D60008E8D60008F4077FF52F
:108C90004AAAFFF744BA264A0A922AE4049A06F03E
:108CA000010656EA020304D10123039366270793C2
:108CB0008AE5129B01331A4422EAE2730792039376
:108CC000662781E51A4B0A9397E40DF17A02AAE729
:108CD0000890C5E6164A0A92D2E4099B9BF80170F7
:108CE000934653F8042B099342EAE2720492FEF78A
:108CF0000EBB02231693FFF70BBA1AEE902A0C2331
:108D000013604FF0FF330593FEF73EBC084A0A920A
:108D10000DE71AEE101A8B8943F0400213468A8140
:108D2000FEF72BBC049CE0E600230C930F9360E756
:108D30002CD70008024B13B1024800F005B8704769
:108D400000000000BD9D0008002301461A46184699
:108D500002F016B92DE9F04F03690C69A34283B004
:108D6000C0F28780013C01F11405A30000F1140852
:108D7000009355F8243058F82420013381469A4254
:108D800008EB840005EB84070190B2FBF3F63BD3BC
:108D90000023AE4640469B465EF804AB02681FFACD
:108DA0008AFC06FB0C334FEA134C4FEA1A4A06FBC7
:108DB0000ACA1FFA83FCABEB0C0C1FFA8AF31CFAED
:108DC00082FCC3EB124202EB2C421FFA8CFC4CEAF1
:108DD0000243774540F8043B4FEA224B4FEA1A43DF
:108DE000DAD2009B58F8033073B9019B043B9845D5
:108DF00004D307E0984504F1FF3403D253F8042963
:108E0000002AF7D0C9F81040484601F093FE002828
:108E10002BDB01364046002355F8041BD0F800C078
:108E20008AB29A1A0B0C12FA8CF2C3EB1C4303EBB6
:108E3000224392B242EA0342AF4240F8042B4FEA87
:108E40002343E9D258F8242008EB84036AB9043B91
:108E5000984504D307E0984504F1FF3403D253F852
:108E60000429002AF7D0C9F81040304603B0BDE805
:108E7000F08F002003B0BDE8F08F00BF00000000BD
:108E80002DE9F04F2DED068B95B08DED020B019184
:108E9000016C249D099259EC108B0446069341B154
:108EA000426C4A60012393408B6001F0E1FB002398
:108EB0002364B9F1000AB4BF012300232B607C4B6B
:108EC000BCBF2AF0004ACDF80CA033EA0A0300F038
:108ED000B2809DED027B002251EC170BB0EE479A59
:108EE000F0EE679A0023F8F70FFA074680B1069A6A
:108EF00001231360259B002B00F0DB826D48186076
:108F0000431E0093009815B0BDEC068BBDE8F08FB2
:108F100012AA13A92046B0EE490AF0EE690A01F040
:108F2000D1FEB0EE498AF0EE698A5FEA1A5605462C
:108F300040F09980DDE912763E4406F23240202866
:108F400040F3AB83C0F140000AFA00FA06F2124087
:108F500028FA00F04AEA0000F7F7F4FE0123013E88
:108F60000D93A1F1F871544B0022F7F7ADFD4AA320
:108F7000D3E90023F7F760FF49A3D3E90023F7F70C
:108F8000A5FD804630468946F7F7ECFE46A3D3E9B7
:108F90000023F7F751FF02460B4640464946F7F7D4
:108FA00095FD80468946F8F7F7F9002283460023AD
:108FB00040464946F8F7B2F9002840F06D82BBF10F
:108FC000160F00F25C823D4B03EBCB03D3E9002389
:108FD00051EC190BF8F7A2F9002875D00023BE1B3D
:108FE0000C93731E0BF1FF3B049300F14F8200239F
:108FF0000893BBF1000F6EDA089BCDF814B0A3EB19
:109000000B030893CBF100030B93019B092B4FF04B
:10901000000B69D8052B40F33E83043B01930026E7
:10902000019B023B032B00F29986DFE813F04E040C
:109030004B0443042604069A42F20F73CAF3130A40
:1090400013605AEA08031DD1259B002B00F07D8692
:109050001B4B00930833259A0098136015B0BDECA4
:10906000068BBDE8F08F18EE903AC3F3130351EC72
:10907000190B43F07F510D97A6F2FF36129F41F472
:10908000401170E7259B002B40F0DB830D4B0093D4
:1090900038E700BFAFF3008061436F63A787D23F1B
:1090A000B3C8608B288AC63FFB799F501344D33FD7
:1090B0000000F07F19D700080000F83F88D80008AA
:1090C00040D700083CD70008BE1B731E049300F174
:1090D0009A840C900890049B5B44CDE9043B0023E8
:1090E0000B93019B092B95D9002301264FF0FF32EA
:1090F00001930A9607920993079B0F9300216164DD
:10910000204601F08FFA0090002800F02F86009B87
:109110002364079B0E2B00F2F980002E00F0F680EE
:109120000599002940F37184BD4B01F00F0203EB58
:10913000C2034FEA2118C905D3E9006740F103844F
:10914000B84B51EC190BD3E90823F7F79FFF41EC1B
:10915000180B08F00F084FF0030AB8F1000F13D0F6
:10916000DFF8C09218F0010F09D030463946D9E92E
:109170000023F7F761FE0AF1010A06460F465FEA8F
:10918000680809F10809EDD151EC180B32463B464D
:10919000F7F77CFF41EC1A0B0C9B5BB157EC1A6B99
:1091A000A14B1AEE100A00223946F8F7B7F800284A
:1091B00040F052855046F7F7D5FD53EC1A2BF7F7E0
:1091C0003BFE9A4B0022F7F781FC079B8046A1F1FA
:1091D0005079002B00F0F383059B1093079B0E93AF
:1091E0000A9B002B00F0C0840E9A8D4B9049DDF84D
:1091F00000A003EBC20353E902230020F7F746FF68
:1092000042464B46F7F760FC59EC1A8B41EC180BC1
:1092100049461AEE100AF8F7BFF80746F7F7A2FD1D
:1092200002460B461AEE100A4946F7F74DFC303756
:109230000AF8017B53EC182B06460F46F8F76EF838
:10924000002840F055854FF000080AEE105ACDF87E
:1092500044B055465BEC18AB08EE104A44462AE091
:109260000E9B01349C424BDA724B50465946002209
:10927000F7F7E2FD6F4B002282468B4630463946B7
:10928000F7F7DAFD89468046F8F786F80746F7F7DC
:1092900069FD02460B4640464946F7F715FC303754
:1092A00005F8017B52465B4606460F46F8F736F84E
:1092B000002840F0188532463B465B490020F7F70E
:1092C00003FC52465B46F8F729F80028C8D0109BEB
:1092D000009A0593AA4618EE104A1AEE105A02E0B8
:1092E000924500F0EA84D1461AF8013D392BF7D0B7
:1092F0000133DBB28AF80030059B01330593ABE103
:10930000DDF844B01AEE105A18EE104A139B002BE9
:10931000C0F29480059A0E2A00F39080404B03EB34
:10932000C203D3E90089099B002B1BDA079B002BA2
:1093300018DC40F05D83404B002240464946F7F779
:109340007BFD02460B4651EC190BF7F7F1FFDDF8F8
:109350001CA05646002800F0D082099BDDF8008052
:10936000DF43D2E242464B4651EC190BF7F78EFE33
:10937000F8F712F806468346F7F7F4FC42464B46E8
:10938000F7F75AFD0B46024651EC190BF7F79CFB19
:10939000DDF800A0334630330AF8013B079B012B70
:1093A00000F08E834FF0010B08EE105A08EE904A41
:1093B0001D465446DA461DE042464B463046394685
:1093C000F7F764FEF7F7E8FF8346F7F7CBFC424672
:1093D0004B46F7F731FD0AF1010A0B4602463946C2
:1093E0003046F7F771FB0BF13003AA4504F8013B57
:1093F00000F061830F4B0022F7F71EFD00220023CF
:1094000006460F46F7F780FF0028D5D0A24618EE93
:10941000105A18EE904A059B01330593D1461BE183
:1094200088D8000860D800080000F03F00001C4009
:109430000000E03F00002440000014400A9A002A87
:109440003FD0019A012A40F39C82079B03F1FF3829
:109450000B9B4345C0F26E82A3EB0808079B002BD1
:10946000C0F26683049A1A440492089A17461A4472
:1094700008920121204601F0A9F9064625E00123C2
:10948000BE1B0C93731E04937FF5B1ADC6F10103AF
:10949000089300230493ACE55846F7F763FC424673
:1094A0004B46F7F731FF00287FF489AD0BF1FF3B06
:1094B00085E5874B0093009815B0BDEC068BBDE8A1
:1094C000F08FDDF82C80089F0A9E002F0CDD049A97
:1094D000002A09DD0899BA421346A8BF3B46C91ABB
:1094E000FF1AD31A089104930B9BDBB10A9B002B44
:1094F00000F08282B8F1000F0FDD3146424620466F
:1095000001F040FA2A4601460646204601F08CF951
:1095100029460546204601F0ABF80B9BB3EB080249
:1095200040F000830121204601F050F9BBF1000F0B
:10953000824600F3B780019B012B40F386814FF0F8
:1095400000080120BBF1000F40F0B880049A1044DD
:1095500010F01F0000F09680C0F12003042B40F3B0
:10956000F883089BC0F11C0003440244089307449D
:109570000492089B002B05DD29461A46204601F07F
:1095800061FA0546049B002B05DD51461A4620462C
:1095900001F058FA82460C9B002B40F03781079B64
:1095A000002B40F31E810A9B002B40F0A180059BFD
:1095B00001330593DDF80080DDF81C90012707E0FA
:1095C000294600230A22204601F05CF801370546AF
:1095D00051462846FFF7BEFB4F4500F1300008F822
:1095E000010BEDDB079A002AC8BF9346009AD8BF4B
:1095F0004FF0010B034693440027294601222046E1
:10960000019301F01FFA5146054601F093FA002834
:1096100040F3A5811BF8013C009A0BF1FF3B04E0ED
:109620005A4500F0A7811BF8013D392B0BF10109C8
:10963000F6D001338BF800305146204601F018F87F
:1096400056B12FB1B74203D03946204601F010F889
:109650003146204601F00CF82946204601F008F872
:10966000002389F80030DDE905231A60259B002BD3
:109670003FF448AC0098C3F8009015B0BDEC068BE1
:10968000BDE8F08F1C20089B03440893049B03440F
:10969000074404936DE70126C2E4C0F1200008FAF4
:1096A00000F059E401465A46204601F06BF9019B4F
:1096B000012B824640F3D5814FF00008DAF81030D4
:1096C0000AEB8303186901F031F8C0F120003DE78F
:1096D00018D70008314600230A22204600F0D2FFA6
:1096E0000F9B002B064640F32383CDF8149007937D
:1096F000002F00F31881B8F1000F40F0FC81B04654
:10970000029B009F079903F001027B1E1944019BF5
:109710000A9213430891099351462846FFF71AFB12
:1097200031468346284601F005FA424651468146B5
:10973000204601F021FAC26801460BF13003002AED
:1097400042D104902846079301F0F4F9049902905D
:10975000204600F08DFF029A079B1AB9099900294B
:1097600000F0D682B9F1000FC0F28781019949EA71
:1097700001090A9951EA090100F07F81002A00F3EA
:10978000E781089A3B7007F101099742CB4600F048
:10979000E581294600230A22204600F073FF464552
:1097A000054631464FF000034FF00A02204612D022
:1097B00000F068FF4146064600230A22204600F0DA
:1097C00061FF4F468046A7E72046029300F050FF16
:1097D000029B0122C6E700F055FF4F460646804631
:1097E0009AE7019B022B77DC0A9B002B80D1059B1B
:1097F0005146013328460593FFF7ACFADDF800B077
:1098000000F130030BF8013B0027F6E651462846ED
:1098100001F090F90028BFF6C2AE294600230A22C3
:10982000204600F02FFF059B03F1FF390A9B0546F8
:10983000002B7FF44FAF0F9B002B40F370820793F8
:10984000B8E6BD4B0093033305E4DDE902120029BD
:109850007FF475AEC2F31303002B7FF470AEB74BE9
:109860001340002B00F03D82089B01330893049BBA
:10987000013304934FF0010863E601230A93099B27
:10988000059A13440F930133012B1F460793B8BF6A
:1098900001270021172F61647FF732AC01220423D6
:1098A0005B0003F11400B842114602F10102F7D93E
:1098B000616425E401230A93099F002F4ADD0F9775
:1098C0000797E6E700230A93D9E700230A93F3E713
:1098D0000F9BCDF814900793079B002B7FF43DADB1
:1098E00051460522204600F0CDFE0146824628461C
:1098F00001F020F900287FF730AD0098059F312353
:10990000804600F8013B013700905146204600F0A8
:10991000AFFE7B1CDDF800900593CDF80080002E93
:109920007FF496AE98E631463A46204601F08AF832
:109930000646E0E60B9BCDF82C80A8EB03039B4486
:109940004FF000088AE54FF0020AB0EE498AF0EEC7
:10995000698A02E4012309930793FFF7CDBB03D182
:10996000019BDB073FF556AED9461BF8013D302B76
:10997000FAD061E6059B009A0133059331231370F9
:109980005AE60D9A002A00F0638103F23343049AE9
:10999000DDF82C801A440492089A17461A4408925B
:1099A00067E55046F7F7DEF953EC1A2BF7F744FA60
:1099B000634B0022F7F78AF88046A1F15079614B9A
:1099C000002251EC1A0BF7F77FF842464B46064649
:1099D0000F46F7F7C1FC002840F07F81304639463A
:1099E000424609F10043F7F799FC00283FF48EAC9A
:1099F0004FF0000A5646B0E429460B9A204600F084
:109A0000C1FF05468EE50C9040E500F04E81059AB9
:109A10004D4B564206F00F0203EBC203D3E900237D
:109A200051EC190BF7F708FA361141EC1A0B00F05C
:109A30008881464F00234FF0020AF20706D5D7E986
:109A40000023F7F7F9F90AF1010A0123761007F16B
:109A50000807F2D1002B3FF49FAB41EC1A0BFFF744
:109A60009BBB029B002B7FF427AEDDE90212C2F301
:109A70001303002B3FF4F3AE1EE6002A12DD294645
:109A800001222046019300F0DDFF5146054601F01A
:109A900051F80028019B40F33581392B00F01381E8
:109AA0000BF13103B94609F8013B059B01333746F9
:109AB00005934646C0E5A24618EE105A18EE904AA5
:109AC00002460B46F7F702F842464B4606460F465B
:109AD000F7F742FC60B942464B4630463946F7F745
:109AE00013FC00283FF497AC5FEACB717FF593AC91
:109AF000009AFFF7F8BB7168204600F093FD074617
:109B0000002800F03A81336902339A0006F10C0113
:109B10000C30F6F7F7FC39460122204600F092FFA0
:109B20008046EDE52946204600F02CFF0546F9E485
:109B3000DDE907239F1A9CE43CD700080000F07F72
:109B400000001C400000144088D8000860D80008BD
:109B5000392B00F0B880B9460133A4E7059A0132E9
:109B600037460592464648E50E988D4901EBC001FF
:109B700042464B4651E90201F7F75EF95AEC1A9B4F
:109B800041EC180B51461AEE100AF7F705FC074690
:109B9000F7F7E8F802460B461AEE100A5146F6F7B8
:109BA00093FF06460E98DDF800803037012808F84C
:109BB000017B0F4600F0BA800E9B009ACDF838B0BA
:109BC00013449B46C246774B002230463946F7F78E
:109BD00033F989468046F7F7DFFB0746F7F7C2F807
:109BE000303702460B4640464946F6F76DFF0AF805
:109BF000017BDA4506460F46E5D1DA46DDF838B096
:109C0000694B59EC188B002218EE100A4946F6F7FA
:109C10005DFF32463B46F7F781FB00286DD118EE19
:109C2000102A4B4660490020F6F74EFF32463B466D
:109C3000F7F792FB00283FF469ABD1460AF1FF3AEF
:109C400019F8013C302BF8D0109B0133059303E544
:109C5000129BC3F136039AE6079B002B3FF4A1AE9B
:109C60000F9B002B7FF752AB059A0E93013A4D4B99
:109C700010921AEE100A39460022F7F7DDF8024674
:109C800016460F460AF10100F7F76CF832463B46DC
:109C9000F7F7D2F8454B0022F6F718FF47EC1A6B9E
:109CA0008046A1F15079FFF79BBA4FF0020AB0EE5F
:109CB00049AAF0EE69AAFFF76FBA059B0133059335
:109CC0003123FFF717BB059BBB46013305933923AF
:109CD00037460BF8013B46469EE44FF0000A5646D5
:109CE0000BE698462DE4AA4618EE104A1AEE105AD2
:109CF000109B01330593D146AEE4109B009A059367
:109D0000FFF7F1BA7FF4CEAEDA077FF5CBAEC4E64B
:109D1000392BD8D0B9F1000F3FF7C2AEC2E6019B94
:109D2000022B3FF7D5ADCDF8149060E5C24667E74A
:109D3000019B022B3FF7CCAD0F9BCDF814900793FE
:109D4000D6E44FF0020AFFF727BA194B0093FFF74A
:109D5000D9B83FF40EACC0F13C0094E40026666430
:109D60003146204600F05EFC009068B9114B124865
:109D700000224FF4D57101F049F90E4B0E483A46D6
:109D800040F2EA2101F042F9009B236401224FF0E6
:109D9000FF3309960F930A920793FFF7B7BA00BFF4
:109DA00088D80008000024400000E03F00001C406C
:109DB00040D700084CD7000860D7000838B5084BDA
:109DC000084D5B1B9C1007D0043B1D44013C55F81B
:109DD00004399847002CF9D1BDE8384003F0E0B9C8
:109DE000E0D90008DCD90008F8B5244F0C46064637
:109DF00000F00CFCBA685568C4F57E630F3325F09B
:109E000003052B4423F47F6323F00F03A3F5805451
:109E1000B4F5805F07DB0021304600F0F1FFBB683E
:109E20002B44984204D0304600F0F6FB0020F8BDE9
:109E30006142304600F0E4FF01300DD0104ABB68AB
:109E40002D1B45F001055D60136830461B1B136038
:109E500000F0E2FB0120F8BD0021304600F0D0FF09
:109E6000BA68831A0F2BDEDD43F001035360054B04
:109E700003491B68C01A0860D5E700BFAC0D00207D
:109E800014890020B4110020002961D0F8B50C46D7
:109E9000064600F0BBFB54F8042C7B4FA4F10805E8
:109EA00022F0010105EB010CB868DCF804306045D4
:109EB00023F0030300F08B80D207CCF8043032D4B7
:109EC00054F8082CAD1A1144AA6807F10800824220
:109ED0006AD00CEB0304D4F804E0EC68D4601EF004
:109EE000010FA26000F0978041F001036B60CCF895
:109EF0000010B1F5007F35D27A68CB0848090121FE
:109F0000013381401143796007EBC30257F83310E6
:109F1000083AC5E9021247F83350CD603046BDE833
:109F2000F84000F079BB0CEB03025268D00710D464
:109F3000194407F10800DCF80830834273D0DCF8DC
:109F40000C20DA60936041F001036B606950D0E748
:109F5000704741F00103B1F5007F44F8043CCCF8B0
:109F60000010C9D3B1F5206F4FEA512348D28B09B5
:109F700003F1390003F13802C300F818FB58083820
:109F8000984259D05A6822F003028A4202D99B684B
:109F90009842F7D1D868C5E902308560DD60304667
:109FA000BDE8F84000F038BB0CEB03025268D20762
:109FB00063D40B44DCE90212CA60916043F00102F1
:109FC0006A603046EB50BDE8F84000F025BB0B441A
:109FD000D10707D454F8082CAD1A1344D5E902125E
:109FE000CA60916043F001026A60284ABD6012684D
:109FF0009A4293D8264B30461968FFF7F5FE8DE755
:10A00000142B0AD9542B1FD80B0B03F16F0003F14B
:10A010006E02C300B1E719448DE703F15C0003F160
:10A020005B02C300A9E741F00103C7E90455C5E994
:10A0300002006B60695071E779689210012404FA9C
:10A0400002F20A437A60A6E7B3F5AA7F06D8CB0BE3
:10A0500003F1780003F17702C3008EE740F2545217
:10A06000934206D88B0C03F17D0003F17C02C30000
:10A0700083E74FF47E737E227FE741F001036B603C
:10A08000CCF800104AE700BFAC0D0020B81100204A
:10A090004489002000487047AC120020704700BF80
:10A0A000704700BF704700BF704700BF2DE9F04FF9
:10A0B00001F10B06162E83B0044624D8102900F2B5
:10A0C000BA8000F0A3FA102618220220B54F3A44B5
:10A0D000A2F1080153688B4200F0BA805A68D9682F
:10A0E00022F003021A449D68E9608D60516841F0D6
:10A0F00001012046516003F1080500F08DFA284661
:10A1000003B0BDE8F08F36F0070600F19480B1424D
:10A1100000F2918000F07AFAB6F5FC7FC0F09A81E7
:10A12000730A00F08F80042B00F26F81B30903F1F2
:10A13000390003F1380CC3009A4F3B44A3F10805E2
:10A140005B689D4206D10CE0002980F22781DB6824
:10A150009D4206D05A6822F00302911B0F29F3DDBD
:10A1600060463D69DFF850C265457CD06A6822F0E0
:10A170000302931B0F2B00F37B81002BC7E904CC58
:10A1800080F26C81B2F5007F80F01A81D308796883
:10A1900001334FEA521E012202FA0EF20A4357F827
:10A1A00033E0C5F808E007EBC3010839E9607A60DD
:10A1B00047F83350CEF80C5083100121994091425A
:10A1C00057D8114206D120F003004900114200F196
:10A1D0000400FAD007EBC0094D468646D5F80C803E
:10A1E000454508D11DE1002B80F22481D8F80C8070
:10A1F000454500F01681D8F8042022F00302931B95
:10A200000F2BF0DD2046D8E9025408EB060146F09A
:10A210000106C8F80460EC60A56043F00104C7E9DA
:10A220000411C1E902CC4C6048F8023000F0F4F9A6
:10A2300008F1080502E00C2323600025284603B03E
:10A24000BDE8F08F4FF4007340204FF03F0C73E7F0
:10A25000D3689A4208BF02307FF440AF3D69DFF80F
:10A2600058C1654582D17A68831001219940914295
:10A27000A7D9BD686B6823F003094E4503D8A9EB45
:10A2800006030F2B7ADCDFF834B1474BDBF80020F4
:10A290001B680132334405EB090A00F0338103F5F2
:10A2A00080530F3323F47F6828F00F08414620467F
:10A2B00000F0A6FD411C024600F0F380824500F24A
:10A2C000EE803A4B196841441960084600F04E810F
:10A2D000DBF80010019301311BBFA2EB0A0A5044C6
:10A2E000CBF80020186012F0070B00F01781CBF1BB
:10A2F00008010A44CBF5805190440831A1EB0801D4
:10A30000C1F30B0A51462046009200F079FD421C31
:10A31000DDE9002300F04F81801A00EB0A0819687C
:10A32000BA6048F001005144BD425060196000F02D
:10A330002981B9F10F0F40F227816868A9F10C0C4F
:10A340002CF0070C00F0010040EA0C0068604FF0B0
:10A35000050E05EB0C00BCF10F0FC0E901EE00F299
:10A36000328150681546124B1A688A4238BF19600C
:10A37000104B1A688A4238BF196094E0AA1943F05A
:10A38000010346F001066E602046BA60536000F09B
:10A3900043F90835284603B0BDE8F08FD9681A4460
:10A3A000A1E600BFAC0D00204489002014890020E4
:10A3B0003C89002040890020B40D0020B411002009
:10A3C000B2F5206F4FEA522363D3142B00F2B7800B
:10A3D00003F15C01C9005B3307EB010E7958AEF164
:10A3E000080E8E4500F091804B6823F003039342E2
:10A3F00002D989688E45F7D1D1F80CE07A68C5E9B1
:10A40000021ECEF80850CD60D6E6142B59D9542B35
:10A4100000F29D80330B03F16F0003F16E0CC3005B
:10A420008AE60EF1010E1EF0030F05F108057FF418
:10A43000D5AE51E0424445465368D8F80C1043F07D
:10A440000103536055F8083F2046D9608B6000F047
:10A45000E3F8F3E6F00806F1080237E62A4420465E
:10A46000536843F001035360083500F0D5F8E5E682
:10A47000A919204646F0010643F001046E60C7E9C1
:10A480000411C1E902CC4C60AB5000F0C5F80835AE
:10A49000D4E6930903F13901C90038339CE7BD4282
:10A4A0005FD0BD68686820F003084645A8EB060346
:10A4B00002D80F2B3FF762AF204600F0ADF8002521
:10A4C000BCE603F15C0003F15B0CC30034E659F811
:10A4D00008394B4540F0968010F0030F00F1FF3033
:10A4E000F5D17B6823EA01037B60490099423FF67E
:10A4F000C0AE19B9BDE649000EF1040E1942FAD0FA
:10A50000704667E603F11008D0E69A104FF0010894
:10A510007B6808FA02F21A437A6070E702EB0801DE
:10A520004942C1F30B0A51462046009200F068FCF4
:10A53000431CDDE900237FF4EFAEDA46EFE6542B4F
:10A5400025D8130B03F16F01C9006E3344E7B3F54F
:10A55000AA7F25D8F30B03F1780003F1770CC30031
:10A56000EAE5294B186840441860B1E6CAF30B0CC1
:10A57000BCF1000F7FF4ACAEBD68C84448F00100E8
:10A580006860F0E61546EEE60123536094E7B3F504
:10A59000AA7F23D8D30B03F17801C90077331BE7D7
:10A5A00040F25452934223D8B30C03F17D0003F1DF
:10A5B0007C0CC300C0E5ABF1080BD844A8EB020843
:10A5C0004FF0000AABE605F1080120460093FFF7C3
:10A5D0005BFCBD68009B68681968C4E640F2545192
:10A5E0008B420BD8930C03F17D01C9007C33F3E659
:10A5F0004FF47E737F204FF07E0C9DE54FF47E710B
:10A600007E23E9E67B6870E7148900200148FFF7A4
:10A6100049BD00BF088900200148FFF745BD00BFC4
:10A6200008890020C36C70B505460C464BB153F841
:10A63000240080B1026843F824200023C0E90333DA
:10A6400070BD2122042100F001FD0346E8640028CA
:10A65000EDD1002070BD012101FA04F6721D9200B7
:10A66000284600F0F3FC0028F3D0C0E90146E4E7F7
:10A6700031B1C36C4A6853F82200086043F82210D5
:10A68000704700BFF0B50C69064683B00D4601F176
:10A69000140E0020DEF800101FFA81FC02FB0C33C0
:10A6A0004FEA134C090C02FB01CC01309BB203EBC7
:10A6B0000C4384424EF8043B4FEA1C43EADC3BB1B6
:10A6C000AA68A24207DD05EB8402013453612C61C4
:10A6D000284603B0F0BD6968019301313046FFF7A9
:10A6E000A1FF019B0746B8B12A690193023205F127
:10A6F0000C0192000C30F5F705FFF26C6968019BC4
:10A7000052F82100286042F821503D4605EB8402B2
:10A71000013453612C61DBE7024B03483A46B52113
:10A7200000F074FC4CD70008E0D70008030C1B04B1
:10A73000D3B90004102310F07F4F04BF0002083388
:10A7400010F0704F04BF0001043310F0404F04BFFD
:10A7500080000233002805DB10F0804F03F1010375
:10A7600008BF2023184670470023E4E7036813F06E
:10A770000702014607D0DA071FD4980721D55B08E6
:10A780000B600120704798B2A0B11046DAB20AB946
:10A7900008301B0A1A0704BF1B0904309A0704BFBC
:10A7A0009B080230DA0703D45B0800F1010006D0F1
:10A7B0000B6070471B0C1020E8E70020704720203A
:10A7C00070479B080B600220704700BF38B5C36C10
:10A7D00004460D464BB15868B0B102685A60002279
:10A7E0000123C0E90435C26038BD2122042100F0F4
:10A7F0002DFC0346E0640028EDD1094B09480022F6
:10A800004FF4A07100F002FC1C220121204600F050
:10A810001DFC0028F1D001220223C0E90123DEE75C
:10A820004CD70008E0D700082DE9F04F0E691569F4
:10A83000AE4285B08846144605DB2A462346354697
:10A840000C4616469846A3686168AF19BB42B8BF6C
:10A850000131FFF7E7FE0190002800F08780019B9F
:10A8600003F1140909EB870AD14505D24B460022B2
:10A8700043F8042B9A45FBD808F1140808EB860B23
:10A8800004F11403D8451A4603EB85055FD22B1B50
:10A89000153B23F0030304331534A54238BF0423CA
:10A8A000CDE902A7AC461F46924605E0000C29D12F
:10A8B000C34509F1040948D958F8040B85B2002DA5
:10A8C000F4D056464C46002356F8040B216882B259
:10A8D0001FFA81FE05FB02EE000C0A0C734405FB17
:10A8E000002202EB13429BB243EA0243B44544F810
:10A8F000043B4FEA1243E7D849F8073058F8040CF4
:10A90000000CD5D0D9F80030544619464D460022E7
:10A910002688090C00FB06110A449BB243EA024355
:10A9200045F8043B54F8046B2968360C8BB200FBE5
:10A93000063303EB1243A4454FEA1342E8D8C3455C
:10A9400049F8073009F10409B6D8DDE902A7002F5C
:10A9500002DC05E0013F03D05AF8043D002BF9D09A
:10A96000019B18461F6105B0BDE8F08F034B0448FA
:10A97000019A40F25D1100F049FB00BF4CD700087E
:10A98000E0D7000812F003032DE9F0411446064613
:10A9900032D10D46A41020D0D6F84880B8F1000F6F
:10A9A00033D0E3074FF0000707D4641015D0D8F870
:10A9B0000000A8B18046E307F7D542462946304655
:10A9C000FFF732FFB5B16968F36C641053F82120CA
:10A9D0002A6043F821500546E9D12846BDE8F081B8
:10A9E000424641463046FFF71FFFC8F800000760A7
:10A9F0008046E0E70546D8E7013B0F4A52F823209E
:10AA00000023FFF73FFE0546C4E701213046FFF76C
:10AA100009FE804640B1012340F27122C0E90432B0
:10AA20000023B0640360BCE7044B054842464FF482
:10AA3000A07100F0EBFA00BF50D900084CD7000815
:10AA4000E0D700082DE9F0470C4690462669A36838
:10AA5000496806EB6216751C9D4207464FEA62196B
:10AA600004DD5B009D4201F10101FADC3846FFF78D
:10AA7000D9FD8446002851D0B9F1000F00F114002F
:10AA80000EDD09F105024FEA820E03460CEB82024D
:10AA9000002143F8041B9342FBD1AEF11403184488
:10AAA000216904F1140318F01F0803EB81012DD074
:10AAB000C8F1200986464FF0000A1A6802FA08F227
:10AAC00042EA0A024EF8042B53F8042B994222FA68
:10AAD00009FAF2D80B1B153B23F00303043304F1EE
:10AAE0001502914238BF0423BAF1000F18BF2E4659
:10AAF00040F803A0FB6C6268CCF8106053F8221099
:10AB00002160604643F82240BDE8F087043853F8DE
:10AB1000042B40F8042F9942F9D8EBE7034B044883
:10AB2000624640F2D91100F071FA00BF4CD700081C
:10AB3000E0D700080B6984460069C01A16D10CF1F1
:10AB4000140C14310CEB830210B401EB830301E00D
:10AB5000944508D252F8044D53F8041D8C42F7D0A6
:10AB600005D24FF0FF305DF8044B7047704701206D
:10AB70005DF8044B704700BF2DE9F84F0F6913696A
:10AB8000FF1A002F0E4690467AD101F114051432B7
:10AB900002EB830205EB830301E09D4273D253F87D
:10ABA000041D52F8044DA142F7D064D37168FFF739
:10ABB00039FD8146002872D03569D8F81020C76069
:10ABC00008F1140E06F1140009F1140A06F1100C34
:10ABD0000EEB820200EB8507564600215EF8044B1F
:10ABE0005CF804BFA3B211FA8BF1CB1A210CC1EBB4
:10ABF0001B4101EB23419BB243EA0143724546F8F6
:10AC0000043B4FEA2141E9D8A2EB0804153C08F1C6
:10AC10001508424524F0030606F1040638BF042651
:10AC2000304424F0030238BF002287425244B24429
:10AC300016D95646044654F8043B11FA83F10A1417
:10AC400002EB134289B241EA0243A74246F8043BB1
:10AC50004FEA2241EFD87A1E101A20F00302524424
:10AC600023B952F8043D013D002BFAD0C9F8105029
:10AC70004846BDE8F88F334601274646984695E793
:10AC8000F9DB002792E70021FFF7CCFC814668B191
:10AC900001220023C9E904234846BDE8F88F074B89
:10ACA00007484A464FF4107100F0B0F9034B0448CE
:10ACB0004A4640F2322100F0A9F900BF4CD7000803
:10ACC000E0D700082DE9F043884683B0012157EC16
:10ACD000106B1546FFF7A6FC044600284FD0C7F3BB
:10ACE0000A59C7F31303B9F1000F01D043F48013DD
:10ACF000002E019324D068460096FFF737FD002808
:10AD000039D0DDE90013C0F1200203FA02F20A4350
:10AD1000C34062610193002B14BF02220122A36190
:10AD20002261B9F1000F16D0A9F233430344C0F1F8
:10AD30003500C8F800302860204603B0BDE8F08335
:10AD400001A8FFF713FD019B6361012220302261FE
:10AD5000B9F1000FE8D104EB8203A0F23240C8F849
:10AD600000001869FFF7E2FCC0EB421028602046A3
:10AD700003B0BDE8F083009B6361019BCBE7034B0D
:10AD80000348224640F20A3100F040F94CD700084F
:10AD9000E0D7000853EC102B70B5164E23F000419D
:10ADA0000025B1420446056021DC10EE106A0E4316
:10ADB0001DD0114E1E40184666B91946002210EEED
:10ADC000100A0E4BF6F738F86FF0350502460846C4
:10ADD00021F0004120F0FF40091520F4E000A1F22D
:10ADE000FE3140F07F53294443F40013216043ECCB
:10ADF000102B70BDFFFFEF7F0000F07F000050437D
:10AE000038B5074D0022044608462A60F8F7E0FEF0
:10AE1000431C00D038BD2B68002BFBD0236038BD0D
:10AE20004889002030B540EA0104A30701D1032A74
:10AE30000FD8844601F1FF3E07E01EF8011F03F81A
:10AE4000011B541EC1B19C4622466346002AF4D120
:10AE500030BD0B468446194653F8045BA5F1013416
:10AE600024EA050414F0803FE4D1043A032A4CF8A4
:10AE7000045B1946EFD8DDE76244002CE8D003F804
:10AE8000011B9342FBD130BD2DE9F04F936883B095
:10AE90009146002B6ED017688D6880460C46086876
:10AEA000083744E0A38913F4906F2ED0D4E9041539
:10AEB000A0EB010A05EB450505EBD5750AEB06008D
:10AEC0006D100130A8422A4684BF05462A465B051C
:10AED00037D511464046FFF7E9F800283BD05246E7
:10AEE00021690190F5F70EFBA289019B22F4906283
:10AEF00042F08002A281A5EB0A0203EB0A00656121
:10AF0000A260236120603546B2465946524600F0A1
:10AF100009F9A068D9F808102368451B8E1B03EBBC
:10AF20000A00A5602060C9F808601EB3083757E919
:10AF300002B6002EFAD0B542AA46B3D93546B2467B
:10AF4000E3E7404600F06AF903460028D3D12169BF
:10AF50004046FEF799FF0C23C8F80030A389002271
:10AF600043F040034FF0FF30A381C9E9012203B051
:10AF7000BDE8F08F0020C9F8040003B0BDE8F08FF1
:10AF80002DE9F047DFF880A00646DAF80000984681
:10AF90000F469146FFF786F81A4B1B68D3F84841D5
:10AFA00024B365681F2D26DC5EB96B1C0235DAF808
:10AFB0000000636044F82570FFF776F80020BDE8D4
:10AFC000F08704EB85010123C1F88890D4F888212B
:10AFD000AB401A43022EC4F88821C1F80881E4D19D
:10AFE000D4F88C211343C4F88C31DEE703F5A67442
:10AFF000C3F84841D5E7DAF80000FFF755F84FF0FD
:10B00000FF30DCE7D4D60008A80D002000B50B4CBB
:10B0100025681446EE681A4685B003460D464CB1C5
:10B0200007490095CDE901143046064900F04AF879
:10B0300001F0D2FA04490C46F3E700BF780900207A
:10B040005CD900086CD90008B0D3000838B5A1FB62
:10B0500002148CBBFFF72AF80546E0B150F8042C27
:10B0600022F00302043A242A17D8132A1AD91B2AD9
:10B07000C0E900441DD9242A14BF00F1100200F1D8
:10B0800018024FF00003C0E9024404BF04614461A8
:10B09000C2E900339360284638BD2146FBF766FFBE
:10B0A000284638BD02460023C2E900339360284693
:10B0B00038BD00F10802F6E7FBF72EFF0C23002550
:10B0C0000360E8E70EB410B583B005AB064C53F847
:10B0D000042B01930146206800F0C8FA03B0BDE8D4
:10B0E000104003B0704700BF78090020014B93F86F
:10B0F00028017047BC11002082B049B15AB16BB130
:10B1000013780B601278101E18BF012002B0704730
:10B1100001A9002AF3D1104602B070476FF0010078
:10B12000F4E700BF88420DD98B1883420AD900EB9F
:10B13000020CBAB1624613F801CD02F801CD994272
:10B14000F9D170470F2A0ED8034602F1FF3C4AB1ED
:10B150000CF1010C013B8C4411F8012B03F8012F79
:10B160006145F9D1704740EA01039B0750D1A2F134
:10B17000100370B501F1200C23F00F0501F1100E42
:10B1800000F11004AC441B095EF8105C44F8105C3C
:10B190005EF80C5C44F80C5C5EF8085C44F8085CF3
:10B1A0005EF8045C44F8045C0EF1100EE64504F110
:10B1B0001004E9D1013312F00C0F01EB031102F07E
:10B1C0000F0400EB031327D0043C24F003064FEADE
:10B1D000940C1E441C1F8E465EF8045B44F8045F0A
:10B1E000B442F9D10CF1010402F0030203EB840331
:10B1F00001EB840102F1FF3C4AB10CF1010C013B6F
:10B200008C4411F8012B03F8012F6145F9D170BD71
:10B2100002F1FF3C03469BE72246EBE72DE9F84F9E
:10B220001746002900F0988007F10B0580460C4670
:10B23000FFF7ECF9162D5DD810252A46AF425ED8EF
:10B2400054F8041C21F003069642A4F1080962DABE
:10B25000BC4BD3F808C009EB0600844500F097808A
:10B26000D0F804C02CF0010303445B68DB0768D40A
:10B270002CF0030C06EB0C03934247DACB0710D4F7
:10B2800054F8083CA9EB030ADAF8043023F0030170
:10B290008C44B444944580F211817318934280F237
:10B2A000E88039464046FEF701FF0746E0B154F812
:10B2B000043C23F001034B44A0F10802934200F048
:10B2C000D280321F242A00F2F580132A00F2AC80CB
:10B2D00003462246116819605168596092689A6065
:10B2E00021464046FEF7D0FD4046FFF795F9384627
:10B2F000BDE8F88F25F00705002D2A469EDA0C23BD
:10B30000C8F8003000273846BDE8F88F1E46D0E95F
:10B310000223D3609A60731B0F2B22D8D9F8043014
:10B3200003F0010333434E44C9F80430736843F01B
:10B330000103736040462746FFF76EF93846BDE8C3
:10B34000F88FC907ADD454F8083CA9EB030ADAF822
:10B35000041021F00301A0E7BDE8F84F1146FEF705
:10B36000A5BED9F8041001F001012943C9F8041061
:10B3700009EB05014E4443F001034B60736843F051
:10B380000103083173604046FEF77EFDD2E7DCF82A
:10B39000040020F0030B06EB0B0C05F110008445B4
:10B3A0004DDAC9073FF57DAF54F8081CA9EB010A37
:10B3B000DAF8041021F003018B44B34458453FF7F9
:10B3C0006CAF5746DAF80C1057F8080F321F242AD2
:10B3D000C160886000F2DB80132A40F2D6802168C9
:10B3E000CAF808106168CAF80C101B2A00F2DF8046
:10B3F00008340AF110022168116061685160A16887
:10B4000091600AEB0501ABEB050242F00102996085
:10B410004A60DAF8043003F001031D434046CAF8DD
:10B420000450FFF7F9F86EE7236803606368436030
:10B430001B2A68D804F1080200F108034AE709EB67
:10B4400005029A60ACEB050343F00103536054F826
:10B45000043C03F001031D43404644F8045CFFF73D
:10B46000DBF827464FE750F8043C23F003031E4463
:10B4700051E75746DAF80C1057F8080F321F242A04
:10B48000C16088604CD8132A48D92168CAF80810CE
:10B490006168CAF80C101B2A56D808340AF1100249
:10B4A0001E462368136063685360A3689360D146A7
:10B4B0003C4630E72146FFF735FE11E7D0E902139D
:10B4C0005746CB60996057F8081FDAF80C30CB600C
:10B4D000321F242A99602DD8132A29D92368CAF843
:10B4E00008306368CAF80C301B2A42D808340AF1C5
:10B4F000100322681A6062685A60A2689A60664601
:10B50000D1463C4607E7A3688360E368C360242A0A
:10B5100026D004F1100200F11003DBE63A46BFE743
:10B52000214638461E46D146FFF7FCFD3C46F2E672
:10B530003B46DEE7214638466646D146FFF7F2FD38
:10B540003C46E8E6AC0D0020A168CAF81010E1689E
:10B55000CAF81410242A20D010340AF118029FE7E8
:10B56000236903616169416104F1180200F1180364
:10B57000B0E6A368CAF81030E368CAF81430242A89
:10B5800021D010340AF11803B3E73A4633E72146D5
:10B590003846FFF7C7FD164B33E72269CAF8182073
:10B5A0006269CAF81C2018340AF1200278E7A16801
:10B5B000CAF81010E168CAF81410242A0DD010340B
:10B5C0000AF1180217E72369CAF818306369CAF844
:10B5D0001C3018340AF120038BE72269CAF81820BE
:10B5E0006269CAF81C2018340AF1200203E700BF80
:10B5F000AC0D00202DE9F84F4B6E9C0490462DD5E4
:10B600009368126843B38B46064602F1080959E96C
:10B61000025A5FEA9A0715D0043D002401E0A742D0
:10B620000ED055F8041F5A46304601F08FF9431CDE
:10B6300004F10104F3D10023C8E90133BDE8F88F18
:10B64000D8F808302AF0030AA3EB0A03C8F8083038
:10B6500009F10809002BDAD10020ECE701F0AAF982
:10B660000023C8E90133BDE8F88F00BF2DE9F04F92
:10B670002DED028BBBB008EE101A08EE900A1C46A6
:10B680001746039318B1836B002B00F09C8218EED1
:10B69000102A536EDE0740F19E81B2F90C108AB277
:10B6A000900409D441F4005218EE101A4B6E8A81AE
:10B6B00023F4005392B24B66110740F1F88018EE64
:10B6C000103A1B69002B00F0F28002F01A030A2BDB
:10B6D00000F0FE8011AB0E930023CDE90F33CDE9CE
:10B6E000083306930DF14409079302933B78002B2E
:10B6F00000F05B813C4604E014F8013F002B00F0B1
:10B700003481252BF8D1E51B40F031812378002BC3
:10B7100000F04B814FF0000300258DF83330671C9B
:10B72000637801954FF0FF3B2B240137A3F12002F2
:10B730005A2A00F26181DFE812F0AB025F015F017B
:10B74000A7025F015F015F016A005F015F014902BB
:10B750007E025F015402B9025F01B5025B005B002B
:10B760005B005B005B005B005B005B005B005F01FC
:10B770005F015F015F015F015F015F015F015F01C9
:10B78000360284005F015F015F015F015F015F01BD
:10B790005F015F015F015F01E5005F015F015F0124
:10B7A0001A025F016C025F015F014C055F015F01DE
:10B7B0005F015F015F015F015F015F015F015F0189
:10B7C000360286005F015F015F0162028600800031
:10B7D0005F0158025F019402E700820280005F016E
:10B7E0001A027E006C055F015F016E055F017E003D
:10B7F000A3F13002002117F8013B01EB810102EBBC
:10B800004101A3F13002092AF5D901918EE718EE22
:10B81000900AFEF73FFC436808931846F5F790F846
:10B820000990064618EE900AFEF734FC83680793E9
:10B83000002E40F0A9843B7877E73B7845F020055F
:10B8400073E745F01005AC06039E40F18281073690
:10B8500026F007063246736852F8086B0392984642
:10B86000002BC0F25984BBF1FF3F00F03E8556EA41
:10B87000080325F0800A00F034840A2E78F10003D2
:10B8800080F0EB84303601238DF8E7605546009355
:10B890000DF1E704009A9DF833305A45B8BF5A4677
:10B8A0009046002B00F0B78002F10108B3E018EEDB
:10B8B000101A18EE900A18EE105A00F023FE002815
:10B8C00040F0AC85AA8902F01A030A2B7FF402AF7C
:10B8D00018EE101AB1F90E30002BFFF6FBAE4B6ECE
:10B8E000DE0702D4950540F1778518EE101A18EEA0
:10B8F000900A23463A463BB0BDEC028BBDE8F04FC0
:10B9000000F0B2BD45F0100515F0200800F01281DE
:10B91000039E073626F007063346D6F8048053F810
:10B92000086B039325F4806A00234FF000028DF822
:10B930003320BBF1FF3F00F0D38156EA08022AF022
:10B94000800540F0CC81BBF1000F40F0D184002B8A
:10B9500040F0CC831AF00103009300F0FC83302305
:10B960008DF8E7300DF1E70494E7E51B1DD00F9B40
:10B97000109A01332A44072BC9E9007510920F93DE
:10B9800005DC09F10809029B2B440293BEE6002A5C
:10B9900000F0A38318EE101A18EE900A0EAAFFF713
:10B9A00029FE40B90DF14409EDE7109B002B40F052
:10B9B000248500230F9318EE102A536ED90740F107
:10B9C000AE8093895B0600F1328502983BB0BDECF6
:10B9D000028BBDE8F08FB2F90C108D0518EE103A0D
:10B9E0008AB23FF55DAE18EE105A986DFEF75AFB1D
:10B9F000B5F90C108AB253E6002BD6D08DF88430FE
:10BA00004FF001084FF000038DF83330CDF800807F
:10BA100021AC4FF0000B15F00203049318BF08F19E
:10BA2000020815F08403059305D1019BA3EB0806DA
:10BA3000002E00F37F82DDE90F21501C9DF833605A
:10BA40008EB10DF133020131C9F8002007284FF003
:10BA50000102CDE90F01C9F8042000F34C8202462F
:10BA600009F108090130049BEBB10DAB0231C9F8B3
:10BA7000003007284FF00203CDE90F01C9F8043068
:10BA800040F35382002900F0238318EE101A18EEB9
:10BA9000900A0EAAFFF7AEFD00288CD1DDE90F2138
:10BAA0000DF14409501C059B802B00F05A81009B2E
:10BAB000ABEB0306002E00F3BD81009BC9F80040EC
:10BAC00019440728CDE90F01C9F8043040F3468135
:10BAD000002900F0898218EE101A18EE900A0EAABA
:10BAE000FFF788FD00287FF466AF10990DF1440937
:10BAF000680705D5019BA3EB0804002C00F37E82A8
:10BB0000DDE901234245ACBF9B1843440293002961
:10BB100040F0E08100230F930DF14409E6E593899D
:10BB20009A053FF54FAF18EE104AA06DFEF7BCFA2C
:10BB3000A38947E715F0100340F03E8315F040025B
:10BB400000F0FD83039A52F8046B03929846B6B254
:10BB5000E8E656F8043B0396E80600F10883690618
:10BB600040F1028343F3C0381EB2434678E6039E99
:10BB700056F8044B4FF000038DF83330002C00F0E2
:10BB8000C583BBF1FF3F00F049835A4600212046A0
:10BB9000F4F746FF002800F02484031B009303966B
:10BBA0004FF0000B76E6039E4FF000038DF8333024
:10BBB0004FF0010856F8043B8DF884300396CDF819
:10BBC000008021AC25E700F0DBFD60E5039B53F826
:10BBD000042B0192002A80F2BA82019A0393524206
:10BBE00001923B7845F004059FE53B786C2B03BF41
:10BBF0007B7845F02005013745F0100595E53B7849
:10BC0000682B03BF7B7845F40075013745F040058C
:10BC10008BE545F0100A1AF0200800F06E82039EB2
:10BC2000073626F007063346D6F8048053F8086B2B
:10BC30000393012379E63B788DF8334075E5039B48
:10BC400053F8046B039330238DF8343078238DF848
:10BC50003530C24B069345F0020A4FF0000802232C
:10BC600063E6AE0600F19E82EC0600F147836806AB
:10BC700000F1A483A90540F14183039E029A56F87E
:10BC8000043B03961A7031E53B7845F001054CE51D
:10BC90009DF83330002B7FF4CEAD20238DF8333068
:10BCA0003B7842E53B7845F080053EE5394611F8A2
:10BCB000013B2A2B00F0C483A3F13002092A0F466E
:10BCC0004FF0000B3FF632AD17F8013B0BEB8B0B3F
:10BCD00002EB4B0BA3F13002092AF5D926E5AA465F
:10BCE000012B3FF4CAAD022B3AAC12D1069A06F0F2
:10BCF0000F033609D35C04F8013D46EA08764FEAA3
:10BD0000181856EA0803F2D13AAB1B1B55460093AC
:10BD1000C0E506F00703F60846EA48764FEAD80879
:10BD2000303356EA0801224604F8013DF1D11AF0F9
:10BD3000010FE9D0302BE7D03023023A04F8013C60
:10BD40003AAB9B1A554600931446A3E5009911940B
:10BD50000123129110910F930DF1440909F1080983
:10BD6000C6E6019BA3EB0806002E7FF7A0AE102EBF
:10BD700040F36283DFF8E8A15346CDE90445BA46B3
:10BD800018EE904A18EE105A084696461F4607E0ED
:10BD90000EF1020C09F108099646103E102E1FDD27
:10BDA0000EF1010210301023072ACDE90F20C9F847
:10BDB0000070C9F80430EBDD0EAA002800F0958071
:10BDC000294620460DF14409FFF714FC00287FF4B2
:10BDD000F2ADDDE90FE0103E102E0EF1010CDFDCBC
:10BDE000DDE904453B46014657469A463144BCF1DD
:10BDF000070FCDE90FC1C9F800A0C9F8046040F3EE
:10BE0000AD81002900F0CA8218EE101A18EE900ACF
:10BE10000EAAFFF7EFFB00287FF4CDAD009BDDE914
:10BE20000F21ABEB0306002E02F101000DF14409D6
:10BE30007FF743AE102EDFF828A137DD5346CDE95A
:10BE40000445BA4618EE904A18EE105A4FF0100BFF
:10BE5000084694461F4607E00CF1020E09F1080956
:10BE60009446103E102E1ADD0CF101021030072A04
:10BE7000C9E9007BCDE90F20EEDD0EAA20B32946EB
:10BE800020460DF14409FFF7B5FB00287FF493AD80
:10BE9000DDE90FC0103E102E0CF1010EE4DCDDE9EF
:10BEA00004453B460146574670469A4631440728AA
:10BEB000CDE90F01C9F800A0C9F8046000F3F280D1
:10BEC00009F108090130F8E54FF0010E84460DF143
:10BED0004409C6E718EE101A18EE900A0EAAFFF7EA
:10BEE00089FB00283FF416AE65E54FF0010C86464D
:10BEF0000DF1440951E7002900F0E78018EE101A0F
:10BF000018EE900A0EAAFFF775FB00287FF453ADD8
:10BF1000DDE90F210DF14409501CA4E502210DAB10
:10BF20001291119301200DF14409024609F108090B
:10BF3000501CB8E5102E40F35A82DDE90FC1DFF83E
:10BF400024A0CDF828B00B95A34618EE105A5446FD
:10BF5000102318EE90AA08460EE000BFE8D60008AD
:10BF6000BCD90008ACD900080CF1020E09F108098F
:10BF70009446103E102E1CDD0CF101021030072AF1
:10BF8000C9E90043CDE90F20EEDD0EAA30B3294602
:10BF900050460DF14409FFF72DFB00287FF40BAD4F
:10BFA000DDE90FC0103E102E0CF1010E4FF0100312
:10BFB000E2DCA2460B9D5C46DDF828B001467246E5
:10BFC0003144072ACDE90F21C9F800A0C9F804605F
:10BFD00000F3AB8009F10809501C2FE584464FF0AF
:10BFE000010E0DF14409C4E76C070F9152D5019B76
:10BFF000A3EB0804002C4DDD0DF14409102C40F397
:10C000000882DFF85CA40F9A0B46BB4649465746A8
:10C0100018EE109A18EE90AA102505E0901C083131
:10C020003246103C102C18DD561C1033072EC1E987
:10C030000075CDE90F63F1DD0EAA3BB349465046CA
:10C04000FFF7D8FA00287FF4B6ACDDE90F23103CE7
:10C05000102C02F1010011A9E6DC8946BA46194606
:10C060005F4621440728C9E900A4CDE90F017FF705
:10C0700047AD79B118EE101A18EE900A0EAAFFF724
:10C08000B9FA00287FF497AC109939E501201A46D7
:10C0900011A9C6E7DDE901234245ACBF9B18434423
:10C0A000029337E500293FF451AE18EE101A18EE4E
:10C0B000900A0EAAFFF79EFA00287FF47CAC0F9836
:10C0C000109901300DF14409F7E4049B002B79D15C
:10C0D00001200A460DF14409E5E40F920DF14409EF
:10C0E00051E4BBF1000F7FF4CDAB55464FF0000B90
:10C0F000CDF800B03AACFFF7CDBB1AF010033CD13D
:10C100001AF0400200F00C81039A52F8046B03927B
:10C110009846B6B2012308E42D2376428DF83330D9
:10C1200068EB4808AA46012303E400297FD018EEF3
:10C13000101A18EE900A0EAAFFF75CFA00287FF496
:10C140003AACDDE90F210DF14409501C76E403936C
:10C150003B78FFF7EABA3AACFFF79CBB09F1080954
:10C160000CF101006246A2E4AA0500F12F814FEA1A
:10C17000E3781E464346FFF773BB039B53F8046BFB
:10C1800003930123FFF7D1BB079B002B3FF453AB75
:10C19000079B1B78002B3FF44EAB3B7845F4806542
:10C1A000FFF7C3BADDE9021656F8042B0396CB1746
:10C1B000C2E90013FFF79ABA039B53F8046B039389
:10C1C000FFF7B0BB02210DAB129111930DF14409A1
:10C1D000ACE6A04A069215F0200836D0039E07363A
:10C1E00026F007063246D6F8048052F8086B039210
:10C1F000EA0709D556EA080206D08DF83530302313
:10C2000045F002058DF8343025F4806A0223FFF7EB
:10C210008CBBAA46FFE4904A0692DCE720460396D0
:10C22000F4F78EFB4FF0000B0090FFF733BB9DF847
:10C230003320002A00F0B88001200DF13302129063
:10C2400011920DF14409014609E415F0100242D0A3
:10C25000039A52F8046B0392CAE70AF48063CDF89C
:10C2600000B0CDF81090BB46DDF81C9000253AAC2C
:10C270001F4609E030464146F3F7C2FF0A2E78F127
:10C2800000031BD306468846304641460A22002357
:10C29000F3F7B6FF1146303104F8011C0A220023DF
:10C2A000013C0135002FE5D099F80010A942E1D1F9
:10C2B000FF2DDFD00A2E78F100035BD23AAB1B1BB7
:10C2C000CDF81C905F46DDF81090DDF800B00093CB
:10C2D0005546FFF7DFBA15F040013ED0039951F8FB
:10C2E000046B03919046B6B282E7AA46FFF7C5BA3F
:10C2F000012BAA467FF4F7ACFFF7C4BA039E029A5B
:10C3000056F8043B1A600396FFF7F0B95B46062B1C
:10C3100028BF0623514C009303969846FFF779BB3C
:10C32000039B1AF4007814BF53F8046B53F8046BA2
:10C3300003931CBF9046F6B20123FFF7F6BA039BA6
:10C3400015F4007814BF53F8046B53F8046B03938F
:10C350001CBF9046F6B2FFF7E5BA039A15F40078D1
:10C3600014BF52F8046B52F8046B03921CBF88464A
:10C37000F6B23DE7099B0899E41A1A462046FEF7F3
:10C3800051FD99F801300BB109F1010930464146E0
:10C390000A2200230025F3F733FF73E701200A4642
:10C3A0000DF14409FFF783BB049B002B7FF4B6AD6E
:10C3B0000A4601200DF14409FFF779BB039E029A5A
:10C3C00056F8043B03961A80FFF790B943F3C01860
:10C3D0005EB24346FFF744BA886DFDF765FEFFF78E
:10C3E00084BACDF800B003968346FFF753BA0F9A8C
:10C3F0001099DFF86CA00132E2E518EE101A18EE81
:10C40000900A0EAAFFF7F6F800283FF4D2AAFFF729
:10C41000D2BA0F98DFF848A0013022E66B6EDB0736
:10C4200005D4AB899F0502D4A86DFDF73DFE4FF002
:10C43000FF330293FFF7C9BADFF828A08446D5E49A
:10C44000039A7B780F4652F8041B039241EAE17B82
:10C45000FFF76BB9FCD60008E8D6000810D7000833
:10C46000ACD90008BCD9000870B50C468989ADF577
:10C470008E6D21F00201ADF81410616E1B91E189FF
:10C48000ADF81610E1690991616A0B911CA902913E
:10C4900006914FF4806106460491079118A8002187
:10C4A000CDE900320891FDF7F9FDDDE9003202A97E
:10C4B0003046FFF7DBF8051E07DB02A9304600F027
:10C4C0002BF9002818BF4FF0FF35BDF814305B067C
:10C4D00003D5A38943F04003A3811898FDF7E0FD3D
:10C4E00028460DF58E6D70BD49B1FF2A02D80A703D
:10C4F000012070478A2303604FF0FF3070470846E1
:10C50000704700BF38B5334B1B6805460C460BB16E
:10C510009A6B12B3B4F90C3018079AB225D5216979
:10C5200000292DD012F0010007D00020A060606922
:10C530004042A06139B1002038BD950758BF6069FD
:10C54000A0600029F7D1120658BF0846F4D543F081
:10C550004003A3814FF0FF3038BD184600F010F9BA
:10C56000B4F90C3018079AB2D9D4D1062AD552079B
:10C5700014D4216943F00803A3819AB20029D1D1D0
:10C5800002F42070B0F5007FCCD02146284600F0A0
:10C59000ADFBB4F90C3021699AB2C3E7216B51B1FC
:10C5A00004F14002914204D02846FDF76DFCB4F935
:10C5B0000C300022226321690022C4E9001223F01A
:10C5C0002403D7E7092243F040032A604FF0FF30ED
:10C5D000A38138BD7809002008B5062000F0F6FBDD
:10C5E0000120F7F7C5FA00BFB1F90C202DE9F041A1
:10C5F0000C461107804647D4636842F40062002B62
:10C60000A2815EDDA56A002D58D00023D8F8006015
:10C61000C8F8003093B212F4805256D10123E16978
:10C620004046A847431C67D0A389A56A5F0705D584
:10C630006368C01A236B0BB1E36BC01AE169024651
:10C6400000234046A847411C41D1D8F80030002BB8
:10C650003DD01D2B01D0162B56D1A3892269226013
:10C6600023F4006300216160A381216BC8F800609E
:10C6700021B304F14003994202D04046FDF704FC87
:10C6800000202063BDE8F0812669BEB193B2256821
:10C6900026609A070CBF63690023AD1BA3600BE003
:10C6A0002B463246E169676A4046B847B0F1000C54
:10C6B000A5EB0C05664417DD002DF1DC0020BDE87C
:10C6C000F081E36B002B9DDCF8E7206DAEE7B4F959
:10C6D0000C302269226023F40063A3810022DB0472
:10C6E0006260C2D52065C0E7A38943F040034FF0E4
:10C6F000FF30A381BDE8F081D8F80030002B93D043
:10C700001D2B06D0162B04D0A38943F04003A38130
:10C71000D5E7C8F80060D1E738B50C46054608B142
:10C72000836BA3B1B4F90C00B8B1636EDB0701D41D
:10C73000810515D528462146FFF756FF636EDA07B7
:10C74000054602D4A3899B050ED5284638BD00F0C6
:10C7500017F8B4F90C000028E7D10546284638BD83
:10C76000A06DFDF79FFCE5E7A06DFDF79DFC284659
:10C7700038BD00BF014900F095BA00BF21D00008C4
:10C780002DE9F04782463948FDF78CFCDAF838404D
:10C79000002C66D1DAF80450354ACAF83C2003234D
:10C7A000CAE9B843DFF8DC90DFF8DC80314F324E65
:10C7B00004230AF53B72CAF8E8222146C5E9024380
:10C7C000C5E90044C5E904446C660822AC6105F182
:10C7D0005C00FAF7CBFBC5E90759C5E90987EE62AA
:10C7E00005F15800FDF75AFCDAF80850234BEB60CE
:10C7F0002146C5E90044C5E904446C66AC60AC61FF
:10C80000082205F15C00FAF7B1FBC5E90759C5E953
:10C810000987EE6205F15800FDF740FCDAF80C508C
:10C82000174BEB602146C5E90044C5E904446C663A
:10C83000AC60AC61082205F15C00FAF797FB05F1EA
:10C840005800C5E90759C5E90A76C5F82480FDF7FF
:10C8500025FC0123CAF838300448BDE8F047FDF74D
:10C8600023BCBDE8F0470148FDF71EBC108900203D
:10C8700075C70008BDCE0008DDCE00080900010024
:10C880001200020059CE00087DCE00080148FDF7D5
:10C8900009BC00BF0C8900200148FDF705BC00BFA2
:10C8A0000C8900202DE9F04782B082468846144664
:10C8B000FEF71CFC012803D108F1FF33FE2B36D90B
:10C8C000424604F15C0301A9504600F063FB421CA0
:10C8D000064632D030B39DF804C00DF1050900259D
:10C8E00009E023685A1C226083F800C00135B54274
:10C8F00018D219F801CBA368013B002BA360F0DA32
:10C90000A769BB4261462246504602DBBCF10A0FD2
:10C91000E7D100F0E7FA431CE8D10646304602B002
:10C92000BDE8F0874646304602B0BDE8F0875FFAC2
:10C9300088FC8DF804C00646CFE7A389304643F053
:10C940004003A38102B0BDE8F08700BF30B5536E4D
:10C9500013F0010FB2F90C30144683B005469AB2B9
:10C9600001D198051CD5900406D4626E43F400539F
:10C9700042F40052A381626622462846FFF792FFE6
:10C98000636EDA07054602D4A3899B0502D52846C3
:10C9900003B030BDA06DFDF787FB284603B030BD66
:10C9A000A06D0191FDF77EFBB4F90C3001999AB2AC
:10C9B000D9E700BF9368002B00F085802DE9F04F88
:10C9C000B1F90C300C461907804683B0174698B26F
:10C9D00025D523691BB310F002033D682DD04FF01D
:10C9E000000ADFF8BCB25646B9465E4533465246A9
:10C9F00028BF5B464046002E52D0E169676AB847BF
:10CA0000002856DDD9F808301B1A8244361AC9F8B6
:10CA10000830002BE9D1002003B0BDE8F08F21469B
:10CA20004046FFF76FFD002840F03681B4F90C3026
:10CA30003D6898B210F00203D1D110F0010944D141
:10CA40004E46009746B38205D4F808B040F1838083
:10CA5000B3455A4600F2B28010F4906F40F0BF80A8
:10CA6000206801924946FEF75DFBA368019AA3EB9B
:10CA70000B012368A1601344B24623600026009B8B
:10CA80009868A0EB0A00D14498600028C3D0B4F99C
:10CA90000C0080B2002ED6D1D5E900960835D1E73A
:10CAA000D5E900A60835A0E721464046FFF734FE49
:10CAB00080B3B4F90C3043F040034FF0FF30A38152
:10CAC00003B0BDE8F08F002070471E46AA46994685
:10CAD00018461D46009756B388B34A46D4E9041356
:10CAE0002068B24228BF3246884205D9A16803EBCC
:10CAF000010B5A4500F3A680934263DCE169676A43
:10CB00002A464046B847B0F1000BD2DDB9EB0B091D
:10CB1000CAD00120009A9368A3EB0B035D44A6EBF7
:10CB20000B069360002B3FF476AF002ED4D10AF1B0
:10CB3000080353E902569A460833002EF9D03246CC
:10CB40000A212846F3F76CFF002800F09C80013092
:10CB5000A0EB0509C1E720682369984216D86369EC
:10CB6000B34213D86FF00042B24228BF3246E169A7
:10CB700092FBF3F2676A02FB03F340464A46B8476A
:10CB8000B0F1000A95DDA6EB0A0678E7B345DA4670
:10CB900028BFB24652464946FEF7C4FAA368226847
:10CBA000A3EB0A035244A3602260002BEBD1214681
:10CBB0004046FFF7B1FD0028E5D07AE72068B3468C
:10CBC00032464EE729460192FEF7ACFA019AA36875
:10CBD0009B1AA360236813442360934696E7236857
:10CBE0002169A3EB010B636903EB430A0AEBDA7AD1
:10CBF0000BF101034FEA6A0A33445345524684BF9E
:10CC00009A46524643052CD511464046FDF74EFA4A
:10CC100000283BD05A4621690190F3F773FCA289A2
:10CC2000019B22F4906242F08002A28103EB0B0090
:10CC30002361AAEB0B03C4F814A0A3602060B346E1
:10CC400032460EE729465A46FEF76CFA23685B44E3
:10CC5000236021464046FFF75FFD00283FF456AFB2
:10CC600027E74046FEF7DAFA03460028DED12169BD
:10CC70004046FDF709F9B4F90C300C2223F080038B
:10CC8000C8F8002017E7721C914627E70C22B4F978
:10CC90000C30C8F800200EE74FF0FF30BCE600BFB4
:10CCA00000FCFF7F2DE9F8430746884600F53876FB
:10CCB0004FF00009D6E90154013D11D4A389012B9D
:10CCC00005F1FF3508D9B4F90E300133214603D000
:10CCD0003846C04749EA00096B1C04F16804EDD1ED
:10CCE0003668002EE6D14846BDE8F8832DE9F041CC
:10CCF0008B890C46990796B008D504F143030122AD
:10CD0000C4E90432236016B0BDE8F081B4F90E1016
:10CD10000029064627DB6A4600F0E8F9002821DBF7
:10CD2000019D05F47045A5F50055B5FA85F54FF45C
:10CD300080686D094FF4006741463046FDF7B6F94B
:10CD4000B4F90C30F0B1204AF26343F08003C4F828
:10CD50001480A3812060206135BB3B43A38116B0C2
:10CD6000BDE8F081A38913F0800519D04FF0400889
:10CD700041463046FDF79AF90025B4F90C302F46AC
:10CD80000028E0D19A05BED423F0030304F1430246
:10CD900043F002030121C4E90421A3812260B2E728
:10CDA0004FF480682F46C7E7B4F90E10304600F004
:10CDB000B3F910B9B4F90C30CFE7A38923F003031A
:10CDC00043F001031BB2C8E775C7000838B5154B1F
:10CDD0001F281D6820D8D5F8DC22044662B152F81D
:10CDE00020304BB1012B15D0591C0FD0002542F833
:10CDF00020509847284638BD284600F02BF8224698
:10CE000001462846BDE8384000F00EB816232B60D6
:10CE1000012038BD002038BD16232B604FF0FF30B5
:10CE200038BD00BF7809002070B50C46084D034698
:10CE30000026204611461C462E60F6F791FE431C44
:10CE400000D070BD2B68002BFBD0236070BD00BFED
:10CE500048890020F6F782BE10B50C46B1F90E10D5
:10CE600000F082F9002803DB236D0344236510BD25
:10CE7000A38923F48053A38110BD00BF2DE9F041A5
:10CE80000C46B1F90C101F46CB05054616460BD4CF
:10CE900021F48051A1813B46B4F90E103246284658
:10CEA000BDE8F04100F094B8B4F90E10022300225E
:10CEB00000F044F9B4F90C10EAE700BF10B50C46D5
:10CEC000B1F90E1000F03AF9A389421C0EBF23F409
:10CED000805343F480532065A38110BDB1F90E1037
:10CEE00000F08CB8F8B50D461446064610B1836BB9
:10CEF000002B43D0B4F90C20A369A360170790B2AC
:10CF00001BD52369CBB1EDB281042F4622D522680F
:10CF10006169D31A994229DD0133A1680139A16001
:10CF2000511C2160157062699A422AD0A389DB07DF
:10CF300001D50A2D25D03846F8BD21463046FFF7E9
:10CF4000E1FA20BBB4F90C20236990B2EDB2810460
:10CF50002F46DCD442F40052A281626E616922F451
:10CF6000005262662268D31A9942D5DC21463046C7
:10CF7000FFF7D2FB58B922680123CEE7FFF700FC88
:10CF8000B8E721463046FFF7C7FB0028D3D04FF063
:10CF9000FF37D0E770B5054684B01C4639B10B4E5B
:10CFA000D6F8E060B047431C09D004B070BD0A4613
:10CFB0000649D1F8E06001A9B047431CF5D1002231
:10CFC0008A2322602B6004B070BD00BFBC1100201A
:10CFD00038B50C46084D8446114620461A460023B3
:10CFE0002B606446F6F7D8FD431C00D038BD2B6893
:10CFF000002BFBD0236038BD4889002038B5074D91
:10D000000022044608462A60F6F7D4FD431C00D0EF
:10D0100038BD2B68002BFBD0236038BD4889002029
:10D0200070B500294BD006460C4610B1836B002B1F
:10D0300048D0636ED80734D5B4F90C30002B3ED0FD
:10D0400021463046FFF7D0FAE36A054633B1E1697D
:10D05000304698470028B8BF4FF0FF35A3891A061D
:10D060003BD4216B41B104F14003994202D03046D8
:10D07000FCF70AFF00232363616C21B13046FCF703
:10D0800003FF00236364FFF701FC636E0022DB07EC
:10D09000A28127D5A06DFDF703F8FFF7FDFB284619
:10D0A00070BDA3899905CBD4A06DFCF7FBFFB4F943
:10D0B0000C30002BC4D1656E15F0010508D0002599
:10D0C000284670BDFFF75CFB636ED807B4D4E8E771
:10D0D000A06DFCF7E9FF284670BD21693046FCF7DA
:10D0E000D3FEBEE7A06DFCF7DFFFD3E770B50C46BB
:10D0F000084D03460026204611461C462E60F6F7D2
:10D100005DFD431C00D070BD2B68002BFBD023605D
:10D1100070BD00BF4889002038B5074D0022044685
:10D1200008462A60F6F750FD431C00D038BD2B6836
:10D13000002BFBD0236038BD4889002038B50C4651
:10D14000084D8446114620461A4600232B6064464B
:10D15000F6F73CFD431C00D038BD2B68002BFBD0FC
:10D16000236038BD4889002038B50C46084D8446F8
:10D17000114620461A4600232B606446F6F7FEFC53
:10D18000431C00D038BD2B68002BFBD0236038BD7A
:10D1900048890020F8B500BFF8BC08BC9E4670471F
:0CD1A000F8B500BFF8BC08BC9E46704704
:10D1B00049444C4500000000594553004E4F0000C3
:10D1C0004F4E4C494E4500004F46464C494E450097
:10D1D0004D5554450000000052554E0053544154E3
:10D1E0005553204D4F44453D2573204155544F3DE7
:10D1F000257520414D503D257520465245513D2510
:10D200006C75204C4F434B3D2575204144433D25D3
:10D21000752C2575204F54523D2575204F5554507F
:10D2200055543D257520434F4D4D3D257520464FA6
:10D2300055543D2575205645523D25750D0A000073
:10D240004F4B20545241434B20444941470D0A0063
:10D250004F4B20545241434B0D0A00004F4B20418D
:10D2600055544F0D0A00000045525220414D500DBB
:10D270000A0000004F4B20414D500D0A00000000F5
:10D280004F4B20465245510D0A0000004552522096
:10D29000465245510D0A00004F4B2050484153451E
:10D2A0000D0A00004F4B2043414C0D0A00000000C6
:10D2B0004552522043414C0D0A0000004552522075
:10D2C000434F4D4D414E440D0A000000463230326E
:10D2D00036204C495353414A4F5553004D4F444516
:10D2E000000000004155544F0000000059204449FF
:10D2F00056000000434F444500000000465245518F
:10D3000000000000485A00004C4F434B0000000052
:10D310004F545200414443002D0000004650474105
:10D3200000000000303A315820313A393020323A8A
:10D33000325820333A410000663230323600000065
:10D340004449414700000000434952434C45000016
:10D35000444F55424C45000040D3000848D30008D4
:10D3600050D30008020406084632303236205245B7
:10D370004144590D0A000000200900005354415453
:10D3800055530000425950415353000054524143F9
:10D390004B000000414D50005048415345000000F3
:10D3A00043414C00455252204C454E4754480D0ACB
:10D3B00000000000001002402000000000100240A9
:10D3C00010000000001002400800000000100240A1
:10D3D00004000000000802400400000000080240B1
:10D3E00008000000000000000000005F00000007CF
:10D3F000000700147F147F14242A7F2A12231308A5
:10D40000646236495522500005030000001C224189
:10D41000000041221C0014083E081408083E0808B9
:10D420000050300000080808080800606000002074
:10D43000100804023E5149453E00427F40004261CF
:10D440005149462141454B311814127F102745455B
:10D4500045393C4A49493001710905033649494972
:10D4600036064949291E00363600000056360000AF
:10D470000814224100141414141400412214080248
:10D4800001510906324979413E7E1111117E7F49D1
:10D490004949363E414141227F4141221C7F494951
:10D4A00049417F090909013E4149497A7F08080835
:10D4B0007F00417F41002040413F017F081422410D
:10D4C0007F404040407F020C027F7F0408107F3E77
:10D4D0004141413E7F090909063E4151215E7F09D4
:10D4E000192946464949493101017F01013F404020
:10D4F000403F1F2040201F3F4038403F6314081426
:10D5000063070870080761514945430002000000A5
:10D510000000000000000000000000000400000007
:10D5200000000000000000000000000008000000F3
:10D5300000000000000000000000000010000000DB
:10D5400000000000000000000000000020000000BB
:10D55000000000000000000000000000400000008B
:10D56000000000000000000000000000800000003B
:10D5700000000000000000000000000000010000AA
:10D58000000000000800000010000000180000006B
:10D5900020000000280000003000000038000000DB
:10D5A0000006101600061016000000000000000023
:10D5B0000102030406070809000000000102030439
:10D5C000546D725100000000546D72205376630058
:10D5D0000020202020202020202028282828282043
:10D5E000202020202020202020202020202020203B
:10D5F00020881010101010101010101010101010A3
:10D600001004040404040404040404101010101092
:10D61000101041414141414101010101010101015C
:10D6200001010101010101010101010110101010AE
:10D63000101042424242424202020202020202022E
:10D640000202020202020202020202021010101082
:10D6500020000000000000000000000000000000AA
:10D6600000000000000000000000000000000000BA
:10D6700000000000000000000000000000000000AA
:10D68000000000000000000000000000000000009A
:10D69000000000000000000000000000000000008A
:10D6A000000000000000000000000000000000007A
:10D6B000000000000000000000000000000000006A
:10D6C000000000000000000000000000000000005A
:10D6D0000000000080090020494E4600696E660087
:10D6E0004E414E006E616E00303132333435363784
:10D6F000383961626364656600000000303132339E
:10D70000343536373839414243444546000000003D
:10D71000286E756C6C29000030000000202020204D
:10D7200020202020202020202020202030303030B9
:10D730003030303030303030303030304E614E00AC
:10D74000496E66696E6974790000000042616C6C14
:10D750006F63207375636365656465640000000032
:10D760002F6D6E742F776F726B73706163652F7797
:10D770006F726B73706163652F4743432D31302D9A
:10D78000706970656C696E652F6A656E6B696E7322
:10D790002D4743432D31302D706970656C696E657E
:10D7A0002D3333385F32303231313031385F3136FA
:10D7B00033343531363230332F7372632F6E6577E1
:10D7C0006C69622F6E65776C69622F6C6962632F7A
:10D7D0007374646C69622F64746F612E630000005F
:10D7E0002F6D6E742F776F726B73706163652F7717
:10D7F0006F726B73706163652F4743432D31302D1A
:10D80000706970656C696E652F6A656E6B696E73A1
:10D810002D4743432D31302D706970656C696E65FD
:10D820002D3333385F32303231313031385F313679
:10D8300033343531363230332F7372632F6E657760
:10D840006C69622F6E65776C69622F6C6962632FF9
:10D850007374646C69622F6D707265632E6300006F
:10D860000080E03779C34143176E05B5B5B89346DC
:10D87000F5F93FE9034F384D321D30F94877825AA8
:10D880003CBF737FDD4F1575000000000000F03FC6
:10D89000000000000000244000000000000059408B
:10D8A0000000000000408F40000000000088C340DE
:10D8B00000000000006AF8400000000080842E4153
:10D8C00000000000D01263410000000084D797419F
:10D8D0000000000065CDCD41000000205FA00242A5
:10D8E000000000E876483742000000A2941A6D421A
:10D8F000000040E59C30A2420000901EC4BCD6420D
:10D9000000003426F56B0C430080E03779C34143B7
:10D9100000A0D8855734764300C84E676DC1AB432D
:10D92000003D9160E458E143408CB5781DAF15444B
:10D9300050EFE2D6E41A4B4492D54D06CFF0804426
:10D94000F64AE1C7022DB544B49DD9794378EA443B
:10D9500005000000190000007D0000002C20667505
:10D960006E6374696F6E3A20000000006173736526
:10D970007274696F6E2022257322206661696C655E
:10D98000643A2066696C6520222573222C206C691C
:10D990006E65202564257325730A0000430000008E
:10D9A000504F5349580000002E0000002020202036
:10D9B0002020202020202020202020203030303027
:0CD9C0003030303030303030303030301B
:08D9CC006428FF7F0100000048
:08D9D400358D0008E501000893
:04D9DC00C10100087D
:10D9E0000000030D1A263300E803000000000000C9
:10D9F0000000000000000000000000000000000027
:10DA00000000000000000000000000000000000016
:10DA10000000000000000000A01600200000000030
:10DA200000000000000000000000000000000000F6
:10DA300000000000000000000000000000000000E6
:10DA400000000000000000000000000000000000D6
:10DA500000000000000000000000000000000000C6
:10DA600000000000000000000000000000000000B6
:10DA700000000000000000000000000000000000A6
:10DA80000000000000000000000000000000000096
:10DA90000000000000000000000000000000000086
:10DAA0000000000000000000000000000000000076
:10DAB0000000000000000000000000000000000066
:10DAC0000000000000000000000000000000000056
:10DAD0000000000000000000000000000000000046
:10DAE0000000000000000000000000000000000036
:10DAF0000000000000000000000000000000000026
:10DB00000000000000000000000000000000000015
:10DB10000000000000000000000000000000000005
:10DB200000000000000000000000000000000000F5
:10DB300000000000000000000000000000000000E5
:10DB400000000000000000000000000000000000D5
:10DB500000000000000000000000000000000000C5
:10DB600000000000000000000000000000000000B5
:10DB700000000000000000000000000000000000A5
:10DB80000000000000000000000000000000000095
:10DB90000000000000000000000000000000000085
:10DBA0000000000000000000000000000000000075
:10DBB0000000000000000000000000000000000065
:10DBC0000000000000000000000000000000000055
:10DBD0000000000000000000000000000000000045
:10DBE0000000000000000000000000000000000035
:10DBF0000000000000000000000000000000000025
:10DC00000000000000000000000000000000000014
:10DC10000000000000000000000000000000000004
:10DC200000000000000000000000000000000000F4
:10DC300000000000000000000000000000000000E4
:10DC400000000000000000000000000000000000D4
:10DC500000000000000000000000000000000000C4
:10DC600000000000000000000000000000000000B4
:10DC700000000000000000000000000000000000A4
:10DC80000000000000000000000000000000000094
:10DC90000000000000000000000000000000000084
:10DCA0000000000000000000000000000000000074
:10DCB0000000000000000000000000000000000064
:10DCC0000000000000000000000000000000000054
:10DCD0000000000000000000000000000000000044
:10DCE0000000000000000000000000000000000034
:10DCF0000000000000000000000000000000000024
:10DD00000000000000000000000000000000000013
:10DD10000000000000000000000000000000000003
:10DD2000000000000C000000E816002000000000C9
:10DD300000000000000000000000000000000000E3
:10DD400000000000000000000000000000000000D3
:10DD500000000000000000000000000000000000C3
:10DD600000000000000000000000000000000000B3
:10DD700000000000000000000000000000000000A3
:10DD80000000000000000000000000000000000093
:10DD90000000000000000000000000000000000083
:10DDA0000000000000000000000000000000000073
:10DDB0000000000000000000000000000000000063
:10DDC0000000000000000000000000000000000053
:10DDD0000000000000000000000000000000000043
:10DDE0000000000000000000000000000000000033
:10DDF0000000000000000000000000000000000023
:10DE00000000000000000000000000000000000012
:10DE10000000000000000000000000000000000002
:10DE200000000000000000000000000000000000F2
:10DE300000000000000000000000000000000000E2
:10DE400000000000000000000000000000000000D2
:10DE500000000000000000000000000000000000C2
:10DE600000000000000000000000000000000000B2
:10DE700000000000000000000000000000000000A2
:10DE80000000000000000000000000000000000092
:10DE90000000000000000000000000000000000082
:10DEA0000000000000000000000000000000000072
:10DEB0000000000000000000000000000000000062
:10DEC0000000000000000000000000000000000052
:10DED0000000000000000000000000000000000042
:10DEE0000000000000000000000000000000000032
:10DEF0000000000000000000000000000000000022
:10DF00000000000000000000000000000000000011
:10DF10000000000000000000000000000000000001
:10DF200000000000000000000000000000000000F1
:10DF300000000000000000000000000000000000E1
:10DF400000000000000000000000000000000000D1
:10DF500000000000000000000000000000000000C1
:10DF600000000000000000000000000000000000B1
:10DF700000000000000000000000000000000000A1
:10DF80000000000000000000000000000000000091
:10DF90000000000000000000000000000000000081
:10DFA0000000000000000000000000000000000071
:10DFB0000000000000000000000000000000000061
:10DFC0000000000000000000000000000000000051
:10DFD0000000000000000000000000000000000041
:10DFE0000000000000000000000000000000000031
:10DFF0000000000000000000000000000000000021
:10E000000000000000000000000000000000000010
:10E010000000000000000000000000000000000000
:10E0200000000000000000000000000000000000F0
:10E030000000000030170020000000000000000079
:10E0400000000000000000000000000000000000D0
:10E0500000000000000000000000000000000000C0
:10E0600000000000000000000000000000000000B0
:10E0700000000000000000000000000000000000A0
:10E080000000000000000000000000000000000090
:10E090000000000000000000000000000000000080
:10E0A0000000000000000000000000000000000070
:10E0B0000000000000000000000000000000000060
:10E0C0000000000000000000000000000000000050
:10E0D0000000000000000000000000000000000040
:10E0E0000000000000000000000000000000000030
:10E0F0000000000000000000000000000000000020
:10E10000000000000000000000000000000000000F
:10E1100000000000000000000000000000000000FF
:10E1200000000000000000000000000000000000EF
:10E1300000000000000000000000000000000000DF
:10E1400000000000000000000000000000000000CF
:10E1500000000000000000000000000000000000BF
:10E1600000000000000000000000000000000000AF
:10E17000000000000000000000000000000000009F
:10E18000000000000000000000000000000000008F
:10E19000000000000000000000000000000000007F
:10E1A000000000000000000000000000000000006F
:10E1B000000000000000000000000000000000005F
:10E1C000000000000000000000000000000000004F
:10E1D000000000000000000000000000000000003F
:10E1E000000000000000000000000000000000002F
:10E1F000000000000000000000000000000000001F
:10E20000000000000000000000000000000000000E
:10E2100000000000000000000000000000000000FE
:10E2200000000000000000000000000000000000EE
:10E2300000000000000000000000000000000000DE
:10E2400000000000000000000000000000000000CE
:10E2500000000000000000000000000000000000BE
:10E2600000000000000000000000000000000000AE
:10E27000000000000000000000000000000000009E
:10E28000000000000000000000000000000000008E
:10E29000000000000000000000000000000000007E
:10E2A000000000000000000000000000000000006E
:10E2B000000000000000000000000000000000005E
:10E2C000000000000000000000000000000000004E
:10E2D000000000000000000000000000000000003E
:10E2E000000000000000000000000000000000002E
:10E2F000000000000000000000000000000000001E
:10E30000000000000000000000000000000000000D
:10E3100000000000000000000000000000000000FD
:10E3200000000000000000000000000000000000ED
:10E3300000000000000000000000000000000000DD
:10E340000C00000001000000100000000024F40098
:10E3500004000000AAAAAAAA800900200000000068
:10E36000000000006C0C0020D40C00203C0D0020AC
:10E37000000000000000000000000000000000009D
:10E38000000000000000000000000000000000008D
:10E39000000000000000000000000000000000007D
:10E3A000000000000000000000000000000000006D
:10E3B000000000000000000000000000000000005D
:10E3C000000000000000000000000000000000004D
:10E3D000000000000000000000000000000000003D
:10E3E000000000000000000000000000000000002D
:10E3F000000000000000000000000000000000001D
:10E40000000000000000000001000000000000000B
:10E410000E33CDAB34126DE6ECDE05000B000000D0
:10E4200000000000000000000000000000000000EC
:10E4300000000000000000000000000000000000DC
:10E4400000000000000000000000000000000000CC
:10E4500000000000000000000000000000000000BC
:10E4600000000000000000000000000000000000AC
:10E47000000000000000000000000000000000009C
:10E48000000000000000000000000000000000008C
:10E49000000000000000000000000000000000007C
:10E4A000000000000000000000000000000000006C
:10E4B000000000000000000000000000000000005C
:10E4C000000000000000000000000000000000004C
:10E4D000000000000000000000000000000000003C
:10E4E000000000000000000000000000000000002C
:10E4F000000000000000000000000000000000001C
:10E50000000000000000000000000000000000000B
:10E5100000000000000000000000000000000000FB
:10E5200000000000000000000000000000000000EB
:10E5300000000000000000000000000000000000DB
:10E5400000000000000000000000000000000000CB
:10E5500000000000000000000000000000000000BB
:10E5600000000000000000000000000000000000AB
:10E57000000000000000000000000000000000009B
:10E58000000000000000000000000000000000008B
:10E59000000000000000000000000000000000007B
:10E5A000000000000000000000000000000000006B
:10E5B000000000000000000000000000000000005B
:10E5C000000000000000000000000000000000004B
:10E5D000000000000000000000000000000000003B
:10E5E000000000000000000000000000000000002B
:10E5F000000000000000000000000000000000001B
:10E60000000000000000000000000000000000000A
:10E6100000000000000000000000000000000000FA
:10E6200000000000000000000000000000000000EA
:10E6300000000000000000000000000000000000DA
:10E6400000000000000000000000000000000000CA
:10E6500000000000000000000000000000000000BA
:10E6600000000000000000000000000000000000AA
:10E67000000000000000000000000000000000009A
:10E68000000000000000000000000000000000008A
:10E69000000000000000000000000000000000007A
:10E6A000000000000000000000000000000000006A
:10E6B000000000000000000000000000000000005A
:10E6C000000000000000000000000000000000004A
:10E6D000000000000000000000000000000000003A
:10E6E000000000000000000000000000000000002A
:10E6F000000000000000000000000000000000001A
:10E700000000000000000000000000000000000009
:10E7100000000000000000000000000000000000F9
:10E7200000000000000000000000000000000000E9
:10E7300000000000000000000000000000000000D9
:10E7400000000000000000000000000000000000C9
:10E7500000000000000000000000000000000000B9
:10E7600000000000000000000000000000000000A9
:10E770000000000000000000000000000000000099
:10E7800000000000000000000489002000000000DC
:10E7900000000000AC0D0020AC0D0020B40D0020E6
:10E7A000B40D0020BC0D0020BC0D0020C40D0020C5
:10E7B000C40D0020CC0D0020CC0D0020D40D002075
:10E7C000D40D0020DC0D0020DC0D0020E40D002025
:10E7D000E40D0020EC0D0020EC0D0020F40D0020D5
:10E7E000F40D0020FC0D0020FC0D0020040E002084
:10E7F000040E00200C0E00200C0E0020140E002031
:10E80000140E00201C0E00201C0E0020240E0020E0
:10E81000240E00202C0E00202C0E0020340E002090
:10E82000340E00203C0E00203C0E0020440E002040
:10E83000440E00204C0E00204C0E0020540E0020F0
:10E84000540E00205C0E00205C0E0020640E0020A0
:10E85000640E00206C0E00206C0E0020740E002050
:10E86000740E00207C0E00207C0E0020840E002000
:10E87000840E00208C0E00208C0E0020940E0020B0
:10E88000940E00209C0E00209C0E0020A40E002060
:10E89000A40E0020AC0E0020AC0E0020B40E002010
:10E8A000B40E0020BC0E0020BC0E0020C40E0020C0
:10E8B000C40E0020CC0E0020CC0E0020D40E002070
:10E8C000D40E0020DC0E0020DC0E0020E40E002020
:10E8D000E40E0020EC0E0020EC0E0020F40E0020D0
:10E8E000F40E0020FC0E0020FC0E0020040F00207F
:10E8F000040F00200C0F00200C0F0020140F00202C
:10E90000140F00201C0F00201C0F0020240F0020DB
:10E91000240F00202C0F00202C0F0020340F00208B
:10E92000340F00203C0F00203C0F0020440F00203B
:10E93000440F00204C0F00204C0F0020540F0020EB
:10E94000540F00205C0F00205C0F0020640F00209B
:10E95000640F00206C0F00206C0F0020740F00204B
:10E96000740F00207C0F00207C0F0020840F0020FB
:10E97000840F00208C0F00208C0F0020940F0020AB
:10E98000940F00209C0F00209C0F0020A40F00205B
:10E99000A40F0020AC0F0020AC0F0020B40F00200B
:10E9A000B40F0020BC0F0020BC0F0020C40F0020BB
:10E9B000C40F0020CC0F0020CC0F0020D40F00206B
:10E9C000D40F0020DC0F0020DC0F0020E40F00201B
:10E9D000E40F0020EC0F0020EC0F0020F40F0020CB
:10E9E000F40F0020FC0F0020FC0F0020041000207A
:10E9F000041000200C1000200C1000201410002027
:10EA0000141000201C1000201C10002024100020D6
:10EA1000241000202C1000202C1000203410002086
:10EA2000341000203C1000203C1000204410002036
:10EA3000441000204C1000204C10002054100020E6
:10EA4000541000205C1000205C1000206410002096
:10EA5000641000206C1000206C1000207410002046
:10EA6000741000207C1000207C10002084100020F6
:10EA7000841000208C1000208C10002094100020A6
:10EA8000941000209C1000209C100020A410002056
:10EA9000A4100020AC100020AC100020B410002006
:10EAA000B4100020BC100020BC100020C4100020B6
:10EAB000C4100020CC100020CC100020D410002066
:10EAC000D4100020DC100020DC100020E410002016
:10EAD000E4100020EC100020EC100020F4100020C6
:10EAE000F4100020FC100020FC1000200411002075
:10EAF000041100200C1100200C1100201411002022
:10EB0000141100201C1100201C11002024110020D1
:10EB1000241100202C1100202C1100203411002081
:10EB2000341100203C1100203C1100204411002031
:10EB3000441100204C1100204C11002054110020E1
:10EB4000541100205C1100205C1100206411002091
:10EB5000641100206C1100206C1100207411002041
:10EB6000741100207C1100207C11002084110020F1
:10EB7000841100208C1100208C11002094110020A1
:10EB8000941100209C1100209C110020A411002051
:10EB9000A4110020FFFFFFFF00000200430000005F
:10EBA0000000000000000000000000000000000065
:10EBB0000000000000000000000000004300000012
:10EBC0000000000000000000000000000000000045
:10EBD00000000000000000000000000043000000F2
:10EBE0000000000000000000000000000000000025
:10EBF00000000000000000000000000043000000D2
:10EC00000000000000000000000000000000000004
:10EC100000000000000000000000000043000000B1
:10EC200000000000000000000000000000000000E4
:10EC30000000000000000000000000004300000091
:10EC400000000000000000000000000000000000C4
:10EC50000000000000000000000000004300000071
:10EC600000000000000000000000000000000000A4
:10EC7000000000000000000000000000E9C40008DF
:10EC8000F9B0000800000000D0D50008A8D900089D
:10EC9000B0D30008B0D30008B0D30008B0D3000848
:10ECA000B0D30008B0D30008B0D30008B0D3000838
:10ECB000B0D30008FFFFFFFFFFFFFFFFFFFFFFFFD5
:10ECC000FFFF0000010041534349490000000000DC
:10ECD0000000000000000000000000000000000034
:10ECE00000000000000041534349490000000000BB
:10ECF0000000000000000000000000000000000014
:08ED000000000000000000000B
:0400000508003C159E
:00000001FF
